latitude,longitude,depth,magnitude,eq_rate_1d,eq_rate_7d,eq_rate_30d,erupting,time_to_eruption_hours
19.3052,-155.2292,6.11,1.92,0,0,0,0,47.685833333333335
19.3628,-155.17,3.05,2.14,1,1,1,0,47.274166666666666
19.3818,-155.2425,0.98,2.23,2,2,2,0,47.154444444444444
19.3442,-155.1575,8.63,2.25,3,3,3,0,46.57083333333333
19.3343,-155.0647,6.03,1.78,4,4,4,0,46.025
19.3493,-155.1777,8.05,1.63,5,5,5,0,42.56611111111111
19.3625,-155.182,2.73,2.05,6,6,6,0,41.745555555555555
19.3178,-155.2245,7.98,1.65,7,7,7,0,38.3775
19.3488,-155.1878,8.5,2.16,8,8,8,0,33.12916666666667
19.3648,-155.188,3.06,2.6,9,9,9,0,32.28777777777778
19.3613,-155.1892,3.24,1.84,10,10,10,0,32.14555555555555
19.5113,-155.3947,6.7,1.53,11,11,11,0,23.071944444444444
19.364,-155.1883,2.54,1.63,12,12,12,0,21.785
19.3265,-155.1355,7.07,1.51,13,13,13,0,17.22833333333333
19.356,-155.1478,6.11,2.77,14,14,14,0,16.188333333333333
19.3402,-155.1633,6.52,1.56,15,15,15,0,14.884722222222223
19.2843,-155.367,4.72,2.2,16,16,16,0,13.8825
19.3615,-155.1863,2.73,1.84,17,17,17,0,13.364166666666666
19.3688,-155.1763,2.32,2.84,18,18,18,0,12.866388888888888
19.3688,-155.1728,2.71,1.7,19,19,19,0,12.772222222222222
19.359,-155.1655,1.65,2.84,20,20,20,0,12.1875
19.3718,-155.1652,4.01,1.52,21,21,21,0,11.686111111111112
19.3695,-155.1693,3.5,1.53,22,22,22,0,11.364166666666666
19.3708,-155.1647,3.58,1.57,23,23,23,0,11.030833333333334
19.3715,-155.162,3.51,1.57,24,24,24,0,10.94361111111111
19.3708,-155.157,3.84,1.52,25,25,25,0,10.436944444444444
19.3683,-155.1537,3.57,1.53,26,26,26,0,10.304444444444444
19.3697,-155.1547,4.0,1.6,27,27,27,0,10.294722222222223
19.37,-155.1675,3.87,1.54,28,28,28,0,9.73638888888889
19.3712,-155.1515,3.61,1.87,29,29,29,0,9.382222222222222
19.3752,-155.1533,3.88,1.91,30,30,30,0,9.359722222222222
19.3737,-155.1498,3.77,1.6,31,31,31,0,9.343055555555555
19.3695,-155.149,3.9,1.7,32,32,32,0,9.318055555555556
19.37,-155.146,3.37,1.95,33,33,33,0,9.295
19.3692,-155.1625,3.37,1.53,34,34,34,0,9.228333333333333
19.3702,-155.1567,3.49,1.52,35,35,35,0,8.594166666666666
19.372,-155.154,3.23,1.55,36,36,36,0,8.478333333333333
19.3802,-155.1453,2.45,1.51,37,37,37,0,8.148333333333333
19.3743,-155.1408,2.77,2.82,38,38,38,0,8.108055555555556
19.3762,-155.1397,3.04,1.51,39,39,39,0,8.067777777777778
19.3765,-155.1418,3.33,1.82,40,40,40,0,8.052777777777777
19.3745,-155.1413,2.78,1.95,41,41,41,0,8.013055555555555
19.379,-155.153,3.92,1.65,42,42,42,0,7.8661111111111115
19.3752,-155.1443,3.44,1.91,43,43,43,0,7.754444444444444
19.37,-155.1548,4.09,1.74,44,44,44,0,7.680555555555555
19.3697,-155.1593,2.67,1.65,45,45,45,0,7.628888888888889
19.362,-155.1423,2.53,1.88,46,46,46,0,7.542777777777777
19.3693,-155.143,3.27,1.75,47,47,47,0,7.518888888888889
19.3632,-155.154,3.01,1.66,48,48,48,0,7.140555555555555
19.3632,-155.144,4.46,2.01,49,49,49,0,7.0575
19.3775,-155.1457,4.84,1.53,50,50,50,0,6.965277777777778
19.3635,-155.153,3.4,2.5,51,51,51,0,6.919722222222222
19.3795,-155.147,2.85,1.7,52,52,52,0,6.899166666666667
19.3757,-155.1485,3.42,1.78,53,53,53,0,6.601944444444444
19.3697,-155.1538,3.57,1.75,54,54,54,0,6.5625
19.3737,-155.1448,2.56,1.89,55,55,55,0,6.523055555555556
19.3678,-155.1435,1.76,1.9,56,56,56,0,6.436388888888889
19.4075,-155.179,0.5,1.77,57,57,57,0,6.4225
19.3565,-155.1122,2.22,1.61,58,58,58,0,6.306388888888889
19.369,-155.1738,3.34,1.58,59,59,59,0,5.832222222222223
19.3642,-155.1533,1.92,1.7,60,60,60,0,5.722777777777778
19.3795,-155.1523,3.23,1.53,61,61,61,0,5.518611111111111
19.379,-155.0907,2.39,2.54,62,62,62,0,4.904722222222222
19.3765,-155.169,3.55,1.59,63,63,63,0,4.751111111111111
19.3747,-155.143,2.9,1.58,64,64,64,0,4.7011111111111115
19.3908,-155.1287,3.58,1.82,65,65,65,0,4.695277777777778
19.3738,-155.1135,2.08,2.62,66,66,66,0,4.569166666666667
19.378,-155.1442,2.67,1.51,67,67,67,0,4.312222222222222
19.3088,-155.116,3.35,1.66,68,68,68,0,4.2219444444444445
19.3655,-155.1877,2.45,3.15,69,69,69,0,4.185833333333333
19.3642,-155.1552,0.95,1.53,70,70,70,0,4.143055555555556
19.3718,-155.142,2.32,1.52,71,71,71,0,3.577777777777778
19.3727,-155.1715,3.21,1.52,72,72,72,0,3.4819444444444443
19.3313,-155.208,7.24,1.58,73,73,73,0,2.7994444444444446
19.34,-155.059,8.39,2.69,74,74,74,0,2.709722222222222
19.3728,-155.17,3.32,1.52,75,75,75,0,2.3513888888888888
19.3337,-155.181,8.81,1.88,76,76,76,0,2.3044444444444445
19.3725,-155.1745,2.33,1.52,77,77,77,0,2.2022222222222223
19.371,-155.1498,3.31,1.52,78,78,78,0,2.187222222222222
19.2822,-155.0998,3.47,1.65,79,79,79,0,1.3255555555555556
19.382,-155.1577,2.47,1.6,80,80,80,0,1.115
19.3648,-155.1817,2.95,1.54,81,81,81,0,1.0491666666666666
19.3218,-155.0715,6.99,1.7,82,82,82,0,1.0091666666666668
19.3747,-155.1487,3.24,1.81,83,83,83,0,0.4836111111111111
19.3892,-155.1217,4.15,1.8,84,84,84,0,0.35583333333333333
19.3698,-155.1715,3.24,1.53,85,85,85,0,0.3388888888888889
19.3718,-155.1568,3.98,1.64,86,86,86,0,0.12583333333333332
19.3145,-155.2587,8.74,1.93,87,87,87,0,0.06666666666666667
19.3737,-155.1782,3.62,1.99,88,88,88,1,0.0
19.3785,-155.1497,3.45,1.51,89,89,89,1,0.0
19.3745,-155.1387,2.72,1.63,90,90,90,1,0.0
19.379,-155.1322,4.09,1.62,91,91,91,1,0.0
19.3665,-155.1515,3.75,1.76,92,92,92,1,0.0
19.3668,-155.1812,4.08,1.6,93,93,93,1,0.0
19.3848,-155.1252,3.77,1.65,94,94,94,1,0.0
19.3788,-155.1282,4.75,1.8,95,95,95,1,0.0
19.3345,-155.154,8.5,1.72,96,96,96,1,0.0
19.381,-155.1255,4.06,1.9,97,97,97,1,0.0
19.3848,-155.1205,4.1,1.97,98,98,98,1,0.0
19.3638,-155.1802,2.76,1.54,99,99,99,1,0.0
19.3755,-155.1442,3.45,1.99,100,100,100,1,0.0
19.3787,-155.1468,3.23,1.63,101,101,101,1,0.0
19.3787,-155.1453,3.07,1.64,102,102,102,1,0.0
19.3848,-155.126,3.11,1.52,103,103,103,1,0.0
19.3717,-155.1667,2.37,1.7,104,104,104,1,0.0
19.3907,-155.1162,2.34,1.64,105,105,105,1,0.0
19.38,-155.1297,3.55,1.7,106,106,106,1,0.0
19.3768,-155.163,2.93,1.54,107,107,107,1,0.0
19.3788,-155.1462,3.06,1.63,108,108,108,1,0.0
19.38,-155.1243,3.07,1.99,109,109,109,1,0.0
19.3737,-155.1432,2.98,1.82,110,110,110,1,0.0
19.3767,-155.1473,3.01,1.52,111,111,111,1,0.0
19.3772,-155.1482,2.72,1.51,112,112,112,1,0.0
19.3123,-155.1215,9.55,3.29,113,113,113,1,0.0
19.3015,-155.1158,7.61,1.99,114,114,114,1,0.0
19.3717,-155.179,2.3,2.57,115,115,115,1,0.0
19.3848,-155.1343,3.96,1.72,116,116,116,1,0.0
19.4002,-155.1965,3.81,1.57,117,117,117,1,0.0
19.3763,-155.1437,3.22,2.63,118,118,118,1,0.0
19.3617,-155.183,2.88,1.58,119,119,119,1,0.0
19.3058,-155.2508,8.18,1.95,120,120,120,1,0.0
19.388,-155.1243,3.86,1.66,121,121,121,1,0.0
19.3775,-155.146,3.3,2.07,122,122,122,1,0.0
19.3757,-155.145,3.95,1.99,123,123,123,1,0.0
19.375,-155.1433,2.52,1.77,124,124,124,1,0.0
19.3798,-155.1475,3.05,1.81,125,125,125,1,0.0
19.373,-155.1582,3.89,1.57,126,126,126,1,0.0
19.3845,-155.151,3.4,1.61,127,127,127,1,0.0
19.3555,-155.111,7.57,1.77,128,128,128,1,0.0
19.3757,-155.1437,3.18,1.92,129,129,129,1,0.0
19.3765,-155.1432,3.15,1.52,130,130,130,1,0.0
19.3782,-155.1435,3.44,1.67,131,131,131,1,0.0
19.3817,-155.1457,2.92,1.79,132,132,132,1,0.0
19.2922,-155.2103,4.92,1.74,133,133,133,1,0.0
19.3745,-155.1402,3.35,1.52,134,134,134,1,0.0
19.3837,-155.1233,3.43,1.6,135,135,135,1,0.0
19.3765,-155.1472,3.62,1.6,136,136,136,1,0.0
19.3777,-155.146,3.07,1.51,137,137,137,1,0.0
19.383,-155.1213,3.49,1.68,138,138,138,1,0.0
19.3848,-155.1245,3.34,1.67,139,139,139,1,0.0
19.3785,-155.1303,3.6,1.51,140,140,140,1,0.0
19.3815,-155.1413,2.74,1.51,141,141,141,1,0.0
19.3815,-155.1413,2.74,1.51,142,142,142,1,0.0
19.4393,-155.4683,7.9,2.73,143,143,143,1,0.0
19.4412,-155.4562,9.18,1.72,144,144,144,1,0.0
19.3872,-155.1282,3.45,1.8,145,145,145,1,0.0
19.3912,-155.1158,2.78,1.62,146,146,146,1,0.0
19.318,-155.2288,7.69,2.21,147,147,147,1,0.0
19.3785,-155.145,3.25,1.57,148,148,148,1,0.0
19.3252,-155.138,6.88,1.68,149,149,149,1,0.0
19.3857,-155.1107,3.33,1.6,150,150,150,1,0.0
19.322,-155.1387,12.33,1.8,151,151,151,1,0.0
19.3897,-155.1307,3.0,1.68,152,152,152,1,0.0
19.3793,-155.1388,2.82,1.59,153,153,153,1,0.0
19.3748,-155.1447,3.48,1.7,154,154,154,1,0.0
19.3185,-155.1422,5.94,1.77,155,155,155,1,0.0
19.4098,-155.289,1.44,1.83,156,156,156,1,0.0
19.394,-155.1173,2.49,1.58,157,157,157,1,0.0
19.3887,-155.121,3.53,1.72,158,158,158,1,0.0
19.2845,-155.1958,1.92,1.69,159,159,159,1,0.0
19.3803,-155.1292,3.47,1.51,160,160,160,1,0.0
19.3812,-155.1503,7.06,1.52,161,161,161,1,0.0
19.3802,-155.1308,3.1,1.72,162,162,162,1,0.0
19.383,-155.1208,3.48,1.83,163,163,163,1,0.0
19.4025,-155.281,4.58,1.74,164,164,164,1,0.0
19.4043,-155.2747,1.3,1.54,165,165,165,1,0.0
19.3387,-155.047,4.83,1.56,166,166,166,1,0.0
19.3755,-155.1505,3.72,1.66,167,167,167,1,0.0
19.3388,-155.0838,2.96,2.53,168,168,168,1,0.0
19.387,-155.1123,3.17,1.8,169,169,169,1,0.0
19.3515,-155.2208,15.92,1.78,170,170,170,1,0.0
19.3832,-155.038,6.66,1.74,171,171,171,1,0.0
19.3282,-155.1417,7.47,2.05,172,172,172,1,0.0
19.4022,-155.2823,2.55,1.62,173,173,173,1,0.0
19.3915,-155.0803,3.95,1.87,174,174,174,1,0.0
19.3902,-155.0987,2.86,1.73,175,175,175,1,0.0
19.2505,-155.1627,10.55,1.98,176,176,176,1,0.0
19.349,-155.0642,8.21,3.94,177,177,177,1,0.0
19.3465,-155.066,7.93,2.07,178,178,178,1,0.0
19.3605,-155.062,5.39,1.86,179,179,179,1,0.0
19.3442,-155.0603,8.22,2.71,180,180,180,1,0.0
19.3485,-155.0598,6.67,1.87,181,181,181,1,0.0
19.3442,-155.054,5.36,2.58,182,182,182,1,0.0
19.3425,-155.059,5.92,1.74,183,183,183,1,0.0
19.3608,-155.0703,4.43,1.65,184,184,184,1,0.0
19.3453,-155.0557,8.26,1.96,185,185,185,1,0.0
19.3385,-155.1165,8.72,2.04,186,186,186,1,0.0
19.3585,-155.0308,6.36,1.54,187,187,187,1,0.0
19.3485,-155.1103,6.83,1.55,188,188,188,1,0.0
19.4047,-155.0783,3.18,2.02,189,189,189,1,0.0
19.3575,-155.0425,6.82,1.72,190,190,190,1,0.0
19.336,-155.0422,6.07,1.83,191,191,191,1,0.0
19.4037,-155.1095,3.76,1.52,192,192,192,1,0.0
19.3715,-155.1,9.19,2.86,193,193,193,1,0.0
19.3545,-155.0432,7.55,1.85,194,194,194,1,0.0
19.3457,-155.1288,8.55,2.07,195,195,195,1,0.0
19.4468,-155.498,8.14,1.98,196,196,196,1,0.0
19.3947,-155.0823,3.76,1.52,197,197,197,1,0.0
19.4118,-155.0898,4.59,1.59,198,198,198,1,0.0
19.3362,-155.0667,4.89,2.03,199,199,199,1,0.0
19.3637,-155.0383,4.94,1.83,200,200,200,1,0.0
19.3277,-155.1152,6.82,1.63,201,201,201,1,0.0
19.3342,-155.129,8.79,1.56,202,202,202,1,0.0
19.3477,-155.0355,3.97,1.85,203,203,203,1,0.0
19.3847,-155.1132,3.56,1.89,204,204,204,1,0.0
19.3853,-155.1243,3.5,1.58,205,205,205,1,0.0
19.3235,-155.2257,7.42,1.65,206,206,206,1,0.0
19.2727,-155.3928,6.89,1.62,207,207,207,1,0.0
19.2748,-155.3923,6.49,1.75,208,208,208,1,0.0
19.3427,-155.051,4.92,1.62,209,209,209,1,0.0
19.3453,-155.0518,9.48,1.56,210,210,210,1,0.0
19.3118,-155.2577,8.92,2.23,211,211,211,1,0.0
19.3445,-155.0417,3.76,1.96,212,212,212,1,0.0
19.3397,-155.0522,4.11,1.52,213,213,213,1,0.0
19.357,-155.2193,14.61,1.57,214,214,214,1,0.0
19.356,-155.0407,3.08,2.01,215,215,215,1,0.0
19.3338,-155.2248,9.05,1.81,216,216,216,1,0.0
19.2795,-155.1255,8.82,1.54,217,217,217,1,0.0
19.327,-155.2288,7.42,1.93,218,218,218,1,0.0
19.3338,-155.2288,7.85,1.92,219,219,219,1,0.0
19.3703,-155.0358,8.27,2.49,220,220,220,1,0.0
19.3227,-155.0947,7.02,1.51,221,221,221,1,0.0
19.3605,-155.1103,5.46,1.53,222,222,222,1,0.0
19.3838,-155.121,3.36,1.53,223,223,223,1,0.0
19.3368,-155.0485,7.96,1.81,224,224,224,1,0.0
19.4263,-155.4153,7.82,1.79,225,225,225,1,0.0
19.328,-155.1923,8.96,1.6,226,226,226,1,0.0
19.3153,-155.2253,9.92,3.85,227,227,227,1,0.0
19.317,-155.2263,8.09,2.09,228,228,228,1,0.0
19.3857,-155.1152,3.19,1.71,229,229,229,1,0.0
19.3147,-155.2267,8.46,1.95,230,230,230,1,0.0
19.3912,-155.1253,3.85,1.55,231,231,231,1,0.0
19.3802,-155.129,3.28,1.51,232,232,232,1,0.0
19.3808,-155.1255,3.24,1.51,233,233,233,1,0.0
19.3987,-155.0853,2.97,1.79,234,234,234,1,0.0
19.3797,-155.1267,3.12,1.81,235,235,235,1,0.0
19.3463,-155.0498,5.49,2.58,236,236,236,1,0.0
19.3775,-155.132,3.34,1.51,237,237,237,1,0.0
19.3765,-155.1222,3.47,1.51,238,238,238,1,0.0
19.3855,-155.1262,2.67,1.8,239,239,239,1,0.0
19.371,-155.4022,10.29,1.71,240,240,240,1,0.0
19.3887,-155.1162,2.98,1.62,241,241,241,1,0.0
19.326,-155.1698,8.1,1.88,242,242,242,1,0.0
19.3825,-155.147,3.59,1.56,243,243,243,1,0.0
19.3755,-155.1493,3.74,1.52,244,244,244,1,0.0
19.4062,-155.2367,10.29,1.87,245,245,245,1,0.0
19.3865,-155.1133,2.65,1.62,246,246,246,1,0.0
19.4263,-155.4742,8.78,1.97,247,247,247,1,0.0
19.3473,-155.0507,6.13,1.8,248,248,248,1,0.0
19.3807,-155.1443,3.2,1.67,249,249,249,1,0.0
19.568,-155.4683,4.41,1.73,250,250,250,1,0.0
19.3873,-155.1175,3.05,1.69,251,251,251,1,0.0
19.3795,-155.145,2.76,1.57,252,252,252,1,0.0
19.3498,-155.0588,3.61,1.57,253,253,253,1,0.0
19.3885,-155.1152,3.02,1.65,254,254,254,1,0.0
19.3847,-155.1395,2.94,1.61,255,255,255,1,0.0
19.3172,-155.2285,7.42,1.67,256,256,256,1,0.0
19.3088,-155.226,8.63,2.46,257,257,257,1,0.0
19.3672,-155.019,0.03,1.64,258,258,258,1,0.0
19.3683,-155.1517,3.24,1.67,259,259,259,1,0.0
19.3923,-155.0952,3.21,1.57,260,260,260,1,0.0
19.375,-155.1443,3.16,1.78,261,261,261,1,0.0
19.3738,-155.1437,3.01,1.6,262,262,262,1,0.0
19.3905,-155.1163,3.14,1.8,263,263,263,1,0.0
19.3722,-155.1402,3.15,1.57,264,264,264,1,0.0
19.3648,-155.0073,9.05,2.69,265,265,265,1,0.0
19.3715,-155.0468,0.08,1.57,266,266,266,1,0.0
19.4068,-155.0738,3.43,1.85,267,267,267,1,0.0
19.4078,-155.0725,3.05,1.72,268,268,268,1,0.0
19.398,-155.088,3.89,1.79,269,269,269,1,0.0
19.4115,-155.0658,2.98,1.66,270,270,270,1,0.0
19.4042,-155.071,3.23,2.06,271,271,271,1,0.0
19.4118,-155.2805,1.96,1.76,272,272,272,1,0.0
19.4055,-155.0712,3.26,1.65,273,273,273,1,0.0
19.4077,-155.0765,3.13,1.78,274,274,274,1,0.0
19.404,-155.0735,3.0,1.74,275,275,275,1,0.0
19.3255,-155.1227,6.77,1.56,276,276,276,1,0.0
19.4005,-155.0737,4.85,1.67,277,277,277,1,0.0
19.3995,-155.0755,3.6,1.67,278,278,278,1,0.0
19.3537,-155.0738,7.78,1.84,279,279,279,1,0.0
19.4037,-155.071,3.0,2.01,280,280,280,1,0.0
19.3988,-155.0878,4.28,1.54,281,281,281,1,0.0
19.3577,-155.0342,2.0,2.14,282,282,282,1,0.0
19.3578,-155.0273,1.6,1.6,283,283,283,1,0.0
19.3983,-155.0872,3.82,1.81,284,284,284,1,0.0
19.4087,-155.0593,3.07,1.52,285,285,285,1,0.0
19.4053,-155.0747,3.31,1.61,286,286,286,1,0.0
19.41,-155.0588,3.37,1.75,287,287,287,1,0.0
19.4095,-155.0563,4.14,1.59,288,288,288,1,0.0
19.4453,-155.3003,5.26,2.81,289,289,289,1,0.0
19.411,-155.0607,4.79,1.59,290,290,290,1,0.0
19.41,-155.0592,2.08,1.59,291,291,291,1,0.0
19.4117,-155.0625,7.47,1.64,292,292,292,1,0.0
19.4095,-155.0615,4.95,1.69,293,293,293,1,0.0
19.4078,-155.0565,6.31,1.87,294,294,294,1,0.0
19.4113,-155.0557,3.17,1.68,295,295,295,1,0.0
19.408,-155.2733,2.54,1.79,296,296,296,1,0.0
19.405,-155.057,5.26,1.95,297,297,297,1,0.0
19.41,-155.0568,7.99,1.84,298,298,298,1,0.0
19.4087,-155.057,6.14,1.61,299,299,299,1,0.0
19.4017,-155.0608,4.05,1.87,300,300,300,1,0.0
19.3913,-155.0362,0.2,1.65,301,301,301,1,0.0
19.4095,-155.0613,7.18,1.6,302,302,302,1,0.0
19.4168,-155.0725,6.64,1.98,303,303,303,1,0.0
19.4095,-155.0585,6.69,1.85,304,304,304,1,0.0
19.3357,-155.0417,3.33,2.09,305,305,305,1,0.0
19.4083,-155.0853,4.03,1.76,306,306,306,1,0.0
19.4058,-155.0495,8.0,1.6,307,307,307,1,0.0
19.4068,-155.0483,3.29,1.61,308,308,308,1,0.0
19.4055,-155.2767,3.11,1.67,309,309,309,1,0.0
19.3985,-155.2665,3.09,2.55,310,310,310,1,0.0
19.412,-155.2785,2.22,1.51,311,311,311,1,0.0
19.4123,-155.0672,3.81,1.59,312,312,312,1,0.0
19.4228,-155.0662,3.3,1.84,313,313,313,1,0.0
19.4258,-155.0512,0.58,1.69,314,314,314,1,0.0
19.4058,-155.0935,4.7,1.54,315,315,315,1,0.0
19.4035,-155.0995,8.29,1.79,316,316,316,1,0.0
19.4132,-155.0572,3.55,1.74,317,317,317,1,0.0
19.4123,-155.0615,3.43,1.56,318,318,318,1,0.0
19.4122,-155.051,2.79,1.68,319,319,319,1,0.0
19.4125,-155.054,2.2,1.57,320,320,320,1,0.0
19.4108,-155.0667,4.76,1.63,321,321,321,1,0.0
19.419,-155.1598,4.11,2.26,322,322,322,1,0.0
19.4115,-155.0517,5.58,1.84,323,323,323,1,0.0
19.4098,-155.0643,3.61,1.63,324,324,324,1,0.0
19.4133,-155.0537,3.22,1.86,325,325,325,1,0.0
19.4123,-155.0567,2.61,1.9,326,326,326,1,0.0
19.345,-155.0655,4.29,1.63,327,327,327,1,0.0
19.4082,-155.0627,3.39,1.6,328,328,328,1,0.0
19.4097,-155.0685,3.03,1.65,329,329,329,1,0.0
19.413,-155.0518,3.61,1.68,330,330,330,1,0.0
19.4013,-155.0717,2.82,2.5,331,331,331,1,0.0
19.4048,-155.0722,3.31,1.71,332,332,332,1,0.0
19.4132,-155.2757,1.87,1.58,333,333,333,1,0.0
19.4075,-155.0728,3.19,1.73,334,334,334,1,0.0
19.4108,-155.0643,3.43,1.72,335,335,335,1,0.0
19.4072,-155.2827,2.56,1.84,336,336,336,1,0.0
19.4078,-155.0733,3.37,1.7,337,337,337,1,0.0
19.4112,-155.0803,3.62,2.04,338,338,338,1,0.0
19.4083,-155.0755,4.18,1.7,339,339,339,1,0.0
19.3923,-155.067,2.4,1.92,340,340,340,1,0.0
19.4105,-155.2787,2.83,2.61,341,341,341,1,0.0
19.4007,-155.0623,8.09,1.72,342,342,342,1,0.0
19.4077,-155.0587,2.44,1.6,343,343,343,1,0.0
19.4082,-155.0752,3.32,1.88,344,344,344,1,0.0
19.409,-155.2795,3.17,1.91,345,345,345,1,0.0
19.4137,-155.0577,3.0,1.52,346,346,346,1,0.0
19.3552,-155.067,9.62,1.59,347,347,347,1,0.0
19.409,-155.076,3.45,1.67,348,348,348,1,0.0
19.4058,-155.0728,3.26,2.63,349,349,349,1,0.0
19.405,-155.0698,3.11,1.58,350,350,350,1,0.0
19.4117,-155.0527,4.4,1.74,351,351,351,1,0.0
19.4073,-155.0718,3.29,2.11,352,352,352,1,0.0
19.4062,-155.077,3.69,1.69,353,353,353,1,0.0
19.3415,-155.0577,12.97,1.7,354,354,354,1,0.0
19.4173,-155.0493,0.79,1.65,355,355,355,1,0.0
19.3177,-155.2018,6.39,1.83,356,356,356,1,0.0
19.3385,-155.1998,9.63,1.71,357,357,357,1,0.0
19.4098,-155.068,2.77,1.65,358,358,358,1,0.0
19.3973,-155.0833,4.63,1.53,359,359,359,1,0.0
19.3965,-155.0707,3.66,1.68,360,360,360,1,0.0
19.3652,-155.0188,7.84,1.87,361,361,361,1,0.0
19.4025,-155.058,3.3,1.64,362,362,362,1,0.0
19.4067,-155.0717,3.65,1.88,363,363,363,1,0.0
19.305,-155.053,2.63,2.16,364,364,364,1,0.0
19.3697,-155.015,3.62,1.65,365,365,365,1,0.0
19.3497,-155.0538,5.12,1.71,366,366,366,1,0.0
19.4063,-155.0738,3.08,1.62,367,367,367,1,0.0
19.4063,-155.07,3.64,1.62,368,368,368,0,1148.9941666666666
19.3205,-155.1215,7.88,1.72,369,369,369,0,1148.3705555555555
19.3898,-155.0442,7.5,1.67,370,370,370,0,1146.7991666666667
19.339,-155.1123,7.5,1.58,371,371,371,0,1146.6825
19.4095,-155.0725,3.33,1.65,372,372,372,0,1146.485
19.4092,-155.0752,3.37,1.75,373,373,373,0,1146.4205555555557
19.4045,-155.0787,3.53,1.8,374,374,374,0,1145.5566666666666
19.3917,-155.0678,0.96,1.65,375,375,375,0,1145.5097222222223
19.3487,-155.0823,4.45,1.66,376,376,376,0,1144.9555555555555
19.3483,-155.0247,7.06,2.8,377,377,377,0,1144.5861111111112
19.4077,-155.0758,2.97,2.63,378,378,378,0,1144.4472222222223
19.4152,-155.2647,2.92,1.88,379,379,379,0,1142.5972222222222
19.3292,-155.1043,9.06,2.64,380,380,380,0,1142.3233333333333
19.3185,-155.1418,7.76,2.07,381,381,381,0,1142.0875
19.4017,-155.2632,2.92,2.06,382,382,382,0,1141.2833333333333
19.4125,-155.291,1.84,1.59,383,383,383,0,1140.9152777777779
19.3545,-155.0447,4.18,1.54,384,384,384,0,1139.6775
19.361,-155.037,6.18,1.77,385,385,385,0,1139.6672222222223
19.3713,-155.04,4.43,1.66,386,386,386,0,1139.6369444444445
19.3555,-155.0445,3.27,1.58,387,387,387,0,1138.245
19.3975,-155.081,5.39,1.52,388,388,388,0,1137.5738888888889
19.3507,-155.047,6.79,2.15,389,389,389,0,1137.5577777777778
19.352,-155.3008,2.02,1.59,390,390,390,0,1136.9463888888888
19.3933,-155.0303,6.4,1.76,391,391,391,0,1135.6283333333333
19.3562,-155.0417,5.11,1.72,392,392,392,0,1135.4655555555555
19.3462,-155.037,7.97,1.55,393,393,393,0,1132.326388888889
19.368,-155.0163,4.41,1.86,394,394,394,0,1132.2044444444443
19.319,-155.1455,5.4,1.6,395,395,395,0,1131.3725
19.3455,-155.0512,7.71,1.76,396,396,396,0,1129.2347222222222
19.3145,-155.2247,8.88,1.95,397,397,397,0,1127.5902777777778
19.3648,-155.0332,1.34,1.66,398,398,398,0,1124.5247222222222
19.328,-155.0453,5.49,1.88,399,399,399,0,1124.0677777777778
19.3708,-155.0487,0.49,1.76,400,400,400,0,1123.1155555555556
19.3512,-155.2918,1.93,1.59,401,401,401,0,1121.8516666666667
19.3188,-155.1647,7.05,1.73,402,402,402,0,1120.1977777777777
19.332,-155.2037,8.65,1.79,403,403,403,0,1118.6422222222222
19.3755,-155.1443,2.83,1.6,404,404,404,0,1112.0555555555557
19.361,-155.0295,4.58,1.96,405,405,405,0,1111.0052777777778
19.3585,-155.0268,5.58,1.97,406,406,406,0,1110.9819444444445
19.3753,-155.0225,3.34,1.82,407,407,407,0,1110.2969444444445
19.3697,-155.2897,25.63,1.52,408,408,408,0,1107.9816666666666
19.3352,-155.0722,5.3,1.74,409,409,409,0,1105.4430555555555
19.3688,-155.0327,7.25,1.54,410,410,410,0,1105.3922222222222
19.3268,-155.1432,6.17,1.55,411,411,411,0,1104.9047222222223
19.3542,-155.048,9.07,2.55,412,412,412,0,1103.2072222222223
19.313,-155.2195,6.17,1.6,413,413,413,0,1101.62
19.3492,-155.0695,5.13,1.59,414,414,414,0,1098.7758333333334
19.3577,-155.2775,25.76,2.07,415,415,415,0,1098.6877777777777
19.3747,-155.0283,3.88,1.66,416,416,416,0,1091.3766666666668
19.3483,-155.0548,5.03,1.65,417,417,417,0,1089.6191666666666
19.3392,-155.0565,8.38,1.59,418,418,418,0,1089.111111111111
19.375,-155.0432,7.98,2.0,419,419,419,0,1086.6483333333333
19.3567,-155.5063,9.62,1.54,420,420,420,0,1086.0991666666666
19.3097,-155.2217,8.11,1.8,421,421,421,0,1081.4452777777778
19.3213,-155.1467,7.33,1.67,422,422,422,0,1072.6080555555557
19.332,-155.2162,8.17,1.83,423,423,423,0,1069.1341666666667
19.3358,-155.2155,8.45,1.85,424,424,424,0,1068.3997222222222
19.3125,-155.2368,7.3,1.92,425,425,425,0,1060.7
19.3055,-155.2125,7.33,1.87,426,426,426,0,1056.068888888889
19.3368,-155.066,4.13,1.56,427,427,427,0,1055.1677777777777
19.3357,-155.1255,3.82,1.6,428,428,428,0,1054.2169444444444
19.352,-155.0437,3.38,1.67,429,429,429,0,1052.6255555555556
19.3305,-155.2257,7.43,1.51,430,430,430,0,1052.368888888889
19.3258,-155.1227,7.25,1.6,431,431,431,0,1050.4630555555555
19.3217,-155.187,8.89,2.02,432,432,432,0,1048.8977777777777
19.3795,-155.4478,9.75,1.67,433,433,433,0,1046.9266666666667
19.3288,-155.211,7.56,1.75,434,434,434,0,1042.806111111111
19.364,-155.0228,5.85,1.6,435,435,435,0,1038.08
19.3352,-155.2012,8.32,1.91,436,436,436,0,1032.5275
19.3313,-155.4368,29.08,1.68,437,437,437,0,1032.2058333333334
19.3738,-155.412,10.32,1.97,438,438,438,0,1031.7030555555555
19.3027,-155.2728,5.08,1.77,439,439,439,0,1028.2711111111112
19.388,-155.0277,3.35,1.6,440,440,440,0,1027.2752777777778
19.4302,-155.4078,8.68,1.91,441,441,441,0,1020.5061111111111
19.3232,-155.228,8.11,1.65,442,442,442,0,1020.3808333333334
19.4378,-155.4723,8.5,1.6,443,443,443,0,1020.1436111111111
19.2845,-155.2527,7.41,1.57,444,444,444,0,1017.7786111111111
19.2827,-155.259,11.06,2.89,445,445,445,0,1013.1236111111111
19.3268,-155.1337,6.3,1.53,446,446,446,0,1012.8452777777778
19.3352,-155.1563,7.2,1.66,447,447,447,0,1010.3044444444445
19.3273,-155.1825,9.13,1.7,448,448,448,0,1007.2830555555555
19.3455,-155.1325,9.45,1.7,449,449,449,0,999.8627777777778
19.3477,-155.0505,8.59,1.73,450,450,450,0,999.5547222222223
19.3557,-155.2867,1.53,2.81,451,451,451,0,994.8236111111111
19.3143,-155.2288,7.12,1.61,452,452,452,0,992.6172222222223
19.3652,-155.019,4.8,1.76,453,453,453,0,992.1969444444444
19.336,-155.0657,4.79,1.58,454,454,454,0,991.8497222222222
19.3427,-155.1533,11.44,1.66,455,455,455,0,991.7
19.3167,-155.1493,7.95,1.89,456,456,456,0,990.8355555555555
19.3462,-155.1328,8.2,1.71,457,457,457,0,990.0044444444444
19.3257,-155.1127,6.84,1.73,458,458,458,0,982.9869444444445
19.33,-155.1962,6.27,2.06,459,459,459,0,978.8202777777777
19.3327,-155.1372,8.6,1.87,460,460,460,0,977.5258333333334
19.3422,-155.1232,7.88,1.64,461,461,461,0,969.655
19.303,-155.2212,5.7,1.69,462,462,462,0,965.3313888888889
19.2982,-155.2155,5.75,1.73,463,463,463,0,965.0813888888889
19.3465,-155.2208,8.53,1.55,464,464,464,0,964.915
19.3152,-155.1475,5.79,1.72,465,465,465,0,964.7113888888889
19.362,-155.0318,6.88,1.68,466,466,466,0,962.6227777777777
19.3658,-155.0335,5.14,1.56,467,467,467,0,961.3925
19.31,-155.2337,6.14,1.62,468,468,468,0,951.0505555555555
19.3418,-155.0622,8.1,2.7,469,469,469,0,947.8652777777778
19.4577,-155.4412,14.29,2.07,470,470,470,0,945.5744444444445
19.3247,-155.151,6.06,1.58,471,471,471,0,943.0669444444444
19.3532,-155.1228,9.17,4.06,472,472,472,0,942.435
19.3442,-155.1237,8.3,2.33,473,473,473,0,942.2141666666666
19.3792,-155.3955,5.24,1.66,474,474,474,0,941.7975
19.3203,-155.1962,9.33,2.06,475,475,475,0,941.7666666666667
19.3277,-155.1002,6.78,1.52,476,476,476,0,937.2797222222222
19.3642,-155.5058,10.01,2.01,477,477,477,0,936.0647222222223
19.3233,-155.2352,8.44,2.19,478,478,478,0,931.5555555555555
19.334,-155.1748,6.89,1.87,479,479,479,0,924.48
19.341,-155.2195,8.09,1.6,480,480,480,0,922.7727777777778
19.3257,-155.1447,6.89,1.82,481,481,481,0,922.1402777777778
19.2268,-155.464,5.42,1.74,482,482,482,0,912.9852777777778
19.3297,-155.1295,6.61,2.05,483,483,483,0,911.6197222222222
19.3527,-155.0805,8.27,2.92,484,484,484,0,908.5166666666667
19.3265,-155.1688,7.21,1.83,485,485,485,0,906.3794444444444
19.3153,-155.2198,7.96,1.61,486,486,486,0,885.1069444444445
19.3263,-155.1362,7.96,2.53,487,487,487,0,884.9844444444444
19.3473,-155.0382,7.11,2.59,488,488,488,0,881.3133333333334
19.346,-155.0523,5.36,1.61,489,489,489,0,880.0105555555556
19.3705,-155.0145,6.66,1.87,490,490,490,0,876.9363888888889
19.3323,-155.175,7.92,1.93,491,491,491,0,875.4455555555555
19.3295,-155.1718,6.76,1.81,492,492,492,0,875.4327777777778
19.4122,-155.28,15.84,2.56,493,493,493,0,873.3747222222222
19.2803,-155.3692,7.06,2.04,494,494,494,0,871.2916666666666
19.3312,-155.135,8.96,1.99,495,495,495,0,867.4469444444444
19.3373,-155.1185,8.45,2.17,496,496,496,0,866.9725
19.3535,-155.04,6.81,2.8,497,497,497,0,866.2830555555555
19.3218,-155.1677,6.24,1.58,498,498,498,0,862.7644444444444
19.317,-155.2298,8.51,1.83,499,499,499,0,860.6927777777778
19.3238,-155.1657,8.16,2.36,500,500,500,0,859.7413888888889
19.3598,-155.0817,11.23,1.58,501,501,501,0,859.0136111111111
19.3013,-155.2143,8.93,1.93,502,502,502,0,857.5941666666666
19.2923,-155.2138,5.12,1.77,503,503,503,0,855.37
19.3622,-155.0402,6.44,1.76,504,504,504,0,854.4580555555556
19.3053,-155.2172,9.03,2.1,505,505,505,0,853.83
19.3517,-155.4152,8.96,2.16,506,506,506,0,842.3247222222222
19.352,-155.4162,9.39,1.54,507,507,507,0,841.2583333333333
19.3345,-155.1305,7.75,2.53,508,508,508,0,840.5027777777777
19.3072,-155.4645,0.03,2.28,509,509,509,0,840.0263888888888
19.3295,-155.2287,8.36,3.0,510,510,510,0,837.5166666666667
19.329,-155.1265,6.84,1.87,511,511,511,0,832.6058333333333
19.3578,-155.1237,7.0,2.59,512,512,512,0,829.2322222222223
19.2975,-155.3463,7.3,2.57,513,513,513,0,825.6236111111111
19.3747,-155.0077,3.78,1.82,514,514,514,0,823.2230555555556
19.3425,-155.0527,4.41,2.5,515,515,515,0,823.2075
19.2743,-155.3552,6.9,2.1,516,516,516,0,820.6361111111111
19.3313,-155.0868,5.26,1.53,517,517,517,0,817.4652777777778
19.3305,-155.17,7.48,1.61,518,518,518,0,808.3894444444444
19.3828,-155.032,7.63,2.42,519,519,519,0,807.8455555555555
19.3495,-155.2133,26.85,1.81,520,520,520,0,793.5811111111111
19.2783,-155.4005,5.2,1.51,521,521,521,0,783.2266666666667
19.3887,-155.4187,9.97,1.96,522,522,522,0,779.2241666666666
19.3175,-155.2255,8.68,2.21,523,523,523,0,774.6813888888889
19.3357,-155.185,8.09,1.8,524,524,524,0,774.315
19.3682,-155.0567,11.07,1.9,525,525,525,0,771.8116666666666
19.3783,-155.0595,12.19,3.35,526,526,526,0,771.7722222222222
19.3733,-155.059,10.93,1.92,527,527,527,0,771.2602777777778
19.3792,-155.0602,12.05,3.59,528,528,528,0,771.2202777777778
19.3733,-155.0548,10.38,2.31,529,529,529,0,771.1972222222222
19.3722,-155.061,12.57,1.51,530,530,530,0,771.1566666666666
19.3697,-155.0558,11.33,1.58,531,531,531,0,770.8880555555555
19.3712,-155.0577,11.9,1.69,532,532,532,0,769.3247222222222
19.4162,-155.4782,9.03,1.83,533,533,533,0,766.9969444444445
19.3563,-155.0303,9.74,4.47,534,534,534,0,763.9930555555555
19.3335,-155.1087,9.31,1.6,535,535,535,0,758.9205555555556
19.3153,-155.2293,7.77,1.54,536,536,536,0,757.0497222222223
19.357,-155.0333,9.64,1.54,537,537,537,0,751.0072222222223
19.3363,-155.1923,8.37,1.53,538,538,538,0,745.9063888888888
19.2095,-155.4582,6.62,1.97,539,539,539,0,735.0169444444444
19.2327,-155.4582,9.14,3.36,540,540,540,0,734.8588888888889
19.433,-155.4615,7.14,1.95,541,541,541,0,734.7066666666667
19.3618,-155.4992,8.07,1.72,542,542,542,0,734.5955555555555
19.3263,-155.1052,9.39,1.78,543,543,543,0,733.0488888888889
19.3642,-155.0303,6.48,1.72,544,544,544,0,728.0877777777778
19.3272,-155.111,7.96,1.87,545,545,545,0,724.2908333333334
19.3582,-155.1137,7.84,1.54,546,546,546,0,724.1275
19.3467,-155.189,7.48,2.26,547,547,547,0,723.0894444444444
19.333,-155.1107,7.35,2.55,548,548,548,0,722.1425
19.3442,-155.2213,8.52,2.28,549,549,549,0,718.9875
19.3645,-155.0417,8.77,2.38,550,550,550,0,718.7077777777778
19.3638,-155.0388,6.9,1.53,551,551,551,0,718.5591666666667
19.3743,-155.4218,10.89,3.46,552,552,552,0,694.0338888888889
19.28,-155.3562,5.44,1.72,553,553,553,0,692.3425
19.3725,-155.406,6.28,2.5,554,554,554,0,683.9291666666667
19.3368,-155.0613,5.4,1.86,555,555,555,0,679.5555555555555
19.3518,-155.035,8.52,1.85,556,556,556,0,679.3930555555555
19.3925,-155.2522,1.53,2.47,557,557,557,0,672.8569444444445
19.3967,-155.2538,1.72,2.24,558,558,558,0,670.1119444444445
19.3167,-155.1893,5.94,1.52,559,559,559,0,666.5402777777778
19.3663,-155.427,9.92,1.63,560,560,560,0,662.3038888888889
19.2985,-155.2197,5.6,1.52,561,561,561,0,662.2016666666667
19.3913,-155.4393,10.98,2.5,562,562,562,0,661.4455555555555
19.3353,-155.196,9.13,2.52,563,563,563,0,658.6177777777777
19.3687,-155.0802,7.45,2.13,564,564,564,0,651.4641666666666
19.3223,-155.176,8.67,1.59,565,565,565,0,626.4286111111111
19.3175,-155.1655,6.33,1.59,566,566,566,0,619.0636111111111
19.351,-155.0577,4.67,1.54,567,567,567,0,602.1219444444445
19.3218,-155.1932,7.14,1.59,568,568,568,0,597.1663888888888
19.3528,-155.0325,5.9,1.85,569,569,569,0,591.0269444444444
19.318,-155.1435,6.44,1.58,570,570,570,0,582.9969444444445
19.3448,-155.0562,8.26,1.56,571,571,571,0,581.3855555555556
19.3523,-155.0578,6.51,2.32,572,572,572,0,579.3525
19.3132,-155.2763,7.17,1.63,573,573,573,0,573.7216666666667
19.4493,-155.2752,24.42,2.62,574,574,574,0,573.4588888888889
19.3297,-155.1177,6.87,1.57,575,575,575,0,573.1205555555556
19.4658,-155.4515,10.76,2.69,576,576,576,0,559.1708333333333
19.3057,-155.465,0.03,2.61,577,577,577,0,551.3566666666667
19.343,-155.0487,6.3,2.95,578,578,578,0,547.4161111111111
19.36,-155.023,4.06,1.84,579,579,579,0,547.1736111111111
19.3383,-155.1403,6.5,1.86,580,580,580,0,546.9777777777778
19.3628,-155.0298,4.94,1.53,581,581,581,0,545.8386111111112
19.343,-155.0673,5.93,1.85,582,582,582,0,543.2380555555555
19.3192,-155.2307,7.49,1.91,583,583,583,0,540.9669444444445
19.3322,-155.109,9.83,3.51,584,584,584,0,522.2269444444445
19.3577,-155.0553,8.09,1.84,585,585,585,0,518.1233333333333
19.3735,-155.4728,3.9,1.66,586,586,586,0,517.3144444444445
19.2547,-155.3667,9.92,2.55,587,587,587,0,511.25805555555553
19.3303,-155.1958,7.53,1.58,588,588,588,0,499.0061111111111
19.3803,-155.5117,8.34,2.45,589,589,589,0,496.04305555555555
19.318,-155.2273,4.26,1.6,590,590,590,0,494.4922222222222
19.3133,-155.3418,7.75,1.79,591,591,591,0,480.2025
19.321,-155.259,8.56,2.08,592,592,592,0,477.6
19.3337,-155.0668,7.23,1.57,593,593,593,0,451.8408333333333
19.3393,-155.0595,8.72,2.07,594,594,594,0,440.82722222222225
19.2795,-155.5078,8.56,3.12,595,595,595,0,427.6463888888889
19.3697,-155.0252,8.07,2.6,596,596,596,0,427.4763888888889
19.3195,-155.259,8.37,2.44,597,597,597,0,423.07055555555553
19.3247,-155.1433,7.42,2.99,598,598,598,0,414.08416666666665
19.3573,-155.241,28.08,4.26,599,599,599,0,405.95416666666665
19.3648,-155.2383,26.74,1.93,600,600,600,0,405.8311111111111
19.3467,-155.0423,7.93,2.38,601,601,601,0,405.81138888888887
19.3642,-155.2388,27.28,1.77,602,602,602,0,405.38416666666666
19.3455,-155.0445,7.56,2.14,603,603,603,0,403.85805555555555
19.3627,-155.2428,27.92,2.72,604,604,604,0,402.6125
19.2855,-155.2733,6.02,1.97,605,605,605,0,383.47194444444443
19.346,-155.0502,6.95,1.85,606,606,606,0,378.35083333333336
19.363,-155.0283,7.94,1.84,607,607,607,0,374.1769444444444
19.3128,-155.2263,5.01,1.61,608,608,608,0,368.1116666666667
19.3783,-155.4083,10.5,2.86,609,609,609,0,356.53194444444443
19.3655,-155.3015,25.68,1.58,610,610,610,0,350.45166666666665
19.3317,-155.116,7.55,2.04,611,611,611,0,349.64194444444445
19.339,-155.1042,7.83,2.16,612,612,612,0,349.34305555555557
19.3407,-155.1135,6.96,1.86,613,613,613,0,348.57722222222225
19.3505,-155.0603,7.03,2.51,614,614,614,0,335.33944444444444
19.3498,-155.0613,6.88,1.82,615,615,615,0,335.1763888888889
19.3343,-155.142,7.26,1.57,616,616,616,0,329.8491666666667
19.3397,-155.2133,7.94,1.63,617,617,617,0,317.35833333333335
19.2787,-155.3708,7.11,2.34,618,618,618,0,316.5438888888889
19.2822,-155.369,6.38,1.52,619,619,619,0,316.52194444444444
19.359,-155.0527,7.95,2.02,620,620,620,0,310.8311111111111
19.3645,-155.0335,7.45,1.7,621,621,621,0,310.5275
19.3627,-155.016,3.7,1.83,622,622,622,0,306.82666666666665
19.2805,-155.3665,6.44,1.52,623,623,623,0,305.5686111111111
19.3472,-155.037,7.08,2.51,624,624,624,0,304.9602777777778
19.2805,-155.3955,2.08,1.9,625,625,625,0,293.8363888888889
19.272,-155.3725,7.01,2.32,626,626,626,0,289.37055555555554
19.3143,-155.2218,3.82,1.58,627,627,627,0,288.5419444444444
19.3327,-155.1963,7.89,1.58,628,628,628,0,274.4447222222222
19.3275,-155.114,7.24,1.87,629,629,629,0,271.20722222222224
19.3103,-155.2478,7.67,1.52,630,630,630,0,253.93527777777777
19.335,-155.1097,8.86,3.39,631,631,631,0,230.80166666666668
19.3222,-155.1877,5.02,1.67,632,632,632,0,229.21527777777777
19.3837,-155.4072,11.21,2.63,633,633,633,0,227.58166666666668
19.3265,-155.1408,7.41,2.58,634,634,634,0,220.0913888888889
19.3428,-155.2167,7.35,1.65,635,635,635,0,217.00555555555556
19.3268,-155.1257,8.69,2.99,636,636,636,0,210.89444444444445
19.3257,-155.122,8.18,2.55,637,637,637,0,210.8475
19.323,-155.1447,8.1,1.53,638,638,638,0,194.70388888888888
19.3302,-155.1287,7.89,1.63,639,639,639,0,187.03222222222223
19.3977,-155.463,10.12,1.69,640,640,640,0,185.44805555555556
19.332,-155.1637,7.97,1.65,641,641,641,0,185.4188888888889
19.3218,-155.1963,7.22,1.67,642,642,642,0,181.2697222222222
19.3473,-155.1007,6.65,2.15,643,643,643,0,180.71777777777777
19.3228,-155.1722,7.76,1.54,644,644,644,0,179.81055555555557
19.3077,-155.2193,9.12,2.22,645,645,645,0,179.56555555555556
19.3068,-155.2523,5.06,1.56,646,646,646,0,158.37
19.3598,-155.0178,7.98,2.69,647,647,647,0,135.8025
19.3542,-155.1332,9.14,2.25,648,648,648,0,135.31583333333333
19.4358,-155.4747,7.7,1.65,649,649,649,0,132.635
19.3415,-155.2177,8.77,2.06,650,650,650,0,127.35472222222222
19.4065,-155.4038,12.9,1.63,651,651,651,0,119.38972222222222
19.3317,-155.1222,8.66,3.55,652,652,652,0,115.91333333333333
19.3292,-155.1428,6.06,1.87,653,653,653,0,114.4075
19.4537,-155.4005,7.19,2.96,654,654,654,0,104.97027777777778
19.3177,-155.2232,6.54,1.56,655,655,655,0,94.17194444444445
19.3438,-155.0515,6.19,1.71,656,656,656,0,82.9661111111111
19.3255,-155.1162,6.35,1.57,657,657,657,0,75.72777777777777
19.322,-155.193,6.16,1.65,658,658,658,0,70.405
19.3352,-155.1785,7.98,2.05,659,659,659,0,53.77305555555556
19.3987,-155.0245,8.57,2.16,660,660,660,0,40.7625
19.3523,-155.5055,8.17,1.56,661,661,661,0,39.889722222222225
19.3413,-155.2155,8.99,2.53,662,662,662,0,17.596944444444443
19.3552,-155.045,8.51,1.56,663,663,663,0,0.6680555555555555
19.2858,-155.2198,5.24,1.94,664,664,664,1,0.0
19.2857,-155.2205,5.25,2.41,665,665,665,1,0.0
19.3232,-155.2053,4.75,1.59,666,666,666,1,0.0
19.307,-155.2578,6.69,1.74,667,667,667,1,0.0
19.3237,-155.1892,9.43,3.0,668,668,668,1,0.0
19.3515,-155.2187,8.21,1.87,669,669,669,1,0.0
19.3403,-155.2133,10.16,2.06,670,670,670,1,0.0
19.308,-155.2647,5.96,1.63,671,671,671,1,0.0
19.3248,-155.1425,7.26,1.58,672,672,672,1,0.0
19.3348,-155.1188,8.62,2.62,673,673,673,1,0.0
19.3265,-155.1417,6.02,1.63,674,674,674,1,0.0
19.3287,-155.1852,9.05,1.85,675,675,675,1,0.0
19.3288,-155.218,7.5,1.6,676,676,676,1,0.0
19.3332,-155.1965,7.69,1.69,677,677,677,1,0.0
19.3235,-155.2728,8.34,2.23,678,678,678,1,0.0
19.3315,-155.1813,6.25,1.51,679,679,679,1,0.0
19.3543,-155.0248,3.97,1.56,680,680,680,1,0.0
19.3735,-155.496,8.67,2.35,681,681,681,1,0.0
19.3592,-155.0447,8.17,2.14,682,682,682,1,0.0
19.3283,-155.1318,6.5,1.56,683,683,683,1,0.0
19.3073,-155.2225,7.77,1.7,684,684,684,1,0.0
19.4405,-155.4607,8.71,1.68,685,685,685,1,0.0
19.343,-155.2177,8.0,1.66,686,686,686,1,0.0
19.3175,-155.2602,9.27,2.23,687,687,687,1,0.0
19.3273,-155.0752,5.29,2.04,688,688,688,1,0.0
19.3467,-155.5107,6.53,1.54,689,689,689,1,0.0
19.313,-155.2202,5.93,2.31,690,690,690,1,0.0
19.326,-155.1342,7.42,1.66,691,691,691,1,0.0
19.2837,-155.2555,8.61,1.56,692,692,692,1,0.0
19.3537,-155.0408,7.97,2.85,693,693,693,1,0.0
19.3998,-155.4167,8.42,2.63,694,694,694,0,543.6638888888889
19.3602,-155.0523,8.46,3.54,695,695,695,0,542.5433333333333
19.35,-155.045,8.11,1.97,696,696,696,0,542.4047222222222
19.3308,-155.1398,9.15,2.62,697,697,697,0,539.6002777777778
19.37,-155.0357,6.37,1.69,698,698,698,0,537.3186111111111
19.3548,-155.0425,6.19,1.69,699,699,699,0,534.1461111111112
19.3337,-155.1353,6.65,2.17,700,700,700,0,519.5186111111111
19.5767,-155.1362,22.58,1.96,701,701,701,0,507.20944444444444
19.3558,-155.0567,7.92,2.39,702,702,702,0,494.3027777777778
19.3593,-155.0258,6.2,1.84,703,703,703,0,487.32416666666666
19.3768,-155.0103,7.42,1.7,704,704,704,0,473.70444444444445
19.4382,-155.4153,8.43,1.91,705,705,705,0,472.4113888888889
19.335,-155.0655,7.11,1.59,706,706,706,0,471.3305555555556
19.3238,-155.1457,6.94,1.65,707,707,707,0,462.4013888888889
19.333,-155.2105,8.62,1.6,708,708,708,0,450.68555555555554
19.286,-155.3868,6.02,1.51,709,709,709,0,447.23833333333334
19.327,-155.2008,5.09,1.58,710,710,710,0,436.47527777777776
19.3567,-155.0283,5.44,2.02,711,711,711,0,430.9561111111111
19.3392,-155.204,10.05,1.78,712,712,712,0,430.3677777777778
19.3733,-155.4575,8.91,1.72,713,713,713,0,428.1686111111111
19.3563,-155.2217,9.05,1.87,714,714,714,0,426.6511111111111
19.3392,-155.2258,8.74,1.89,715,715,715,0,421.81
19.31,-155.257,8.43,1.93,716,716,716,0,419.54555555555555
19.3952,-155.4335,8.75,1.96,717,717,717,0,401.54833333333335
19.3412,-155.1508,6.6,1.86,718,718,718,0,394.4738888888889
19.3568,-155.0543,5.43,1.84,719,719,719,0,393.6772222222222
19.3422,-155.1838,8.1,2.05,720,720,720,0,375.9002777777778
19.3413,-155.2115,8.8,2.78,721,721,721,0,360.2572222222222
19.3283,-155.115,8.94,2.67,722,722,722,0,357.0161111111111
19.364,-155.0093,4.48,1.71,723,723,723,0,313.52166666666665
19.3022,-155.2202,5.75,1.59,724,724,724,0,301.74305555555554
19.3495,-155.2173,7.73,1.52,725,725,725,0,289.7111111111111
19.2768,-155.3828,4.83,2.29,726,726,726,0,286.8930555555556
19.324,-155.2583,8.31,2.11,727,727,727,0,285.92555555555555
19.3573,-155.0142,8.17,1.63,728,728,728,0,282.42333333333335
19.3365,-155.1192,6.44,1.54,729,729,729,0,275.67083333333335
19.339,-155.0605,7.32,2.04,730,730,730,0,274.65694444444443
19.3518,-155.0452,8.36,1.75,731,731,731,0,265.69083333333333
19.297,-155.2177,6.71,1.63,732,732,732,0,254.75972222222222
19.294,-155.2195,7.67,1.93,733,733,733,0,253.00583333333333
19.334,-155.1975,10.05,3.25,734,734,734,0,235.40472222222223
19.3365,-155.2088,7.04,1.88,735,735,735,0,226.46722222222223
19.3178,-155.2577,7.24,1.59,736,736,736,0,223.14333333333335
19.3143,-155.2512,8.26,2.1,737,737,737,0,219.65305555555557
19.3885,-155.4422,10.08,3.62,738,738,738,0,211.24166666666667
19.342,-155.2248,7.43,1.88,739,739,739,0,209.83833333333334
19.3385,-155.2197,8.45,1.58,740,740,740,0,204.84694444444443
19.3573,-155.4127,8.55,1.84,741,741,741,0,199.07777777777778
19.2683,-155.3563,7.87,1.74,742,742,742,0,198.6563888888889
19.2675,-155.3513,7.04,1.74,743,743,743,0,198.23722222222221
19.4035,-155.2928,16.41,2.63,744,744,744,0,185.3636111111111
19.3488,-155.1442,7.65,2.03,745,745,745,0,174.78
19.3277,-155.1162,8.94,2.83,746,746,746,0,173.35916666666665
19.4025,-155.3328,15.53,2.82,747,747,747,0,172.40583333333333
19.2992,-155.25,7.31,1.57,748,748,748,0,168.70055555555555
19.3585,-155.0507,6.95,4.91,749,749,749,0,164.68916666666667
19.343,-155.0555,5.28,1.75,750,750,750,0,164.11027777777778
19.3202,-155.2162,6.23,1.6,751,751,751,0,164.00472222222223
19.3492,-155.0308,3.11,2.15,752,752,752,0,163.24944444444444
19.339,-155.0457,5.2,1.65,753,753,753,0,160.32333333333332
19.3647,-155.418,11.12,4.03,754,754,754,0,158.96083333333334
19.3563,-155.4272,9.62,1.73,755,755,755,0,158.88333333333333
19.3447,-155.2218,7.0,1.91,756,756,756,0,158.0525
19.3465,-155.2242,8.02,2.48,757,757,757,0,158.04583333333332
19.3668,-155.4232,11.2,3.55,758,758,758,0,157.37527777777777
19.3642,-155.4185,8.72,1.52,759,759,759,0,156.52194444444444
19.3612,-155.4237,10.22,1.51,760,760,760,0,156.49972222222223
19.3637,-155.037,2.14,1.56,761,761,761,0,154.8738888888889
19.3387,-155.0388,5.2,1.53,762,762,762,0,149.34805555555556
19.3507,-155.0388,4.95,1.85,763,763,763,0,144.79972222222221
19.3532,-155.4625,11.12,3.33,764,764,764,0,136.3936111111111
19.3473,-155.0345,5.34,1.55,765,765,765,0,136.22194444444443
19.3597,-155.0283,6.75,2.62,766,766,766,0,132.40083333333334
19.2865,-155.46,10.3,1.81,767,767,767,0,90.57888888888888
19.3415,-155.2018,9.51,1.66,768,768,768,0,87.0775
19.4262,-155.4707,10.82,3.08,769,769,769,0,83.0075
19.3685,-155.0135,7.74,2.01,770,770,770,0,81.05944444444444
19.4127,-155.4272,7.36,1.63,771,771,771,0,79.44583333333334
19.3252,-155.1912,6.61,1.61,772,772,772,0,75.55166666666666
19.3293,-155.169,6.1,1.59,773,773,773,0,66.62138888888889
19.3243,-155.1442,5.91,1.51,774,774,774,0,60.20361111111111
19.397,-155.432,8.98,2.54,775,775,775,0,59.99388888888889
19.3348,-155.193,7.96,1.68,776,776,776,0,54.949444444444445
19.4082,-155.4392,8.85,2.59,777,777,777,0,53.03
19.3243,-155.1433,5.16,1.67,778,778,778,0,52.12555555555556
19.3447,-155.049,4.76,1.6,779,779,779,0,39.54694444444444
19.3342,-155.1135,8.43,2.17,780,780,780,0,33.59972222222222
19.3392,-155.1093,8.5,2.64,781,781,781,0,17.83888888888889
19.3435,-155.4368,9.82,1.53,782,782,782,0,16.907777777777778
19.329,-155.2273,7.62,1.9,783,783,783,0,16.415555555555557
19.3258,-155.2262,7.41,1.6,784,784,784,0,16.22138888888889
19.3947,-155.4927,9.86,1.9,785,785,785,0,13.43388888888889
19.3228,-155.1942,6.79,1.59,786,786,786,0,13.069444444444445
19.3263,-155.1948,6.47,1.59,787,787,787,0,13.060555555555556
19.3493,-155.0543,7.05,1.7,788,788,788,0,9.17
19.3403,-155.11,9.01,1.52,789,789,789,1,0.0
19.3127,-155.2253,8.65,1.61,790,790,790,1,0.0
19.31,-155.1878,8.16,1.61,791,791,791,1,0.0
19.3888,-155.4418,8.25,1.76,792,792,792,1,0.0
19.2952,-155.3865,3.34,1.72,793,793,793,1,0.0
19.295,-155.3872,5.74,1.73,794,794,794,1,0.0
19.3372,-155.1338,7.19,2.04,795,795,795,1,0.0
19.3032,-155.2807,9.39,2.67,796,796,796,1,0.0
19.3153,-155.2303,7.43,2.09,797,797,797,1,0.0
19.3418,-155.1995,7.98,1.85,798,798,798,1,0.0
19.4492,-155.4568,8.23,2.23,799,799,799,1,0.0
19.3397,-155.2013,8.72,1.58,800,800,800,1,0.0
19.3398,-155.0452,1.99,1.67,801,801,801,1,0.0
19.3125,-155.2517,9.05,2.71,802,802,802,1,0.0
19.3227,-155.1472,6.53,1.58,803,803,803,1,0.0
19.504,-155.2528,6.06,1.74,804,804,804,1,0.0
19.3348,-155.0712,6.54,2.58,805,805,805,1,0.0
19.342,-155.0425,4.77,1.53,806,806,806,1,0.0
19.3358,-155.1225,7.78,1.56,807,807,807,1,0.0
19.3537,-155.036,6.83,1.79,808,808,808,1,0.0
19.3303,-155.1272,8.93,2.18,809,809,809,1,0.0
19.2945,-155.3388,7.48,1.53,810,810,810,1,0.0
19.3452,-155.032,5.26,1.64,811,811,811,1,0.0
19.3217,-155.2268,8.21,2.08,812,812,812,1,0.0
19.6508,-155.1587,14.71,1.59,813,813,813,1,0.0
19.3987,-155.2675,2.51,2.02,814,814,814,1,0.0
19.4143,-155.4258,7.66,1.63,815,815,815,1,0.0
19.3482,-155.054,7.13,2.25,816,816,816,1,0.0
19.3432,-155.0605,5.51,1.7,817,817,817,1,0.0
19.2797,-155.4762,8.89,3.46,818,818,818,1,0.0
19.3033,-155.4922,6.32,1.53,819,819,819,1,0.0
19.3548,-155.0462,7.76,2.59,820,820,820,1,0.0
19.3355,-155.1817,6.81,1.84,821,821,821,1,0.0
19.3743,-155.0275,3.12,1.58,822,822,822,0,1533.5108333333333
19.3552,-155.032,7.89,2.32,823,823,823,0,1529.2380555555555
19.3403,-155.2073,7.81,1.66,824,824,824,0,1528.8166666666666
19.3552,-155.2637,26.39,1.66,825,825,825,0,1525.4808333333333
19.351,-155.0702,2.66,1.84,826,826,826,0,1516.2611111111112
19.3718,-155.4223,10.75,1.84,827,827,827,0,1515.4275
19.3603,-155.0262,7.55,2.65,828,828,828,0,1512.0147222222222
19.3355,-155.1332,6.66,1.55,829,829,829,0,1510.2144444444446
19.373,-155.4687,6.45,2.71,830,830,830,0,1500.2427777777777
19.3403,-155.1912,8.09,1.96,831,831,831,0,1494.7175
19.3017,-155.3477,6.84,1.99,832,832,832,0,1491.1030555555556
19.3515,-155.0537,6.25,2.58,833,833,833,0,1484.7891666666667
19.3263,-155.1105,8.6,1.75,834,834,834,0,1470.97
19.3308,-155.1132,8.9,2.69,835,835,835,0,1470.9191666666666
19.3308,-155.12,7.8,2.27,836,836,836,0,1470.8636111111111
19.3565,-155.0265,6.79,2.14,837,837,837,0,1468.783888888889
19.363,-155.017,8.79,2.54,838,838,838,0,1468.6263888888889
19.3397,-155.123,7.09,2.34,839,839,839,0,1461.2133333333334
19.3112,-155.252,6.91,1.93,840,840,840,0,1459.35
19.3127,-155.4922,8.55,2.29,841,841,841,0,1451.4344444444444
19.3918,-155.4013,8.39,2.24,842,842,842,0,1450.565
19.3572,-155.0587,5.55,1.59,843,843,843,0,1442.7508333333333
19.3258,-155.1312,8.68,1.53,844,844,844,0,1441.4980555555555
19.3415,-155.1977,8.53,1.87,845,845,845,0,1426.1502777777778
19.4325,-155.4977,8.7,1.69,846,846,846,0,1424.7094444444444
19.3362,-155.1033,8.2,1.73,847,847,847,0,1419.0266666666666
19.3278,-155.1992,6.31,2.58,848,848,848,0,1418.2936111111112
19.3393,-155.2182,7.58,1.59,849,849,849,0,1417.8377777777778
19.31,-155.2637,8.55,2.24,850,850,850,0,1412.173611111111
19.3053,-155.2222,6.65,1.65,851,851,851,0,1405.058888888889
19.2973,-155.2177,6.61,1.53,852,852,852,0,1401.2233333333334
19.3192,-155.1868,6.59,1.63,853,853,853,0,1399.7527777777777
19.3327,-155.1225,7.67,1.8,854,854,854,0,1392.3827777777778
19.299,-155.2045,8.58,1.56,855,855,855,0,1391.9375
19.334,-155.1985,9.1,3.21,856,856,856,0,1391.1461111111112
19.4907,-155.3972,7.99,1.64,857,857,857,0,1385.4052777777779
19.3285,-155.1177,8.71,2.32,858,858,858,0,1375.318888888889
19.3235,-155.2218,8.74,1.53,859,859,859,0,1373.1638888888888
19.4257,-155.4298,10.66,1.75,860,860,860,0,1358.5344444444445
19.3497,-155.1357,7.78,1.58,861,861,861,0,1345.3833333333334
19.3337,-155.1393,7.41,2.11,862,862,862,0,1329.5752777777777
19.3475,-155.0342,5.76,1.85,863,863,863,0,1318.5805555555555
19.3392,-155.2158,7.05,1.58,864,864,864,0,1313.8836111111111
19.3377,-155.0675,5.29,1.56,865,865,865,0,1308.3227777777777
19.3807,-155.442,6.51,1.68,866,866,866,0,1299.7794444444444
19.4353,-155.4707,8.49,1.96,867,867,867,0,1293.4358333333332
19.2543,-155.3667,8.43,1.55,868,868,868,0,1273.4083333333333
19.3293,-155.1672,6.49,1.64,869,869,869,0,1263.2572222222223
19.3497,-155.038,6.55,2.5,870,870,870,0,1255.5022222222221
19.3403,-155.1145,4.59,1.75,871,871,871,0,1249.9483333333333
19.3363,-155.2167,6.57,1.88,872,872,872,0,1246.6708333333333
19.3372,-155.1522,8.2,1.54,873,873,873,0,1239.7527777777777
19.3268,-155.1483,6.06,1.82,874,874,874,0,1239.0741666666668
19.335,-155.137,7.41,1.7,875,875,875,0,1228.6241666666667
19.3655,-155.4195,9.12,2.28,876,876,876,0,1227.8633333333332
19.3405,-155.2143,7.33,1.63,877,877,877,0,1222.7627777777777
19.3387,-155.2108,7.07,1.82,878,878,878,0,1217.6644444444444
19.3313,-155.1375,9.19,3.16,879,879,879,0,1217.2716666666668
19.3593,-155.4177,9.31,2.64,880,880,880,0,1216.3694444444445
19.3487,-155.0495,5.48,1.53,881,881,881,0,1207.673611111111
19.3312,-155.1323,7.84,2.17,882,882,882,0,1206.7411111111112
19.326,-155.145,6.4,1.88,883,883,883,0,1189.9261111111111
19.3505,-155.1938,8.52,3.11,884,884,884,0,1188.845
19.4412,-155.3765,6.7,1.57,885,885,885,0,1187.5913888888888
19.5457,-155.4753,12.76,1.51,886,886,886,0,1178.0411111111111
19.264,-155.5015,6.58,1.88,887,887,887,0,1168.5591666666667
19.3408,-155.0612,5.49,1.59,888,888,888,0,1164.2477777777779
19.3398,-155.0648,5.52,1.86,889,889,889,0,1163.1591666666666
19.3402,-155.1392,5.53,1.56,890,890,890,0,1157.8480555555554
19.4282,-155.4697,10.02,2.62,891,891,891,0,1154.2836111111112
19.3432,-155.0508,7.1,1.81,892,892,892,0,1150.6163888888889
19.3268,-155.1118,8.26,2.27,893,893,893,0,1146.2936111111112
19.3457,-155.0552,7.17,1.88,894,894,894,0,1145.0183333333334
19.3547,-155.0525,7.99,2.91,895,895,895,0,1143.9522222222222
19.3448,-155.2173,7.61,2.05,896,896,896,0,1135.631388888889
19.2967,-155.3783,8.09,2.01,897,897,897,0,1135.486111111111
19.3343,-155.1203,7.11,2.17,898,898,898,0,1127.475
19.4148,-155.4262,7.98,1.93,899,899,899,0,1121.5647222222221
19.3332,-155.1845,7.66,1.88,900,900,900,0,1117.4902777777777
19.338,-155.2132,7.02,1.88,901,901,901,0,1116.2933333333333
19.3362,-155.1477,6.98,1.87,902,902,902,0,1105.0880555555555
19.329,-155.1265,8.35,4.28,903,903,903,0,1094.4241666666667
19.3322,-155.1392,7.22,1.57,904,904,904,0,1094.335
19.4383,-155.461,8.39,2.12,905,905,905,0,1074.236388888889
19.3388,-155.1178,8.08,2.26,906,906,906,0,1071.158888888889
19.3525,-155.04,5.81,1.74,907,907,907,0,1063.6744444444444
19.2195,-155.4668,6.91,2.4,908,908,908,0,1051.4066666666668
19.3297,-155.1447,7.85,2.09,909,909,909,0,1027.9202777777778
19.3947,-155.4773,9.36,1.7,910,910,910,0,1027.588611111111
19.3402,-155.1195,7.34,1.67,911,911,911,0,1026.6816666666666
19.3478,-155.0332,6.17,1.87,912,912,912,0,1003.1269444444445
19.2882,-155.349,6.3,1.68,913,913,913,0,999.2836111111111
19.33,-155.1783,7.89,1.83,914,914,914,0,999.1127777777778
19.2927,-155.3905,4.86,1.65,915,915,915,0,984.4147222222222
19.3335,-155.2122,6.11,1.65,916,916,916,0,983.8538888888888
19.3375,-155.2207,7.56,1.52,917,917,917,0,933.1908333333333
19.2697,-155.2203,7.16,1.68,918,918,918,0,909.3580555555556
19.3287,-155.158,8.0,1.74,919,919,919,0,907.5591666666667
19.3357,-155.1768,8.27,2.18,920,920,920,0,904.5177777777777
19.4038,-155.4962,11.87,2.96,921,921,921,0,903.2425
19.3023,-155.2202,7.19,1.53,922,922,922,0,885.4683333333334
19.3523,-155.1893,8.22,2.16,923,923,923,0,882.6277777777777
19.3748,-155.5033,8.67,1.57,924,924,924,0,881.93
19.3445,-155.0473,7.41,2.16,925,925,925,0,881.8338888888889
19.3068,-155.248,7.01,1.62,926,926,926,0,881.7425
19.3,-155.4873,8.95,3.34,927,927,927,0,869.2138888888888
19.3418,-155.2098,7.38,2.01,928,928,928,0,844.0919444444445
19.4037,-155.416,8.43,2.11,929,929,929,0,837.7011111111111
19.3315,-155.1128,7.56,2.35,930,930,930,0,826.3705555555556
19.4687,-155.4772,8.59,1.58,931,931,931,0,822.3113888888889
19.3402,-155.0435,7.6,2.46,932,932,932,0,815.8997222222222
19.3475,-155.0497,7.19,2.52,933,933,933,0,794.6997222222222
19.3188,-155.2343,8.49,2.69,934,934,934,0,791.0336111111111
19.3355,-155.1667,7.16,1.62,935,935,935,0,790.7672222222222
19.3492,-155.2122,8.66,2.77,936,936,936,0,788.9872222222223
19.3415,-155.213,7.28,1.68,937,937,937,0,788.5844444444444
19.327,-155.1675,8.31,2.54,938,938,938,0,782.8197222222223
19.3735,-155.4643,7.65,2.92,939,939,939,0,777.6197222222222
19.327,-155.127,7.09,1.62,940,940,940,0,774.1097222222222
19.3337,-155.1233,8.84,2.78,941,941,941,0,767.8505555555555
19.3515,-155.0378,4.72,1.63,942,942,942,0,756.0011111111111
19.3538,-155.0613,5.77,2.02,943,943,943,0,755.4405555555555
19.3357,-155.133,7.85,1.57,944,944,944,0,738.1258333333334
19.3388,-155.1302,7.68,1.69,945,945,945,0,738.1116666666667
19.3597,-155.0145,4.7,2.24,946,946,946,0,735.8380555555556
19.3597,-155.0577,8.86,2.65,947,947,947,0,721.0119444444445
19.332,-155.2127,7.14,1.89,948,948,948,0,719.2575
19.3605,-155.0365,8.22,3.36,949,949,949,0,705.695
19.4355,-155.4137,7.7,1.9,950,950,950,0,704.9808333333333
19.3257,-155.1463,6.68,1.58,951,951,951,0,703.54
19.3485,-155.2228,8.49,2.64,952,952,952,0,674.1797222222223
19.3332,-155.2202,7.38,2.06,953,953,953,0,674.1366666666667
19.324,-155.1943,6.98,1.89,954,954,954,0,673.7466666666667
19.3252,-155.1965,6.64,1.65,955,955,955,0,673.7011111111111
19.2907,-155.2155,7.6,1.94,956,956,956,0,673.6705555555556
19.343,-155.2002,8.92,2.97,957,957,957,0,672.2747222222222
19.2932,-155.2178,7.87,1.94,958,958,958,0,668.7627777777777
19.3625,-155.0838,8.18,2.81,959,959,959,0,664.9266666666666
19.302,-155.2165,5.31,1.62,960,960,960,0,659.0327777777778
19.3228,-155.1918,8.77,1.91,961,961,961,0,654.2783333333333
19.3912,-155.4327,9.37,1.87,962,962,962,0,646.1841666666667
19.4007,-155.4347,7.62,1.65,963,963,963,0,633.5472222222222
19.359,-155.5008,9.44,2.96,964,964,964,0,630.14
19.3485,-155.5013,8.28,1.63,965,965,965,0,621.7661111111111
19.3465,-155.5033,9.33,2.26,966,966,966,0,621.6083333333333
19.3348,-155.2103,7.38,1.8,967,967,967,0,616.0930555555556
19.3348,-155.2033,6.96,1.52,968,968,968,0,600.6447222222222
19.4182,-155.4213,8.05,1.55,969,969,969,0,593.4763888888889
19.3815,-155.4085,9.3,1.86,970,970,970,0,593.035
19.3335,-155.1095,7.72,2.45,971,971,971,0,585.5141666666667
19.3435,-155.183,8.2,2.79,972,972,972,0,582.7430555555555
19.3398,-155.1833,7.31,1.53,973,973,973,0,582.7013888888889
19.3463,-155.2168,7.59,2.51,974,974,974,0,579.1808333333333
19.3283,-155.2407,8.12,1.84,975,975,975,0,579.1275
19.3398,-155.219,7.76,1.62,976,976,976,0,578.0733333333334
19.326,-155.4415,7.74,1.56,977,977,977,0,574.4272222222222
19.328,-155.1235,7.09,2.07,978,978,978,0,566.78
19.3295,-155.1475,6.24,1.73,979,979,979,0,560.4116666666666
19.3147,-155.257,8.92,2.35,980,980,980,0,559.8688888888889
19.2883,-155.3737,6.96,2.31,981,981,981,0,558.8947222222222
19.3495,-155.0485,6.35,2.02,982,982,982,0,554.9583333333334
19.3328,-155.1227,7.48,1.57,983,983,983,0,553.7780555555555
19.3267,-155.2597,7.56,1.55,984,984,984,0,552.2969444444444
19.3228,-155.2208,8.54,2.08,985,985,985,0,552.0683333333334
19.3322,-155.125,7.01,1.52,986,986,986,0,522.6088888888889
19.3683,-155.422,10.47,2.16,987,987,987,0,520.1672222222222
19.4378,-155.4808,3.41,1.96,988,988,988,0,505.71527777777777
19.2918,-155.3645,8.25,1.6,989,989,989,0,492.7463888888889
19.3287,-155.1245,7.52,1.61,990,990,990,0,475.7991666666667
19.4213,-155.4493,10.88,1.96,991,991,991,0,475.3677777777778
19.3513,-155.0535,5.97,2.02,992,992,992,0,468.30833333333334
19.3222,-155.2687,8.97,2.22,993,993,993,0,466.9747222222222
19.3432,-155.1227,7.77,1.81,994,994,994,0,465.18083333333334
19.3235,-155.1447,9.49,3.2,995,995,995,0,462.17833333333334
19.3485,-155.0328,7.12,1.76,996,996,996,0,453.3808333333333
19.3372,-155.1913,7.9,2.27,997,997,997,0,442.9794444444444
19.3492,-155.2215,6.4,1.87,998,998,998,0,442.935
19.348,-155.1092,6.42,1.66,999,999,999,0,432.62638888888887
19.3515,-155.419,8.95,2.17,1000,1000,1000,0,424.8697222222222
19.355,-155.077,8.22,2.62,1001,1001,1001,0,422.8975
19.3432,-155.0415,6.55,3.19,1002,1002,1002,0,422.83972222222224
19.334,-155.1133,7.72,1.68,1003,1003,1003,0,421.135
19.3438,-155.1395,5.17,1.68,1004,1004,1004,0,391.7808333333333
19.34,-155.2075,8.95,2.53,1005,1005,1005,0,380.53055555555557
19.3397,-155.2108,7.31,1.58,1006,1006,1006,0,368.2972222222222
19.3525,-155.1008,4.49,1.84,1007,1007,1007,0,368.19666666666666
19.3928,-155.4357,8.2,1.96,1008,1008,1008,0,356.88194444444446
19.3488,-155.2082,8.38,1.63,1009,1009,1009,0,356.0675
19.3528,-155.0378,6.39,2.24,1010,1010,1010,0,352.9125
19.3237,-155.1635,6.48,1.58,1011,1011,1011,0,345.4269444444444
19.346,-155.212,8.93,1.57,1012,1012,1012,0,335.46444444444444
19.3233,-155.1733,6.34,1.73,1013,1013,1013,0,315.24083333333334
19.3653,-155.0487,7.8,1.73,1014,1014,1014,0,313.4577777777778
19.3662,-155.036,8.8,2.88,1015,1015,1015,0,305.4847222222222
19.4227,-155.4767,8.14,1.98,1016,1016,1016,0,304.2338888888889
19.3623,-155.0303,2.9,1.51,1017,1017,1017,0,302.5061111111111
19.3245,-155.1342,8.31,1.88,1018,1018,1018,0,299.80444444444447
19.3417,-155.5222,23.7,3.41,1019,1019,1019,0,298.0158333333333
19.3438,-155.1765,7.96,1.56,1020,1020,1020,0,291.10833333333335
19.3515,-155.0402,6.05,2.02,1021,1021,1021,0,290.09166666666664
19.346,-155.1758,5.73,1.56,1022,1022,1022,0,289.9288888888889
19.448,-155.493,8.32,2.15,1023,1023,1023,0,281.33166666666665
19.3488,-155.0525,5.43,1.58,1024,1024,1024,0,276.8411111111111
19.3368,-155.197,7.57,1.52,1025,1025,1025,0,264.515
19.3475,-155.2173,8.19,2.05,1026,1026,1026,0,260.3202777777778
19.3083,-155.2317,5.85,1.59,1027,1027,1027,0,252.30444444444444
19.4417,-155.4868,8.1,1.67,1028,1028,1028,0,251.3386111111111
19.3593,-155.0428,5.86,1.58,1029,1029,1029,0,243.51833333333335
19.3435,-155.2247,8.54,2.18,1030,1030,1030,0,218.3438888888889
19.3287,-155.2617,8.76,3.39,1031,1031,1031,0,207.2061111111111
19.3315,-155.1888,7.98,1.53,1032,1032,1032,0,206.86138888888888
19.3402,-155.2173,7.48,1.62,1033,1033,1033,0,194.44722222222222
19.3283,-155.1337,6.12,1.87,1034,1034,1034,0,165.46944444444443
19.3942,-155.0208,8.45,1.8,1035,1035,1035,0,158.69027777777777
19.3437,-155.2208,8.16,2.05,1036,1036,1036,0,154.16055555555556
19.3307,-155.1082,8.15,2.27,1037,1037,1037,0,151.51416666666665
19.3282,-155.2048,4.81,1.58,1038,1038,1038,0,129.4963888888889
19.3458,-155.1195,6.61,1.66,1039,1039,1039,0,125.05
19.3798,-155.3117,29.35,2.15,1040,1040,1040,0,122.8938888888889
19.3302,-155.1253,8.63,1.57,1041,1041,1041,0,118.7925
19.3248,-155.1277,7.8,2.09,1042,1042,1042,0,114.86416666666666
19.3328,-155.1352,9.25,3.12,1043,1043,1043,0,97.94833333333334
19.3807,-155.0448,8.59,1.66,1044,1044,1044,0,85.70722222222223
19.3442,-155.046,6.91,2.73,1045,1045,1045,0,80.53305555555555
19.3258,-155.1072,8.05,2.05,1046,1046,1046,0,80.14722222222223
19.3342,-155.1243,7.07,1.77,1047,1047,1047,0,72.6175
19.3585,-155.0757,7.54,1.58,1048,1048,1048,0,63.865833333333335
19.367,-155.299,3.12,1.64,1049,1049,1049,0,47.01888888888889
19.3283,-155.2668,7.32,1.97,1050,1050,1050,0,44.74638888888889
19.3397,-155.1897,8.38,2.17,1051,1051,1051,0,41.00888888888889
19.3288,-155.1912,7.05,1.58,1052,1052,1052,0,38.88111111111111
19.3372,-155.2168,7.01,1.58,1053,1053,1053,0,35.87444444444444
19.4082,-155.415,9.75,1.63,1054,1054,1054,0,16.869722222222222
19.3253,-155.2187,7.99,1.6,1055,1055,1055,0,13.897222222222222
19.3422,-155.2183,8.23,1.59,1056,1056,1056,0,5.964722222222222
19.3288,-155.1132,7.59,2.27,1057,1057,1057,0,3.6919444444444443
19.4282,-155.2702,16.34,1.55,1058,1058,1058,0,2.3633333333333333
19.3622,-155.027,6.9,1.65,1059,1059,1059,1,0.0
19.3223,-155.194,7.05,1.53,1060,1060,1060,1,0.0
19.328,-155.1968,6.14,1.58,1061,1061,1061,1,0.0
19.3523,-155.0775,8.42,1.77,1062,1062,1062,1,0.0
19.3068,-155.2245,7.91,2.1,1063,1063,1063,1,0.0
19.3118,-155.2265,7.33,1.61,1064,1064,1064,1,0.0
19.304,-155.224,9.97,2.74,1065,1065,1065,1,0.0
19.3115,-155.2232,7.14,1.52,1066,1066,1066,1,0.0
19.3398,-155.2187,6.48,1.58,1067,1067,1067,1,0.0
19.3652,-155.1092,8.04,2.57,1068,1068,1068,1,0.0
19.3445,-155.2203,7.4,1.52,1069,1069,1069,1,0.0
19.3202,-155.2145,7.09,2.08,1070,1070,1070,1,0.0
19.3202,-155.1245,7.94,2.06,1071,1071,1071,1,0.0
19.3358,-155.194,6.37,1.57,1072,1072,1072,1,0.0
19.3142,-155.0597,7.07,2.77,1073,1073,1073,1,0.0
19.4468,-155.4845,8.49,1.67,1074,1074,1074,1,0.0
19.337,-155.2103,8.03,1.58,1075,1075,1075,1,0.0
19.2715,-155.3875,6.72,2.52,1076,1076,1076,0,228.2927777777778
19.3357,-155.123,8.21,2.52,1077,1077,1077,0,222.18833333333333
19.2672,-155.3663,7.01,1.75,1078,1078,1078,0,216.40305555555557
19.3985,-155.2613,14.39,1.56,1079,1079,1079,0,191.2288888888889
19.3903,-155.0297,5.94,1.98,1080,1080,1080,0,187.57222222222222
19.3498,-155.0398,6.64,1.66,1081,1081,1081,0,186.65694444444443
19.3442,-155.2193,7.55,2.05,1082,1082,1082,0,176.9063888888889
19.4087,-155.4977,8.8,1.56,1083,1083,1083,0,175.1225
19.3318,-155.1448,4.97,1.82,1084,1084,1084,0,111.64361111111111
19.3355,-155.1238,6.68,1.54,1085,1085,1085,0,111.40777777777778
19.4217,-155.516,9.88,1.6,1086,1086,1086,0,109.76777777777778
19.3443,-155.2147,7.27,1.52,1087,1087,1087,0,107.43138888888889
19.362,-155.0438,6.23,2.13,1088,1088,1088,0,101.455
19.3363,-155.1975,6.19,3.23,1089,1089,1089,0,95.04027777777777
19.3795,-155.4457,7.15,2.16,1090,1090,1090,0,83.13027777777778
19.3532,-155.1042,7.87,2.24,1091,1091,1091,0,79.64722222222223
19.3325,-155.1693,6.5,1.62,1092,1092,1092,0,53.45361111111111
19.3612,-155.0822,9.22,3.84,1093,1093,1093,0,45.01972222222222
19.2875,-155.3667,5.78,1.95,1094,1094,1094,0,37.90027777777778
19.4227,-155.4217,6.98,1.51,1095,1095,1095,0,30.30027777777778
19.3198,-155.1662,7.2,1.59,1096,1096,1096,0,26.482777777777777
19.3428,-155.2167,6.89,1.57,1097,1097,1097,0,21.25027777777778
19.3593,-155.0282,5.35,1.87,1098,1098,1098,0,8.801111111111112
19.3342,-155.1337,8.01,1.87,1099,1099,1099,1,0.0
19.3203,-155.2238,5.98,1.55,1100,1100,1100,1,0.0
19.3418,-155.1807,7.76,2.17,1101,1101,1101,1,0.0
19.3348,-155.1783,7.89,2.52,1102,1102,1102,1,0.0
19.3413,-155.2145,7.7,2.05,1103,1103,1103,1,0.0
19.3438,-155.1152,8.69,2.82,1104,1104,1104,1,0.0
19.3845,-155.4448,10.26,3.49,1105,1105,1105,1,0.0
19.3825,-155.4492,10.02,1.69,1106,1106,1106,1,0.0
19.2802,-155.364,5.66,1.51,1107,1107,1107,1,0.0
19.323,-155.192,7.76,1.86,1108,1108,1108,1,0.0
19.3357,-155.0648,5.16,1.89,1109,1109,1109,1,0.0
19.3552,-155.043,7.18,2.24,1110,1110,1110,1,0.0
19.4295,-155.4437,6.86,2.11,1111,1111,1111,1,0.0
19.3302,-155.0485,4.99,2.17,1112,1112,1112,1,0.0
19.3302,-155.1828,9.36,2.76,1113,1113,1113,1,0.0
19.3817,-155.451,10.47,2.72,1114,1114,1114,1,0.0
19.3425,-155.1797,8.45,2.58,1115,1115,1115,1,0.0
19.323,-155.166,7.56,1.58,1116,1116,1116,1,0.0
19.3275,-155.2303,8.49,2.37,1117,1117,1117,1,0.0
19.351,-155.2573,26.76,2.26,1118,1118,1118,0,403.3691666666667
19.3225,-155.2205,6.8,2.08,1119,1119,1119,0,401.4577777777778
19.3528,-155.4197,9.51,2.59,1120,1120,1120,0,393.4611111111111
19.3375,-155.0675,6.77,1.72,1121,1121,1121,0,391.1791666666667
19.4277,-155.4078,10.73,2.83,1122,1122,1122,0,378.38055555555553
19.3162,-155.2538,7.78,1.51,1123,1123,1123,0,376.8977777777778
19.3233,-155.1862,8.05,2.29,1124,1124,1124,0,371.4741666666667
19.3428,-155.2042,7.21,1.52,1125,1125,1125,0,357.035
19.4297,-155.4692,9.17,2.51,1126,1126,1126,0,353.50638888888886
19.3407,-155.2173,7.07,1.58,1127,1127,1127,0,351.815
19.3593,-155.0175,5.82,2.24,1128,1128,1128,0,330.20166666666665
19.3212,-155.163,7.5,1.85,1129,1129,1129,0,322.8025
19.4058,-155.4677,9.66,2.16,1130,1130,1130,0,317.3
19.4455,-155.49,8.51,2.53,1131,1131,1131,0,309.6638888888889
19.5273,-155.2173,13.59,2.54,1132,1132,1132,0,301.8727777777778
19.529,-155.216,14.29,2.35,1133,1133,1133,0,301.04555555555555
19.3833,-155.0575,7.93,1.58,1134,1134,1134,0,271.42277777777775
19.3425,-155.2037,8.68,1.54,1135,1135,1135,0,249.06
19.3132,-155.2267,9.72,2.84,1136,1136,1136,0,242.81333333333333
19.3415,-155.214,7.5,1.83,1137,1137,1137,0,239.70944444444444
19.3848,-155.4587,7.72,2.17,1138,1138,1138,0,230.9025
19.286,-155.3537,5.02,2.07,1139,1139,1139,0,229.58277777777778
19.3558,-155.111,5.83,2.49,1140,1140,1140,0,197.26277777777779
19.2692,-155.3835,5.35,1.67,1141,1141,1141,0,195.24138888888888
19.3377,-155.1475,6.75,1.78,1142,1142,1142,0,195.02444444444444
19.3427,-155.2135,7.11,1.87,1143,1143,1143,0,194.1536111111111
19.4362,-155.4103,8.07,1.9,1144,1144,1144,0,181.39777777777778
19.3143,-155.2618,8.68,2.41,1145,1145,1145,0,180.32361111111112
19.3452,-155.1985,8.54,3.14,1146,1146,1146,0,147.85222222222222
19.3188,-155.222,8.42,2.31,1147,1147,1147,0,142.23333333333332
19.3148,-155.2213,7.74,2.31,1148,1148,1148,0,141.9725
19.3555,-155.0228,7.24,3.19,1149,1149,1149,0,133.32527777777779
19.3185,-155.2523,8.42,1.92,1150,1150,1150,0,128.25666666666666
19.3478,-155.2162,8.28,2.87,1151,1151,1151,0,110.62416666666667
19.3273,-155.175,7.22,2.06,1152,1152,1152,0,108.89277777777778
19.3552,-155.0345,6.23,2.02,1153,1153,1153,0,107.3086111111111
19.4008,-155.011,7.87,1.72,1154,1154,1154,0,101.71555555555555
19.3423,-155.1158,8.5,2.34,1155,1155,1155,0,93.04194444444444
19.3312,-155.1103,7.83,2.35,1156,1156,1156,0,87.70611111111111
19.3525,-155.0295,6.62,2.02,1157,1157,1157,0,87.10388888888889
19.3592,-155.2375,26.12,1.94,1158,1158,1158,0,87.0375
19.371,-155.036,6.92,2.13,1159,1159,1159,0,78.97694444444444
19.3257,-155.1085,7.88,2.48,1160,1160,1160,0,70.46222222222222
19.34,-155.118,7.09,1.61,1161,1161,1161,0,69.58972222222222
19.3533,-155.0398,4.96,1.54,1162,1162,1162,0,54.91583333333333
19.3378,-155.201,7.72,1.72,1163,1163,1163,0,47.28472222222222
19.4145,-155.4135,9.44,2.96,1164,1164,1164,0,44.290277777777774
19.3368,-155.2085,7.8,1.65,1165,1165,1165,0,38.591388888888886
19.3342,-155.1265,6.96,1.7,1166,1166,1166,0,19.89666666666667
19.3303,-155.2063,6.79,1.66,1167,1167,1167,0,19.025555555555556
19.3465,-155.1045,7.76,2.55,1168,1168,1168,0,17.8525
19.3145,-155.1937,4.95,1.61,1169,1169,1169,0,7.078333333333333
19.3092,-155.2413,6.64,1.97,1170,1170,1170,1,0.0
19.3463,-155.226,8.64,2.28,1171,1171,1171,1,0.0
19.3167,-155.23,7.35,1.61,1172,1172,1172,1,0.0
19.3338,-155.169,7.1,1.87,1173,1173,1173,1,0.0
19.3223,-155.196,6.83,1.59,1174,1174,1174,1,0.0
19.3435,-155.0468,7.27,2.6,1175,1175,1175,1,0.0
19.362,-155.4182,9.81,1.68,1176,1176,1176,1,0.0
19.4222,-155.4213,4.35,1.6,1177,1177,1177,1,0.0
19.3872,-155.468,9.84,1.96,1178,1178,1178,1,0.0
19.3528,-155.045,6.68,1.64,1179,1179,1179,0,477.9169444444444
19.4125,-155.4118,9.79,2.54,1180,1180,1180,0,472.7030555555556
19.3297,-155.1228,7.52,1.55,1181,1181,1181,0,464.44194444444446
19.4262,-155.41,9.17,3.72,1182,1182,1182,0,459.64166666666665
19.34,-155.1898,8.38,2.33,1183,1183,1183,0,455.24083333333334
19.3455,-155.119,7.39,2.54,1184,1184,1184,0,395.6741666666667
19.342,-155.2222,7.49,1.57,1185,1185,1185,0,381.57416666666666
19.3567,-155.037,7.12,1.67,1186,1186,1186,0,378.58722222222224
19.4013,-155.2717,1.59,2.56,1187,1187,1187,0,373.12694444444446
19.3652,-155.1092,8.16,3.21,1188,1188,1188,0,371.9813888888889
19.4252,-155.4107,9.37,3.41,1189,1189,1189,0,366.16777777777776
19.3822,-155.3975,9.83,2.12,1190,1190,1190,0,364.93416666666667
19.3613,-155.254,8.86,3.16,1191,1191,1191,0,364.15444444444444
19.3653,-155.0113,6.97,1.52,1192,1192,1192,0,357.1272222222222
19.3792,-155.4167,9.67,1.59,1193,1193,1193,0,355.4236111111111
19.3168,-155.2538,8.95,2.55,1194,1194,1194,0,354.095
19.3513,-155.1383,7.6,2.88,1195,1195,1195,0,346.2680555555556
19.3193,-155.1987,6.3,1.59,1196,1196,1196,0,345.9927777777778
19.328,-155.1243,8.66,3.81,1197,1197,1197,0,344.34555555555556
19.3033,-155.2598,8.55,2.64,1198,1198,1198,0,336.5127777777778
19.3007,-155.2605,10.18,3.58,1199,1199,1199,0,333.71722222222223
19.3505,-155.045,7.58,1.63,1200,1200,1200,0,326.0155555555556
19.3273,-155.17,7.44,1.85,1201,1201,1201,0,323.52777777777777
19.3108,-155.2212,7.69,1.91,1202,1202,1202,0,315.8775
19.3332,-155.2113,7.68,1.58,1203,1203,1203,0,315.49111111111114
19.361,-155.0397,5.06,2.14,1204,1204,1204,0,313.6361111111111
19.4022,-155.2807,16.56,2.05,1205,1205,1205,0,301.10583333333335
19.4092,-155.4535,10.9,1.97,1206,1206,1206,0,298.94666666666666
19.4715,-155.4712,8.89,2.51,1207,1207,1207,0,294.34444444444443
19.3187,-155.1817,5.99,1.65,1208,1208,1208,0,289.9477777777778
19.2708,-155.2607,8.31,1.98,1209,1209,1209,0,288.4847222222222
19.3833,-155.2835,12.92,2.51,1210,1210,1210,0,278.5883333333333
19.3672,-155.0817,8.17,2.31,1211,1211,1211,0,276.9058333333333
19.3202,-155.2672,6.75,1.69,1212,1212,1212,0,265.3466666666667
19.3315,-155.1408,6.21,1.58,1213,1213,1213,0,253.45277777777778
19.3457,-155.1983,7.64,1.87,1214,1214,1214,0,251.96305555555554
19.3283,-155.1422,5.11,1.76,1215,1215,1215,0,247.53027777777777
19.3298,-155.1373,8.69,1.87,1216,1216,1216,0,221.38333333333333
19.3377,-155.2135,8.44,1.65,1217,1217,1217,0,206.27694444444444
19.373,-155.0245,7.42,1.83,1218,1218,1218,0,203.12722222222223
19.4882,-155.4102,10.17,2.04,1219,1219,1219,0,194.0247222222222
19.3303,-155.1103,8.22,2.42,1220,1220,1220,0,186.44416666666666
19.336,-155.0592,6.05,2.04,1221,1221,1221,0,185.28694444444446
19.3837,-155.401,10.65,2.52,1222,1222,1222,0,158.88111111111112
19.2773,-155.3967,3.52,1.92,1223,1223,1223,0,153.265
19.3335,-155.201,8.74,3.24,1224,1224,1224,0,146.33583333333334
19.3467,-155.0242,8.12,2.6,1225,1225,1225,0,133.46194444444444
19.3412,-155.1843,7.84,1.57,1226,1226,1226,0,124.73527777777778
19.3355,-155.1595,7.55,1.54,1227,1227,1227,0,122.46444444444444
19.3352,-155.1938,7.48,1.88,1228,1228,1228,0,112.42472222222223
19.3533,-155.1128,7.58,2.02,1229,1229,1229,0,109.39305555555555
19.3263,-155.1273,8.48,2.28,1230,1230,1230,0,107.16388888888889
19.3317,-155.1963,7.04,1.69,1231,1231,1231,0,97.20277777777778
19.3247,-155.1898,6.38,1.55,1232,1232,1232,0,80.95666666666666
19.3355,-155.1982,7.72,2.7,1233,1233,1233,0,79.77805555555555
19.3368,-155.2247,6.61,1.52,1234,1234,1234,0,72.69222222222223
19.33,-155.1172,7.79,2.29,1235,1235,1235,0,59.75333333333333
19.3303,-155.199,8.25,2.28,1236,1236,1236,0,36.42583333333334
19.3327,-155.2238,6.48,1.89,1237,1237,1237,0,23.50138888888889
19.3285,-155.1158,9.36,3.66,1238,1238,1238,0,20.761388888888888
19.3393,-155.2132,7.7,1.62,1239,1239,1239,0,11.566944444444445
19.3208,-155.2262,7.57,1.53,1240,1240,1240,0,9.984166666666667
19.3485,-155.1227,6.26,1.69,1241,1241,1241,0,7.739722222222222
19.331,-155.1313,8.36,1.8,1242,1242,1242,0,6.934722222222222
19.3328,-155.195,6.69,1.69,1243,1243,1243,0,3.7733333333333334
19.387,-155.4047,13.03,1.82,1244,1244,1244,0,0.8977777777777778
19.3308,-155.11,6.94,1.72,1245,1245,1245,1,0.0
19.2723,-155.2555,7.13,1.92,1246,1246,1246,1,0.0
19.3632,-155.12,6.16,1.8,1247,1247,1247,1,0.0
19.3267,-155.2297,5.17,1.66,1248,1248,1248,1,0.0
19.4325,-155.4683,10.62,2.75,1249,1249,1249,1,0.0
19.3098,-155.2183,4.58,1.78,1250,1250,1250,1,0.0
19.3045,-155.2168,6.18,1.62,1251,1251,1251,1,0.0
19.3145,-155.2182,9.76,3.14,1252,1252,1252,1,0.0
19.3178,-155.2195,9.34,2.65,1253,1253,1253,1,0.0
19.2998,-155.2145,9.23,2.8,1254,1254,1254,1,0.0
19.3027,-155.2155,9.56,2.9,1255,1255,1255,1,0.0
19.2912,-155.2113,6.71,1.63,1256,1256,1256,1,0.0
19.3092,-155.2168,10.39,2.82,1257,1257,1257,1,0.0
19.308,-155.216,8.66,1.92,1258,1258,1258,1,0.0
19.3172,-155.2228,7.73,1.91,1259,1259,1259,1,0.0
19.2908,-155.2137,5.82,1.63,1260,1260,1260,1,0.0
19.3017,-155.2158,5.65,2.1,1261,1261,1261,1,0.0
19.3333,-155.2063,7.95,1.58,1262,1262,1262,1,0.0
19.2965,-155.2052,10.28,2.11,1263,1263,1263,1,0.0
19.3427,-155.2095,7.35,1.57,1264,1264,1264,1,0.0
19.3087,-155.2172,8.02,2.13,1265,1265,1265,1,0.0
19.3463,-155.1333,8.05,1.71,1266,1266,1266,1,0.0
19.3218,-155.1965,8.67,2.23,1267,1267,1267,1,0.0
19.2963,-155.2173,5.83,1.63,1268,1268,1268,1,0.0
19.3233,-155.1625,8.24,2.06,1269,1269,1269,0,436.63694444444445
19.3228,-155.1995,5.42,1.59,1270,1270,1270,0,427.61055555555555
19.3525,-155.0313,6.49,1.6,1271,1271,1271,0,422.2969444444444
19.3255,-155.1902,7.16,1.8,1272,1272,1272,0,401.38444444444445
19.3388,-155.099,8.02,2.64,1273,1273,1273,0,399.2286111111111
19.3285,-155.16,7.62,1.58,1274,1274,1274,0,390.325
19.3295,-155.2093,6.78,1.59,1275,1275,1275,0,379.05916666666667
19.4102,-155.4902,7.86,1.7,1276,1276,1276,0,375.78055555555557
19.4105,-155.4868,8.42,1.7,1277,1277,1277,0,375.7055555555556
19.3582,-155.039,8.16,2.39,1278,1278,1278,0,356.26416666666665
19.3287,-155.1205,8.05,2.67,1279,1279,1279,0,350.10555555555555
19.3463,-155.114,8.27,2.92,1280,1280,1280,0,346.1061111111111
19.3382,-155.0575,5.99,1.62,1281,1281,1281,0,333.34
19.3577,-155.0123,7.4,1.92,1282,1282,1282,0,326.84305555555557
19.4143,-155.48,7.49,1.66,1283,1283,1283,0,326.18833333333333
19.3358,-155.2138,9.74,3.9,1284,1284,1284,0,322.1902777777778
19.343,-155.1325,6.87,1.61,1285,1285,1285,0,317.3280555555556
19.3292,-155.1752,6.88,1.68,1286,1286,1286,0,308.7702777777778
19.3382,-155.1328,8.3,1.86,1287,1287,1287,0,292.125
19.4067,-155.4187,8.25,1.71,1288,1288,1288,0,286.8713888888889
19.3332,-155.1978,6.94,2.2,1289,1289,1289,0,286.47527777777776
19.34,-155.2162,7.04,1.52,1290,1290,1290,0,285.42861111111114
19.3643,-155.4165,10.18,2.96,1291,1291,1291,0,279.3525
19.3275,-155.1282,8.42,2.65,1292,1292,1292,0,259.8302777777778
19.333,-155.1355,6.28,1.59,1293,1293,1293,0,259.44972222222225
19.3253,-155.1252,7.59,1.86,1294,1294,1294,0,259.41055555555556
19.324,-155.149,5.37,1.51,1295,1295,1295,0,253.29944444444445
19.3858,-155.0378,8.14,1.96,1296,1296,1296,0,235.77138888888888
19.3653,-155.4287,11.29,1.69,1297,1297,1297,0,230.04722222222222
19.326,-155.1982,6.78,1.69,1298,1298,1298,0,228.80583333333334
19.3333,-155.1447,7.95,1.7,1299,1299,1299,0,225.8738888888889
19.3772,-155.4177,9.48,1.97,1300,1300,1300,0,206.47416666666666
19.3368,-155.1887,5.97,1.87,1301,1301,1301,0,206.1211111111111
19.3395,-155.1777,6.38,1.57,1302,1302,1302,0,205.66027777777776
19.3413,-155.1775,8.36,1.51,1303,1303,1303,0,202.30555555555554
19.3417,-155.1765,9.05,1.57,1304,1304,1304,0,202.28527777777776
19.3335,-155.197,7.26,1.75,1305,1305,1305,0,197.51916666666668
19.3778,-155.0192,8.27,1.91,1306,1306,1306,0,190.22861111111112
19.3273,-155.1933,7.44,1.63,1307,1307,1307,0,187.98527777777778
19.2888,-155.3562,5.74,1.81,1308,1308,1308,0,186.69027777777777
19.3243,-155.1968,5.26,1.67,1309,1309,1309,0,169.79638888888888
19.277,-155.381,5.1,2.18,1310,1310,1310,0,150.365
19.3323,-155.1933,6.62,2.18,1311,1311,1311,0,127.12805555555556
19.3685,-155.0128,3.5,1.61,1312,1312,1312,0,124.78861111111111
19.3887,-155.463,6.81,1.99,1313,1313,1313,0,120.18638888888889
19.3623,-155.4222,9.44,1.98,1314,1314,1314,0,119.42805555555556
19.3545,-155.1088,6.76,1.84,1315,1315,1315,0,88.41333333333333
19.3402,-155.1917,8.27,2.35,1316,1316,1316,0,88.2425
19.2808,-155.348,6.89,1.72,1317,1317,1317,0,87.4011111111111
19.3712,-155.4658,7.79,1.71,1318,1318,1318,0,74.96388888888889
19.2875,-155.2542,6.81,1.53,1319,1319,1319,0,73.57916666666667
19.2768,-155.3602,7.1,1.53,1320,1320,1320,0,69.04694444444445
19.3583,-155.0502,5.22,1.77,1321,1321,1321,0,34.38583333333333
19.3217,-155.1943,6.4,1.52,1322,1322,1322,0,25.413888888888888
19.3417,-155.0662,5.1,2.58,1323,1323,1323,1,0.0
19.4085,-155.415,9.75,1.57,1324,1324,1324,1,0.0
19.3373,-155.2133,10.27,3.57,1325,1325,1325,1,0.0
19.341,-155.209,6.81,1.51,1326,1326,1326,1,0.0
19.3587,-155.0177,6.93,1.68,1327,1327,1327,1,0.0
19.3383,-155.2152,6.91,1.96,1328,1328,1328,1,0.0
19.3238,-155.2238,7.84,2.1,1329,1329,1329,1,0.0
19.327,-155.1927,8.03,1.72,1330,1330,1330,1,0.0
19.3975,-155.3967,10.59,1.57,1331,1331,1331,0,164.81194444444444
19.3932,-155.4215,7.79,1.7,1332,1332,1332,0,161.57611111111112
19.3213,-155.1467,5.41,1.58,1333,1333,1333,0,160.3072222222222
19.3208,-155.1598,5.42,1.65,1334,1334,1334,0,132.42944444444444
19.33,-155.122,8.96,5.66,1335,1335,1335,0,127.48472222222222
19.359,-155.1117,7.19,2.75,1336,1336,1336,0,127.3711111111111
19.2993,-155.1148,3.86,1.51,1337,1337,1337,0,126.56083333333333
19.3318,-155.1305,6.28,2.27,1338,1338,1338,0,126.03944444444444
19.3335,-155.1398,6.16,1.76,1339,1339,1339,0,125.20527777777778
19.3523,-155.118,7.24,1.7,1340,1340,1340,0,124.94944444444444
19.3293,-155.1003,4.24,2.04,1341,1341,1341,0,124.75833333333334
19.3232,-155.2282,6.77,2.2,1342,1342,1342,0,124.56972222222223
19.3373,-155.0598,8.21,2.81,1343,1343,1343,0,123.54055555555556
19.3435,-155.0672,7.95,2.64,1344,1344,1344,0,122.72972222222222
19.3343,-155.128,7.72,1.99,1345,1345,1345,0,120.19222222222223
19.4513,-155.4717,9.35,2.92,1346,1346,1346,0,118.97111111111111
19.3343,-155.123,7.83,1.87,1347,1347,1347,0,114.9175
19.3442,-155.2158,7.8,1.57,1348,1348,1348,0,107.5111111111111
19.3392,-155.2143,6.2,1.51,1349,1349,1349,0,102.9588888888889
19.2977,-155.2217,6.35,1.76,1350,1350,1350,0,101.81972222222223
19.3468,-155.0557,6.35,1.64,1351,1351,1351,0,101.32611111111112
19.3308,-155.2025,7.27,1.65,1352,1352,1352,0,96.84944444444444
19.328,-155.0565,4.86,1.7,1353,1353,1353,0,90.53861111111111
19.3407,-155.2145,7.92,1.69,1354,1354,1354,0,89.05972222222222
19.3408,-155.2138,7.73,1.52,1355,1355,1355,0,88.70472222222222
19.3292,-155.1883,5.21,1.6,1356,1356,1356,0,71.9725
19.3237,-155.1103,7.67,1.86,1357,1357,1357,0,61.66833333333334
19.3227,-155.2177,4.91,1.55,1358,1358,1358,0,58.4625
19.3302,-155.1097,7.81,1.57,1359,1359,1359,0,46.783055555555556
19.3275,-155.1315,7.75,2.05,1360,1360,1360,0,46.118611111111115
19.3465,-155.1305,8.29,2.16,1361,1361,1361,0,45.91694444444445
19.3517,-155.1373,8.09,2.15,1362,1362,1362,0,45.783611111111114
19.3308,-155.1665,6.7,1.73,1363,1363,1363,0,25.738333333333333
19.3378,-155.2002,8.74,2.66,1364,1364,1364,1,0.0
19.3237,-155.1143,3.95,1.55,1365,1365,1365,1,0.0
19.3747,-155.0313,5.27,2.0,1366,1366,1366,1,0.0
19.4407,-155.459,7.61,2.24,1367,1367,1367,1,0.0
19.3113,-155.1418,6.62,1.59,1368,1368,1368,1,0.0
19.3988,-155.4977,8.98,1.63,1369,1369,1369,1,0.0
19.3165,-155.2283,6.55,1.61,1370,1370,1370,1,0.0
19.3187,-155.2215,7.82,2.08,1371,1371,1371,1,0.0
19.342,-155.1953,6.7,2.05,1372,1372,1372,1,0.0
19.3237,-155.185,6.63,1.6,1373,1373,1373,1,0.0
19.3065,-155.2245,8.54,2.22,1374,1374,1374,1,0.0
19.343,-155.162,7.15,1.54,1375,1375,1375,1,0.0
19.2907,-155.2318,6.27,1.94,1376,1376,1376,1,0.0
19.3762,-155.4055,10.08,2.66,1377,1377,1377,1,0.0
19.3427,-155.1378,7.03,2.03,1378,1378,1378,1,0.0
19.3375,-155.2118,7.63,1.88,1379,1379,1379,1,0.0
19.3395,-155.1862,7.25,1.57,1380,1380,1380,1,0.0
19.3203,-155.1483,6.33,1.63,1381,1381,1381,0,401.1116666666667
19.4455,-155.4558,10.05,1.75,1382,1382,1382,0,393.3888888888889
19.365,-155.0828,7.14,1.72,1383,1383,1383,0,391.9075
19.3635,-155.4735,5.79,2.31,1384,1384,1384,0,384.9116666666667
19.3813,-155.2845,13.17,2.56,1385,1385,1385,0,383.515
19.3223,-155.1997,6.95,1.89,1386,1386,1386,0,371.4763888888889
19.3312,-155.1475,8.03,1.81,1387,1387,1387,0,363.5113888888889
19.3587,-155.027,5.27,1.64,1388,1388,1388,0,358.6044444444444
19.367,-155.0765,6.96,2.13,1389,1389,1389,0,358.28583333333336
19.3208,-155.1977,9.31,2.84,1390,1390,1390,0,350.86055555555555
19.4472,-155.4247,11.81,3.01,1391,1391,1391,0,346.4847222222222
19.3443,-155.1942,8.75,2.17,1392,1392,1392,0,337.52222222222224
19.3025,-155.2177,7.37,1.9,1393,1393,1393,0,333.51166666666666
19.3375,-155.1955,8.9,2.37,1394,1394,1394,0,332.4116666666667
19.2993,-155.2188,7.19,2.03,1395,1395,1395,0,332.30833333333334
19.4445,-155.4272,11.07,2.12,1396,1396,1396,0,320.21666666666664
19.3185,-155.4403,11.16,3.14,1397,1397,1397,0,317.4197222222222
19.3272,-155.2087,7.62,1.63,1398,1398,1398,0,303.62
19.3203,-155.2175,7.55,1.59,1399,1399,1399,0,298.5308333333333
19.3425,-155.2042,7.72,2.48,1400,1400,1400,0,290.9172222222222
19.3607,-155.0217,6.84,2.24,1401,1401,1401,0,290.5511111111111
19.3465,-155.186,7.56,2.34,1402,1402,1402,0,284.3836111111111
19.3525,-155.0295,7.44,2.45,1403,1403,1403,0,278.875
19.3445,-155.1777,7.67,1.76,1404,1404,1404,0,275.6363888888889
19.3543,-155.0542,7.48,2.58,1405,1405,1405,0,268.9816666666667
19.4087,-155.4527,10.83,1.67,1406,1406,1406,0,251.49388888888888
19.3402,-155.1855,7.6,1.53,1407,1407,1407,0,245.86805555555554
19.3748,-155.0538,7.6,2.22,1408,1408,1408,0,218.7836111111111
19.2853,-155.481,6.82,1.54,1409,1409,1409,0,203.9286111111111
19.3233,-155.1473,6.22,1.63,1410,1410,1410,0,186.49166666666667
19.3358,-155.1438,8.2,2.04,1411,1411,1411,0,184.79333333333332
19.3348,-155.139,7.76,1.87,1412,1412,1412,0,178.07888888888888
19.3308,-155.171,6.17,1.66,1413,1413,1413,0,171.0586111111111
19.3678,-155.4215,9.2,2.28,1414,1414,1414,0,170.45583333333335
19.3285,-155.138,9.43,3.26,1415,1415,1415,0,162.2575
19.3563,-155.0428,6.41,2.02,1416,1416,1416,0,154.41944444444445
19.3347,-155.175,7.55,1.63,1417,1417,1417,0,153.04083333333332
19.3948,-155.0228,5.73,1.98,1418,1418,1418,0,142.11138888888888
19.4157,-155.4683,9.63,2.02,1419,1419,1419,0,125.06111111111112
19.3467,-155.2158,7.53,1.96,1420,1420,1420,0,107.5586111111111
19.3545,-155.1173,6.72,1.64,1421,1421,1421,0,107.21305555555556
19.3233,-155.2033,9.82,3.52,1422,1422,1422,0,60.35888888888889
19.3518,-155.131,9.44,2.67,1423,1423,1423,0,55.986111111111114
19.3365,-155.193,8.57,1.93,1424,1424,1424,0,22.17972222222222
19.3355,-155.1752,8.21,1.87,1425,1425,1425,0,19.075277777777778
19.3235,-155.19,6.7,1.78,1426,1426,1426,0,17.66
19.3445,-155.0762,6.25,2.03,1427,1427,1427,0,16.239166666666666
19.3288,-155.1318,5.3,1.68,1428,1428,1428,0,5.7908333333333335
19.3215,-155.1958,5.44,2.1,1429,1429,1429,0,0.7422222222222222
19.3235,-155.1417,5.23,1.9,1430,1430,1430,1,0.0
19.3333,-155.1905,5.71,1.74,1431,1431,1431,1,0.0
19.3693,-155.4315,10.79,3.16,1432,1432,1432,1,0.0
19.3613,-155.0773,8.55,2.65,1433,1433,1433,1,0.0
19.3288,-155.22,8.1,2.07,1434,1434,1434,1,0.0
19.341,-155.1585,6.75,1.9,1435,1435,1435,1,0.0
19.3143,-155.2535,9.62,2.65,1436,1436,1436,1,0.0
19.4295,-155.4648,8.18,2.88,1437,1437,1437,1,0.0
19.3392,-155.2232,7.92,2.6,1438,1438,1438,1,0.0
19.3272,-155.1267,8.74,2.97,1439,1439,1439,1,0.0
19.3523,-155.051,6.28,1.58,1440,1440,1440,1,0.0
19.3463,-155.1068,6.83,2.71,1441,1441,1441,1,0.0
19.5357,-155.2357,25.04,2.62,1442,1442,1442,0,655.7983333333333
19.3238,-155.1938,8.37,3.52,1443,1443,1443,0,645.6402777777778
19.3643,-155.0342,4.85,1.84,1444,1444,1444,0,636.0544444444445
19.3398,-155.1092,7.73,1.83,1445,1445,1445,0,632.0591666666667
19.3283,-155.1853,7.2,1.8,1446,1446,1446,0,626.0438888888889
19.3507,-155.1813,7.59,2.56,1447,1447,1447,0,585.705
19.3198,-155.2553,6.18,1.74,1448,1448,1448,0,571.7291666666666
19.4772,-155.462,10.4,2.22,1449,1449,1449,0,567.4661111111111
19.3263,-155.203,7.2,2.73,1450,1450,1450,0,564.2902777777778
19.3015,-155.2517,6.22,1.72,1451,1451,1451,0,563.4547222222222
19.3365,-155.2003,7.54,1.82,1452,1452,1452,0,552.5419444444444
19.4388,-155.406,8.0,1.9,1453,1453,1453,0,543.9644444444444
19.3422,-155.181,7.4,2.04,1454,1454,1454,0,501.7427777777778
19.3232,-155.2548,7.95,1.91,1455,1455,1455,0,495.73833333333334
19.3748,-155.1977,12.23,2.54,1456,1456,1456,0,491.78305555555556
19.3528,-155.2495,7.93,1.88,1457,1457,1457,0,488.8961111111111
19.3575,-155.2443,8.11,1.57,1458,1458,1458,0,488.83166666666665
19.3392,-155.1768,7.5,1.6,1459,1459,1459,0,466.9136111111111
19.411,-155.4325,8.61,2.12,1460,1460,1460,0,452.9788888888889
19.4418,-155.4898,8.48,1.52,1461,1461,1461,0,450.4502777777778
19.3625,-155.008,8.52,2.59,1462,1462,1462,0,446.1166666666667
19.3858,-155.4403,8.53,2.15,1463,1463,1463,0,444.59722222222223
19.3358,-155.2072,7.73,1.54,1464,1464,1464,0,436.0413888888889
19.3385,-155.0793,4.3,2.16,1465,1465,1465,0,426.63305555555553
19.3417,-155.1285,5.82,1.86,1466,1466,1466,0,424.4316666666667
19.3163,-155.1475,6.78,2.19,1467,1467,1467,0,422.335
19.4477,-155.467,9.13,1.95,1468,1468,1468,0,419.3833333333333
19.318,-155.2058,5.46,1.79,1469,1469,1469,0,411.6622222222222
19.3445,-155.4282,8.66,2.18,1470,1470,1470,0,406.6252777777778
19.4113,-155.4863,9.21,2.15,1471,1471,1471,0,404.6311111111111
19.4078,-155.4857,9.4,1.64,1472,1472,1472,0,403.8855555555556
19.3507,-155.1033,8.02,2.55,1473,1473,1473,0,394.42
19.337,-155.1787,6.68,2.05,1474,1474,1474,0,388.08972222222224
19.4007,-155.4427,8.74,2.26,1475,1475,1475,0,387.9091666666667
19.3437,-155.2128,7.71,1.52,1476,1476,1476,0,382.4111111111111
19.3425,-155.2245,7.98,1.84,1477,1477,1477,0,378.20666666666665
19.3777,-155.4525,8.28,2.34,1478,1478,1478,0,371.3863888888889
19.2573,-155.3763,6.62,1.56,1479,1479,1479,0,361.1436111111111
19.264,-155.3813,6.84,1.58,1480,1480,1480,0,359.6063888888889
19.3383,-155.1895,7.0,1.68,1481,1481,1481,0,353.5102777777778
19.3225,-155.1995,6.87,1.59,1482,1482,1482,0,346.8175
19.3465,-155.1635,8.17,2.1,1483,1483,1483,0,332.7891666666667
19.2962,-155.2783,9.01,2.85,1484,1484,1484,0,331.54055555555556
19.3377,-155.2078,7.57,2.18,1485,1485,1485,0,324.3052777777778
19.3345,-155.2155,6.48,1.58,1486,1486,1486,0,322.8025
19.3705,-155.409,10.35,2.92,1487,1487,1487,0,321.3513888888889
19.3745,-155.4178,10.89,2.79,1488,1488,1488,0,308.64
19.328,-155.1648,6.24,1.58,1489,1489,1489,0,302.34194444444444
19.4212,-155.4447,5.57,1.94,1490,1490,1490,0,297.73833333333334
19.339,-155.1948,7.01,2.27,1491,1491,1491,0,296.2080555555556
19.3515,-155.2993,28.44,1.52,1492,1492,1492,0,276.75055555555554
19.3663,-155.0805,8.51,2.57,1493,1493,1493,0,275.4372222222222
19.3393,-155.06,8.03,2.26,1494,1494,1494,0,275.3747222222222
19.3448,-155.0637,8.23,2.84,1495,1495,1495,0,275.1741666666667
19.3312,-155.2202,6.54,1.67,1496,1496,1496,0,274.3222222222222
19.3695,-155.0953,7.63,2.3,1497,1497,1497,0,247.4638888888889
19.3735,-155.0405,6.19,1.76,1498,1498,1498,0,208.83666666666667
19.3262,-155.1302,9.22,3.5,1499,1499,1499,0,187.94027777777777
19.3263,-155.1295,9.17,3.23,1500,1500,1500,0,187.11277777777778
19.3368,-155.502,7.56,2.75,1501,1501,1501,0,185.63055555555556
19.3325,-155.2042,8.0,2.06,1502,1502,1502,0,182.46194444444444
19.3358,-155.0677,6.53,1.84,1503,1503,1503,0,168.05638888888888
19.3128,-155.2287,7.29,1.91,1504,1504,1504,0,166.08833333333334
19.3083,-155.216,6.45,1.61,1505,1505,1505,0,157.9736111111111
19.3178,-155.2463,6.4,1.87,1506,1506,1506,0,153.64194444444445
19.343,-155.225,8.06,2.21,1507,1507,1507,0,151.54194444444445
19.3458,-155.0467,9.0,3.2,1508,1508,1508,0,138.56416666666667
19.349,-155.2335,8.54,2.05,1509,1509,1509,0,124.4125
19.4513,-155.4542,9.72,3.86,1510,1510,1510,0,118.17916666666666
19.3258,-155.1287,6.58,1.76,1511,1511,1511,0,116.465
19.4492,-155.4567,6.89,2.11,1512,1512,1512,0,115.10027777777778
19.3547,-155.0555,6.69,2.24,1513,1513,1513,0,114.21916666666667
19.326,-155.2038,4.02,1.58,1514,1514,1514,0,113.53805555555556
19.4177,-155.4443,10.39,1.65,1515,1515,1515,0,111.55805555555555
19.3497,-155.1205,7.23,1.8,1516,1516,1516,0,75.66361111111111
19.3415,-155.2,7.45,2.98,1517,1517,1517,0,59.07
19.4162,-155.415,10.28,1.63,1518,1518,1518,0,39.18416666666667
19.3385,-155.506,7.64,1.55,1519,1519,1519,0,33.439166666666665
19.4498,-155.4533,7.37,2.55,1520,1520,1520,0,15.368055555555555
19.4325,-155.4252,7.52,1.92,1521,1521,1521,0,8.354166666666666
19.3127,-155.2478,6.14,1.62,1522,1522,1522,0,3.8044444444444445
19.3093,-155.2327,5.89,1.92,1523,1523,1523,1,0.0
19.3165,-155.2357,8.17,2.22,1524,1524,1524,1,0.0
19.3508,-155.0557,6.84,1.58,1525,1525,1525,1,0.0
19.3205,-155.152,6.33,1.88,1526,1526,1526,1,0.0
19.3477,-155.4098,9.64,2.17,1527,1527,1527,1,0.0
19.3257,-155.2287,8.66,2.17,1528,1528,1528,1,0.0
19.3397,-155.1988,8.63,2.66,1529,1529,1529,1,0.0
19.428,-155.4302,3.68,2.85,1530,1530,1530,1,0.0
19.485,-155.1817,18.72,2.66,1531,1531,1531,0,528.6013888888889
19.3383,-155.2088,7.41,1.52,1532,1532,1532,0,527.3686111111111
19.3533,-155.0627,6.27,1.53,1533,1533,1533,0,527.0572222222222
19.3968,-155.267,3.06,1.78,1534,1534,1534,0,523.9452777777777
19.3432,-155.202,7.94,1.71,1535,1535,1535,0,509.06805555555553
19.3205,-155.2555,8.55,2.22,1536,1536,1536,0,508.8833333333333
19.3397,-155.2142,8.01,2.06,1537,1537,1537,0,499.4194444444444
19.2805,-155.36,7.43,2.7,1538,1538,1538,0,489.6697222222222
19.3327,-155.2133,5.67,1.51,1539,1539,1539,0,483.7680555555556
19.3497,-155.2192,7.38,1.59,1540,1540,1540,0,463.88722222222225
19.329,-155.2157,6.42,1.87,1541,1541,1541,0,452.9263888888889
19.3525,-155.0442,6.35,1.96,1542,1542,1542,0,435.24833333333333
19.3268,-155.2535,6.89,2.08,1543,1543,1543,0,431.0075
19.3443,-155.1902,9.09,2.75,1544,1544,1544,0,428.8097222222222
19.3043,-155.2303,8.08,1.72,1545,1545,1545,0,425.4927777777778
19.4148,-155.2677,15.54,3.64,1546,1546,1546,0,423.9061111111111
19.4157,-155.2643,15.06,2.15,1547,1547,1547,0,423.8461111111111
19.4168,-155.2658,15.16,1.55,1548,1548,1548,0,423.5075
19.3657,-155.0277,5.54,1.68,1549,1549,1549,0,422.06166666666667
19.2833,-155.356,4.59,1.8,1550,1550,1550,0,415.04277777777776
19.3408,-155.2148,8.53,2.36,1551,1551,1551,0,409.12916666666666
19.3112,-155.2118,6.37,1.63,1552,1552,1552,0,407.56916666666666
19.329,-155.1927,7.52,2.27,1553,1553,1553,0,405.5341666666667
19.331,-155.2147,7.16,1.76,1554,1554,1554,0,404.72805555555556
19.3245,-155.1807,7.28,1.89,1555,1555,1555,0,401.9116666666667
19.367,-155.0108,3.79,1.6,1556,1556,1556,0,400.7894444444444
19.3492,-155.0563,4.65,1.53,1557,1557,1557,0,397.2133333333333
19.363,-155.0643,6.51,1.52,1558,1558,1558,0,396.60083333333336
19.3387,-155.217,6.67,1.61,1559,1559,1559,0,391.8338888888889
19.4408,-155.4875,10.73,2.56,1560,1560,1560,0,385.62166666666667
19.3533,-155.039,5.87,1.79,1561,1561,1561,0,383.25
19.4077,-155.4258,8.15,1.77,1562,1562,1562,0,381.2161111111111
19.3293,-155.2175,6.4,1.59,1563,1563,1563,0,374.9897222222222
19.3388,-155.1558,6.85,1.68,1564,1564,1564,0,370.6075
19.3407,-155.22,7.76,2.06,1565,1565,1565,0,350.89222222222224
19.3577,-155.4718,9.18,1.56,1566,1566,1566,0,350.2738888888889
19.3598,-155.4755,8.92,1.59,1567,1567,1567,0,349.7630555555556
19.3083,-155.2572,6.24,2.11,1568,1568,1568,0,347.48083333333335
19.3892,-155.4183,8.1,2.13,1569,1569,1569,0,329.2547222222222
19.3703,-155.087,7.16,2.0,1570,1570,1570,0,324.78
19.4293,-155.452,10.97,6.72,1571,1571,1571,0,319.78333333333336
19.4262,-155.3557,6.86,1.56,1572,1572,1572,0,316.38444444444445
19.406,-155.4535,9.68,2.67,1573,1573,1573,0,316.1961111111111
19.4185,-155.3335,1.74,2.55,1574,1574,1574,0,316.10333333333335
19.4593,-155.4423,7.02,2.74,1575,1575,1575,0,315.98305555555555
19.2302,-155.3702,5.53,2.27,1576,1576,1576,0,315.965
19.387,-155.4993,1.86,1.92,1577,1577,1577,0,315.9525
19.4273,-155.4892,9.6,1.88,1578,1578,1578,0,315.9002777777778
19.4175,-155.5053,12.28,1.87,1579,1579,1579,0,315.84722222222223
19.4108,-155.4323,10.81,1.58,1580,1580,1580,0,315.7286111111111
19.4213,-155.3527,9.69,1.61,1581,1581,1581,0,315.6661111111111
19.3413,-155.2715,1.29,2.59,1582,1582,1582,0,315.61694444444447
19.4752,-155.4095,1.36,1.76,1583,1583,1583,0,315.49805555555554
19.2638,-155.3813,4.93,2.84,1584,1584,1584,0,315.3861111111111
19.423,-155.3263,5.25,2.85,1585,1585,1585,0,315.2361111111111
19.3862,-155.4333,11.99,1.59,1586,1586,1586,0,315.1988888888889
19.4172,-155.2635,14.96,2.5,1587,1587,1587,0,315.18833333333333
19.292,-155.4668,9.53,2.81,1588,1588,1588,0,315.0963888888889
19.4467,-155.401,10.41,2.63,1589,1589,1589,0,315.0211111111111
19.42,-155.3633,12.63,2.59,1590,1590,1590,0,315.00694444444446
19.2987,-155.2195,7.01,2.47,1591,1591,1591,0,314.99888888888887
19.366,-155.3563,9.45,1.55,1592,1592,1592,0,314.97777777777776
19.3845,-155.3712,10.87,1.62,1593,1593,1593,0,314.95416666666665
19.3863,-155.488,11.84,1.59,1594,1594,1594,0,314.8980555555556
19.4222,-155.4613,9.25,1.77,1595,1595,1595,0,314.85583333333335
19.436,-155.3635,11.6,1.69,1596,1596,1596,0,314.7775
19.4678,-155.4358,9.97,1.79,1597,1597,1597,0,314.6675
19.4507,-155.4535,2.31,2.92,1598,1598,1598,0,314.6322222222222
19.385,-155.4485,11.18,2.14,1599,1599,1599,0,314.5861111111111
19.4103,-155.3575,10.4,1.98,1600,1600,1600,0,314.5313888888889
19.4337,-155.463,17.2,1.99,1601,1601,1601,0,314.51472222222225
19.3798,-155.4323,11.16,1.58,1602,1602,1602,0,314.4811111111111
19.3482,-155.3833,11.35,1.66,1603,1603,1603,0,314.4436111111111
19.423,-155.3373,2.77,1.77,1604,1604,1604,0,314.4033333333333
19.4323,-155.4533,9.79,1.62,1605,1605,1605,0,314.33972222222224
19.3233,-155.496,8.77,1.65,1606,1606,1606,0,314.3088888888889
19.4233,-155.4977,9.55,1.69,1607,1607,1607,0,314.2936111111111
19.3417,-155.4065,12.99,1.7,1608,1608,1608,0,314.19444444444446
19.466,-155.4377,8.63,2.14,1609,1609,1609,0,314.1172222222222
19.4272,-155.5117,11.32,2.72,1610,1610,1610,0,314.0808333333333
19.4615,-155.4135,10.06,2.54,1611,1611,1611,0,313.99555555555554
19.4238,-155.4663,11.53,2.28,1612,1612,1612,0,313.9688888888889
19.3668,-155.4278,12.46,1.59,1613,1613,1613,0,313.94416666666666
19.3932,-155.516,12.1,1.78,1614,1614,1614,0,313.74055555555555
19.4543,-155.4003,11.33,1.86,1615,1615,1615,0,313.5836111111111
19.3445,-155.0395,9.36,2.56,1616,1616,1616,0,313.49055555555555
19.3312,-155.4285,10.13,2.03,1617,1617,1617,0,313.4736111111111
19.482,-155.4538,11.32,2.2,1618,1618,1618,0,313.30444444444447
19.475,-155.4318,9.88,2.6,1619,1619,1619,0,313.25416666666666
19.409,-155.3637,11.38,2.01,1620,1620,1620,0,313.06333333333333
19.5235,-155.4663,6.54,2.84,1621,1621,1621,0,312.9197222222222
19.4602,-155.405,11.4,2.01,1622,1622,1622,0,312.8127777777778
19.4603,-155.3805,3.62,2.15,1623,1623,1623,0,312.7577777777778
19.3822,-155.5047,11.43,2.0,1624,1624,1624,0,312.6980555555556
19.3917,-155.42,10.56,1.57,1625,1625,1625,0,312.6188888888889
19.468,-155.4388,10.31,1.85,1626,1626,1626,0,312.59555555555556
19.4458,-155.3803,9.78,2.65,1627,1627,1627,0,312.58722222222224
19.3238,-155.5083,10.01,2.07,1628,1628,1628,0,312.53194444444443
19.4855,-155.3958,11.75,4.23,1629,1629,1629,0,312.4866666666667
19.3805,-155.4442,10.43,2.0,1630,1630,1630,0,312.42333333333335
19.4003,-155.359,11.26,2.97,1631,1631,1631,0,312.3952777777778
19.3248,-155.4495,11.33,1.67,1632,1632,1632,0,312.28222222222223
19.4027,-155.4268,10.46,1.69,1633,1633,1633,0,312.26972222222224
19.3728,-155.3682,10.21,1.7,1634,1634,1634,0,312.1308333333333
19.3858,-155.4367,10.33,1.89,1635,1635,1635,0,312.0938888888889
19.4665,-155.3702,1.75,1.79,1636,1636,1636,0,312.03222222222223
19.457,-155.4092,1.23,2.18,1637,1637,1637,0,311.8963888888889
19.2243,-155.3895,6.63,1.72,1638,1638,1638,0,311.8825
19.4467,-155.4402,3.01,2.61,1639,1639,1639,0,311.8313888888889
19.3462,-155.3658,8.86,1.74,1640,1640,1640,0,311.7825
19.3362,-155.5055,7.2,1.79,1641,1641,1641,0,311.7677777777778
19.4768,-155.3672,5.42,2.01,1642,1642,1642,0,311.61833333333334
19.3928,-155.4347,11.06,3.15,1643,1643,1643,0,311.6047222222222
19.3617,-155.4665,9.46,1.96,1644,1644,1644,0,311.5394444444444
19.4283,-155.3412,8.46,1.67,1645,1645,1645,0,311.3461111111111
19.4537,-155.3883,8.4,2.57,1646,1646,1646,0,311.1302777777778
19.4543,-155.3917,9.38,3.14,1647,1647,1647,0,311.03805555555556
19.3837,-155.4438,9.92,2.11,1648,1648,1648,0,310.9458333333333
19.2663,-155.3588,6.3,1.73,1649,1649,1649,0,310.9216666666667
19.4293,-155.4655,4.97,1.8,1650,1650,1650,0,310.9066666666667
19.4225,-155.356,3.91,2.04,1651,1651,1651,0,310.81416666666667
19.4328,-155.4963,10.18,2.82,1652,1652,1652,0,310.75416666666666
19.4198,-155.3285,3.49,1.56,1653,1653,1653,0,310.7216666666667
19.5352,-155.4632,2.65,2.05,1654,1654,1654,0,310.68361111111113
19.4185,-155.4798,8.24,1.59,1655,1655,1655,0,310.65444444444444
19.3415,-155.4018,12.5,1.87,1656,1656,1656,0,310.44666666666666
19.396,-155.4447,11.1,2.5,1657,1657,1657,0,310.41805555555555
19.3385,-155.3977,12.64,2.15,1658,1658,1658,0,310.305
19.4165,-155.3292,4.22,2.98,1659,1659,1659,0,310.0152777777778
19.4177,-155.3258,4.59,2.55,1660,1660,1660,0,309.975
19.4262,-155.325,5.81,3.45,1661,1661,1661,0,309.8586111111111
19.4098,-155.3613,11.25,1.79,1662,1662,1662,0,309.735
19.4693,-155.4517,8.24,2.92,1663,1663,1663,0,309.68833333333333
19.5227,-155.4428,3.08,1.71,1664,1664,1664,0,309.5813888888889
19.3702,-155.4718,6.86,2.55,1665,1665,1665,0,309.4536111111111
19.4927,-155.4325,2.54,2.7,1666,1666,1666,0,309.3277777777778
19.4618,-155.4155,9.23,1.63,1667,1667,1667,0,309.13722222222225
19.3727,-155.4412,10.17,1.82,1668,1668,1668,0,309.0386111111111
19.4873,-155.4548,6.05,1.56,1669,1669,1669,0,308.98277777777776
19.4547,-155.393,12.38,2.3,1670,1670,1670,0,308.90944444444443
19.2997,-155.2178,4.2,1.81,1671,1671,1671,0,308.81
19.4333,-155.3295,1.86,1.73,1672,1672,1672,0,308.7661111111111
19.425,-155.3253,3.62,1.62,1673,1673,1673,0,308.725
19.4592,-155.4343,6.93,1.6,1674,1674,1674,0,308.6972222222222
19.379,-155.4513,7.94,2.08,1675,1675,1675,0,308.58194444444445
19.3615,-155.473,10.59,3.44,1676,1676,1676,0,308.45
19.4982,-155.4942,2.92,1.69,1677,1677,1677,0,308.32472222222225
19.4615,-155.4373,7.04,2.0,1678,1678,1678,0,308.1638888888889
19.4648,-155.4007,4.17,2.08,1679,1679,1679,0,308.09527777777777
19.289,-155.2227,5.41,1.99,1680,1680,1680,0,307.7286111111111
19.4595,-155.4295,9.39,2.15,1681,1681,1681,0,307.67
19.3558,-155.3693,10.47,1.67,1682,1682,1682,0,307.62166666666667
19.3803,-155.4125,8.91,1.82,1683,1683,1683,0,307.6097222222222
19.418,-155.3282,4.51,1.58,1684,1684,1684,0,307.345
19.4333,-155.4687,10.2,2.0,1685,1685,1685,0,307.3202777777778
19.4052,-155.4928,8.88,1.62,1686,1686,1686,0,307.19944444444445
19.2833,-155.2185,4.7,1.88,1687,1687,1687,0,307.03027777777777
19.4578,-155.4013,7.97,1.77,1688,1688,1688,0,306.84527777777777
19.461,-155.426,7.78,2.01,1689,1689,1689,0,306.78027777777777
19.3875,-155.4582,9.87,1.81,1690,1690,1690,0,306.7088888888889
19.3348,-155.1315,6.68,2.41,1691,1691,1691,0,306.62805555555553
19.3048,-155.2177,5.89,1.61,1692,1692,1692,0,306.5961111111111
19.3638,-155.3607,9.84,1.76,1693,1693,1693,0,306.31555555555553
19.4485,-155.3885,10.22,1.71,1694,1694,1694,0,306.28833333333336
19.3818,-155.4333,10.63,1.68,1695,1695,1695,0,306.225
19.5003,-155.3793,7.87,2.66,1696,1696,1696,0,306.1588888888889
19.4347,-155.3513,5.58,2.15,1697,1697,1697,0,306.12194444444447
19.4222,-155.326,8.49,1.79,1698,1698,1698,0,306.06361111111113
19.4472,-155.3953,11.04,1.83,1699,1699,1699,0,305.9769444444444
19.4695,-155.4183,9.63,1.52,1700,1700,1700,0,305.8786111111111
19.4673,-155.358,1.49,2.48,1701,1701,1701,0,305.6925
19.3713,-155.4017,11.61,1.67,1702,1702,1702,0,305.5513888888889
19.475,-155.4373,9.8,2.14,1703,1703,1703,0,305.4897222222222
19.3907,-155.4537,10.74,1.71,1704,1704,1704,0,305.2991666666667
19.3532,-155.5167,8.63,2.43,1705,1705,1705,0,305.20694444444445
19.3988,-155.5013,7.65,2.02,1706,1706,1706,0,305.00694444444446
19.3573,-155.363,9.28,1.94,1707,1707,1707,0,304.9577777777778
19.4562,-155.4272,4.74,2.21,1708,1708,1708,0,304.8025
19.3857,-155.492,10.1,1.62,1709,1709,1709,0,304.7261111111111
19.5013,-155.453,3.48,3.15,1710,1710,1710,0,304.7102777777778
19.199,-155.3738,6.97,2.13,1711,1711,1711,0,304.6433333333333
19.421,-155.4955,8.6,2.7,1712,1712,1712,0,304.58222222222224
19.4473,-155.4,11.95,1.9,1713,1713,1713,0,304.5519444444444
19.4167,-155.4253,10.26,1.64,1714,1714,1714,0,304.4247222222222
19.4267,-155.4742,9.23,2.23,1715,1715,1715,0,304.3905555555556
19.492,-155.4963,2.36,2.86,1716,1716,1716,0,304.2661111111111
19.3093,-155.2568,7.48,1.67,1717,1717,1717,0,303.95444444444445
19.4173,-155.3218,3.87,1.91,1718,1718,1718,0,303.9313888888889
19.4252,-155.3348,8.45,1.72,1719,1719,1719,0,303.9122222222222
19.2995,-155.2638,10.0,3.25,1720,1720,1720,0,303.7872222222222
19.3802,-155.4735,2.0,1.98,1721,1721,1721,0,303.6358333333333
19.4427,-155.381,6.77,2.04,1722,1722,1722,0,303.6097222222222
19.352,-155.3985,10.38,2.5,1723,1723,1723,0,303.4313888888889
19.4825,-155.4198,2.92,1.98,1724,1724,1724,0,303.3486111111111
19.468,-155.4282,7.99,2.22,1725,1725,1725,0,303.3408333333333
19.4762,-155.4248,6.14,1.54,1726,1726,1726,0,303.24305555555554
19.42,-155.3237,4.97,1.79,1727,1727,1727,0,303.22194444444443
19.5223,-155.4583,3.96,2.36,1728,1728,1728,0,303.18888888888887
19.4067,-155.3572,11.36,1.76,1729,1729,1729,0,303.14972222222224
19.416,-155.4993,10.48,2.21,1730,1730,1730,0,303.12638888888887
19.383,-155.4533,10.18,2.69,1731,1731,1731,0,303.0827777777778
19.4102,-155.359,10.98,1.82,1732,1732,1732,0,302.72805555555556
19.3763,-155.3595,8.39,1.62,1733,1733,1733,0,302.6061111111111
19.4605,-155.4548,5.4,2.01,1734,1734,1734,0,302.4977777777778
19.358,-155.3708,10.63,1.95,1735,1735,1735,0,302.11611111111114
19.423,-155.461,9.41,2.06,1736,1736,1736,0,301.7625
19.4152,-155.4928,10.44,1.92,1737,1737,1737,0,301.71444444444444
19.4573,-155.4252,8.51,2.0,1738,1738,1738,0,301.6977777777778
19.222,-155.3553,5.42,1.8,1739,1739,1739,0,301.6091666666667
19.3675,-155.4375,10.66,1.93,1740,1740,1740,0,301.55333333333334
19.3595,-155.0495,8.26,1.96,1741,1741,1741,0,301.1213888888889
19.4692,-155.448,4.25,1.72,1742,1742,1742,0,301.0875
19.3585,-155.4707,8.79,1.86,1743,1743,1743,0,300.75638888888886
19.4818,-155.4108,2.7,1.92,1744,1744,1744,0,300.53305555555556
19.4625,-155.4367,7.2,2.03,1745,1745,1745,0,300.49083333333334
19.3847,-155.433,9.69,1.75,1746,1746,1746,0,300.3377777777778
19.4272,-155.3608,11.31,2.02,1747,1747,1747,0,299.96222222222224
19.4198,-155.3437,8.45,1.82,1748,1748,1748,0,299.88916666666665
19.4827,-155.4033,9.17,1.8,1749,1749,1749,0,299.7941666666667
19.3358,-155.2175,8.89,2.36,1750,1750,1750,0,299.5855555555556
19.3828,-155.4633,9.71,1.7,1751,1751,1751,0,299.5002777777778
19.4678,-155.4268,6.31,1.76,1752,1752,1752,0,299.42555555555555
19.4337,-155.4503,9.91,2.24,1753,1753,1753,0,299.1480555555556
19.4477,-155.4357,2.94,2.91,1754,1754,1754,0,298.9861111111111
19.472,-155.4545,3.26,1.91,1755,1755,1755,0,298.88305555555553
19.4228,-155.4865,10.25,2.69,1756,1756,1756,0,298.85777777777776
19.3765,-155.4322,10.22,1.73,1757,1757,1757,0,298.7838888888889
19.3473,-155.0388,7.43,2.55,1758,1758,1758,0,298.73805555555555
19.3507,-155.3745,9.85,1.63,1759,1759,1759,0,298.7272222222222
19.4195,-155.4868,10.54,2.17,1760,1760,1760,0,298.6661111111111
19.3662,-155.4647,10.92,2.72,1761,1761,1761,0,298.49944444444446
19.5325,-155.4562,4.44,1.87,1762,1762,1762,0,298.4144444444444
19.3937,-155.4515,10.18,1.83,1763,1763,1763,0,298.2825
19.3668,-155.462,8.68,1.51,1764,1764,1764,0,298.1138888888889
19.3643,-155.3642,10.96,1.7,1765,1765,1765,0,297.91
19.2415,-155.2932,8.46,1.77,1766,1766,1766,0,297.8386111111111
19.4585,-155.4303,9.09,1.79,1767,1767,1767,0,297.72777777777776
19.5022,-155.4593,5.14,1.59,1768,1768,1768,0,297.4772222222222
19.4353,-155.5042,8.43,2.7,1769,1769,1769,0,297.3772222222222
19.4647,-155.4227,8.35,2.72,1770,1770,1770,0,297.3019444444444
19.347,-155.0423,7.42,2.68,1771,1771,1771,0,297.2763888888889
19.3463,-155.074,4.71,2.02,1772,1772,1772,0,297.23555555555555
19.1875,-155.351,5.77,2.18,1773,1773,1773,0,296.99555555555554
19.533,-155.439,2.05,1.55,1774,1774,1774,0,296.92833333333334
19.4493,-155.4357,9.31,1.68,1775,1775,1775,0,296.88916666666665
19.4545,-155.3887,11.35,1.55,1776,1776,1776,0,296.605
19.3798,-155.4485,11.06,2.52,1777,1777,1777,0,296.0183333333333
19.4478,-155.4678,9.01,1.65,1778,1778,1778,0,295.92083333333335
19.4258,-155.357,9.54,1.87,1779,1779,1779,0,295.8011111111111
19.4595,-155.4913,11.16,2.11,1780,1780,1780,0,295.6380555555556
19.4645,-155.433,8.68,1.75,1781,1781,1781,0,295.5961111111111
19.3475,-155.5,5.69,1.61,1782,1782,1782,0,295.5155555555556
19.3743,-155.4413,10.95,1.86,1783,1783,1783,0,295.31694444444446
19.3993,-155.4528,10.46,1.95,1784,1784,1784,0,295.1644444444444
19.4707,-155.4508,7.23,1.63,1785,1785,1785,0,295.0997222222222
19.4283,-155.3517,9.93,1.75,1786,1786,1786,0,295.0883333333333
19.4142,-155.4677,8.97,1.98,1787,1787,1787,0,294.7925
19.4157,-155.4945,8.51,1.72,1788,1788,1788,0,294.62611111111113
19.3893,-155.4338,9.67,1.79,1789,1789,1789,0,294.52194444444444
19.3818,-155.4438,11.19,2.86,1790,1790,1790,0,294.4886111111111
19.4158,-155.4985,8.86,2.01,1791,1791,1791,0,294.41277777777776
19.534,-155.4573,3.04,1.87,1792,1792,1792,0,294.2288888888889
19.453,-155.436,3.53,1.73,1793,1793,1793,0,294.15777777777777
19.4747,-155.4232,4.36,1.74,1794,1794,1794,0,294.0938888888889
19.4193,-155.3305,4.79,1.77,1795,1795,1795,0,294.08694444444444
19.4148,-155.3388,7.96,1.93,1796,1796,1796,0,294.0805555555556
19.4242,-155.4635,8.11,1.6,1797,1797,1797,0,293.515
19.3747,-155.4328,9.72,2.07,1798,1798,1798,0,293.44944444444445
19.251,-155.3333,8.58,1.75,1799,1799,1799,0,293.43833333333333
19.4452,-155.4568,5.2,1.63,1800,1800,1800,0,293.33194444444445
19.2267,-155.3808,8.51,2.15,1801,1801,1801,0,293.17027777777776
19.4678,-155.444,7.51,1.67,1802,1802,1802,0,292.53527777777776
19.4498,-155.3945,12.01,1.96,1803,1803,1803,0,292.4458333333333
19.482,-155.4533,1.99,1.76,1804,1804,1804,0,292.3772222222222
19.4363,-155.3693,7.82,2.25,1805,1805,1805,0,292.31083333333333
19.4707,-155.4358,9.6,1.68,1806,1806,1806,0,292.0341666666667
19.384,-155.444,9.25,2.26,1807,1807,1807,0,291.90944444444443
19.4727,-155.4058,3.9,1.66,1808,1808,1808,0,291.8311111111111
19.363,-155.3532,8.84,1.91,1809,1809,1809,0,291.7005555555556
19.4608,-155.3998,9.31,1.88,1810,1810,1810,0,291.62305555555554
19.3673,-155.4812,3.87,2.71,1811,1811,1811,0,291.54055555555556
19.4618,-155.4233,9.39,1.71,1812,1812,1812,0,291.50388888888887
19.5035,-155.4843,3.3,2.15,1813,1813,1813,0,291.18638888888887
19.3942,-155.4353,6.66,1.91,1814,1814,1814,0,290.91555555555556
19.4263,-155.4758,7.23,2.06,1815,1815,1815,0,290.8886111111111
19.3847,-155.418,8.96,1.76,1816,1816,1816,0,290.87111111111113
19.4625,-155.4487,6.11,1.62,1817,1817,1817,0,290.75333333333333
19.3655,-155.4432,10.0,1.65,1818,1818,1818,0,290.7397222222222
19.418,-155.3538,8.96,1.68,1819,1819,1819,0,290.56361111111113
19.399,-155.4545,10.07,1.8,1820,1820,1820,0,290.27472222222224
19.3533,-155.4907,5.17,1.76,1821,1821,1821,0,289.8491666666667
19.3693,-155.477,8.54,3.76,1822,1822,1822,0,289.7866666666667
19.4165,-155.3313,5.19,2.58,1823,1823,1823,0,289.74944444444446
19.4365,-155.3208,1.68,1.83,1824,1824,1824,0,289.7313888888889
19.431,-155.3225,8.18,2.04,1825,1825,1825,0,289.57055555555553
19.436,-155.4897,9.22,1.65,1826,1826,1826,0,289.42583333333334
19.4215,-155.4758,9.86,1.59,1827,1827,1827,0,289.2841666666667
19.4168,-155.3205,5.75,1.93,1828,1828,1828,0,289.2063888888889
19.4295,-155.4893,9.66,1.95,1829,1829,1829,0,289.14444444444445
19.422,-155.5085,11.45,1.68,1830,1830,1830,0,288.62166666666667
19.473,-155.3888,1.71,1.69,1831,1831,1831,0,288.61
19.3838,-155.4467,8.53,1.73,1832,1832,1832,0,288.59833333333336
19.3733,-155.4327,9.54,1.54,1833,1833,1833,0,288.3263888888889
19.4677,-155.428,5.98,1.51,1834,1834,1834,0,288.25444444444446
19.4655,-155.44,7.76,1.92,1835,1835,1835,0,288.10055555555556
19.3997,-155.4392,10.44,2.14,1836,1836,1836,0,287.9313888888889
19.3933,-155.4482,9.26,1.96,1837,1837,1837,0,287.7919444444444
19.4745,-155.4678,3.65,1.93,1838,1838,1838,0,287.6072222222222
19.3627,-155.3808,7.71,1.86,1839,1839,1839,0,287.5813888888889
19.3847,-155.4393,8.82,1.82,1840,1840,1840,0,287.0441666666667
19.4472,-155.485,8.54,1.61,1841,1841,1841,0,286.9297222222222
19.387,-155.4428,11.49,1.92,1842,1842,1842,0,286.18861111111113
19.538,-155.4482,3.32,2.27,1843,1843,1843,0,285.83694444444444
19.3087,-155.2167,8.5,2.53,1844,1844,1844,0,285.57694444444445
19.4645,-155.4678,7.58,1.7,1845,1845,1845,0,285.45666666666665
19.3888,-155.4585,11.61,2.17,1846,1846,1846,0,285.4483333333333
19.3467,-155.3848,9.17,1.8,1847,1847,1847,0,285.40777777777777
19.3792,-155.3407,9.59,1.63,1848,1848,1848,0,285.2675
19.3633,-155.3853,9.93,1.52,1849,1849,1849,0,285.2269444444444
19.4273,-155.467,5.15,1.84,1850,1850,1850,0,285.17861111111114
19.3975,-155.4472,9.63,2.0,1851,1851,1851,0,285.1525
19.415,-155.4715,8.37,1.68,1852,1852,1852,0,284.9297222222222
19.3547,-155.3662,10.83,1.9,1853,1853,1853,0,284.5338888888889
19.2305,-155.3353,8.64,1.9,1854,1854,1854,0,284.06944444444446
19.3518,-155.4152,12.74,1.86,1855,1855,1855,0,284.0472222222222
19.471,-155.4533,5.1,1.55,1856,1856,1856,0,283.9683333333333
19.4092,-155.3365,6.96,1.77,1857,1857,1857,0,283.8836111111111
19.4413,-155.461,5.34,2.11,1858,1858,1858,0,283.8386111111111
19.4233,-155.3258,2.68,1.68,1859,1859,1859,0,283.65972222222223
19.4202,-155.489,9.91,1.99,1860,1860,1860,0,283.5486111111111
19.2913,-155.2328,6.75,2.29,1861,1861,1861,0,283.2597222222222
19.4145,-155.3458,9.51,1.88,1862,1862,1862,0,283.19944444444445
19.4312,-155.4668,6.55,1.51,1863,1863,1863,0,283.1141666666667
19.4547,-155.3948,8.06,1.87,1864,1864,1864,0,282.7536111111111
19.431,-155.4307,8.94,1.7,1865,1865,1865,0,282.47527777777776
19.4107,-155.363,9.86,1.56,1866,1866,1866,0,282.4530555555556
19.4203,-155.4855,8.78,1.53,1867,1867,1867,0,282.3525
19.378,-155.4442,10.11,2.11,1868,1868,1868,0,282.1380555555556
19.3548,-155.3897,11.18,1.71,1869,1869,1869,0,282.0163888888889
19.3603,-155.394,9.64,2.46,1870,1870,1870,0,281.71527777777777
19.462,-155.408,2.15,1.74,1871,1871,1871,0,281.69
19.4732,-155.3853,2.45,1.56,1872,1872,1872,0,281.3225
19.3207,-155.2197,8.05,1.61,1873,1873,1873,0,281.2625
19.4052,-155.4023,8.91,1.72,1874,1874,1874,0,280.8827777777778
19.3495,-155.3968,9.8,1.66,1875,1875,1875,0,280.8333333333333
19.4625,-155.4465,6.44,1.59,1876,1876,1876,0,280.67805555555555
19.3542,-155.0363,6.16,2.25,1877,1877,1877,0,280.57194444444445
19.4647,-155.444,2.46,1.58,1878,1878,1878,0,280.4552777777778
19.4257,-155.3672,11.55,2.59,1879,1879,1879,0,280.4136111111111
19.4143,-155.3367,7.59,1.57,1880,1880,1880,0,280.2163888888889
19.452,-155.4338,5.62,2.08,1881,1881,1881,0,279.97
19.3702,-155.4397,9.78,1.62,1882,1882,1882,0,279.81083333333333
19.1722,-155.3622,0.01,1.75,1883,1883,1883,0,279.45472222222224
19.3425,-155.4023,13.06,1.99,1884,1884,1884,0,279.34
19.4222,-155.502,10.92,1.88,1885,1885,1885,0,279.2944444444444
19.359,-155.3672,10.34,1.75,1886,1886,1886,0,278.7872222222222
19.4243,-155.3297,8.83,1.73,1887,1887,1887,0,278.65805555555556
19.463,-155.411,8.65,1.6,1888,1888,1888,0,278.5827777777778
19.4688,-155.4193,0.62,1.77,1889,1889,1889,0,278.57472222222225
19.4647,-155.4363,8.05,1.79,1890,1890,1890,0,278.53277777777777
19.4713,-155.3535,2.02,3.72,1891,1891,1891,0,278.4888888888889
19.4457,-155.4598,8.69,2.04,1892,1892,1892,0,278.3333333333333
19.314,-155.2193,3.94,1.75,1893,1893,1893,0,278.28027777777777
19.45,-155.4852,9.94,2.0,1894,1894,1894,0,278.1947222222222
19.4455,-155.4102,9.6,1.94,1895,1895,1895,0,277.80944444444447
19.3402,-155.4012,13.61,1.77,1896,1896,1896,0,277.7547222222222
19.386,-155.4238,10.73,1.92,1897,1897,1897,0,277.6191666666667
19.3698,-155.4407,10.86,2.1,1898,1898,1898,0,277.2319444444444
19.4005,-155.4423,10.87,2.54,1899,1899,1899,0,277.16833333333335
19.3175,-155.2232,7.92,2.22,1900,1900,1900,0,277.005
19.4203,-155.3408,8.17,1.94,1901,1901,1901,0,276.61305555555555
19.47,-155.4352,11.12,2.18,1902,1902,1902,0,276.5286111111111
19.4487,-155.3932,8.61,1.87,1903,1903,1903,0,276.4875
19.3502,-155.4937,5.96,3.01,1904,1904,1904,0,276.4402777777778
19.4138,-155.3325,5.66,1.71,1905,1905,1905,0,276.06
19.4135,-155.3325,5.61,1.6,1906,1906,1906,0,275.79055555555556
19.3682,-155.368,10.48,2.64,1907,1907,1907,0,275.66305555555556
19.3918,-155.353,11.28,2.07,1908,1908,1908,0,275.48277777777776
19.452,-155.4813,9.65,1.56,1909,1909,1909,0,275.40833333333336
19.4138,-155.359,11.47,1.61,1910,1910,1910,0,275.2272222222222
19.4235,-155.3292,3.81,3.24,1911,1911,1911,0,274.96805555555557
19.4157,-155.3273,3.15,1.73,1912,1912,1912,0,274.80027777777775
19.4205,-155.3408,8.85,2.15,1913,1913,1913,0,273.29305555555555
19.3697,-155.4013,12.52,1.97,1914,1914,1914,0,272.51472222222225
19.4107,-155.5047,10.83,1.64,1915,1915,1915,0,272.40805555555556
19.4748,-155.4537,3.46,1.52,1916,1916,1916,0,272.1672222222222
19.4165,-155.3653,11.06,2.51,1917,1917,1917,0,271.1486111111111
19.4178,-155.3513,8.59,1.68,1918,1918,1918,0,270.92944444444447
19.4692,-155.4205,7.64,1.68,1919,1919,1919,0,270.92083333333335
19.387,-155.4302,9.79,1.98,1920,1920,1920,0,270.90972222222223
19.4598,-155.4175,8.26,1.62,1921,1921,1921,0,270.88166666666666
19.3757,-155.4645,10.18,1.71,1922,1922,1922,0,270.4288888888889
19.4152,-155.335,8.02,1.56,1923,1923,1923,0,269.4530555555556
19.4337,-155.4957,8.52,1.81,1924,1924,1924,0,269.15694444444443
19.1612,-155.3398,4.48,2.23,1925,1925,1925,0,268.47777777777776
19.3865,-155.4503,9.92,2.29,1926,1926,1926,0,268.1405555555556
19.432,-155.3322,3.82,2.14,1927,1927,1927,0,268.08944444444444
19.3655,-155.44,12.18,2.4,1928,1928,1928,0,268.0316666666667
19.3613,-155.4392,9.66,2.53,1929,1929,1929,0,268.02444444444444
19.232,-155.3882,5.98,2.29,1930,1930,1930,0,267.6166666666667
19.2283,-155.382,6.27,2.12,1931,1931,1931,0,267.38722222222225
19.2997,-155.3965,8.18,1.52,1932,1932,1932,0,267.13138888888886
19.4867,-155.4143,1.46,1.85,1933,1933,1933,0,267.00388888888887
19.414,-155.3413,7.41,1.84,1934,1934,1934,0,266.905
19.4752,-155.4172,0.13,1.95,1935,1935,1935,0,266.54805555555555
19.4325,-155.362,10.63,1.76,1936,1936,1936,0,265.66
19.3275,-155.45,10.09,1.59,1937,1937,1937,0,265.46416666666664
19.4752,-155.4765,3.48,2.1,1938,1938,1938,0,265.24694444444447
19.4568,-155.4585,7.73,1.96,1939,1939,1939,0,264.56638888888887
19.447,-155.3902,10.48,2.01,1940,1940,1940,0,263.45722222222224
19.4783,-155.4265,6.26,1.71,1941,1941,1941,0,262.96194444444444
19.4785,-155.437,3.0,2.07,1942,1942,1942,0,262.7369444444444
19.483,-155.4238,4.72,1.57,1943,1943,1943,0,262.50694444444446
19.3817,-155.4307,9.51,1.52,1944,1944,1944,0,262.4427777777778
19.4355,-155.483,8.53,1.67,1945,1945,1945,0,261.87055555555554
19.498,-155.4443,1.58,2.93,1946,1946,1946,0,261.5941666666667
19.47,-155.4412,10.42,2.73,1947,1947,1947,0,261.49833333333333
19.4528,-155.4563,7.55,2.0,1948,1948,1948,0,261.40472222222223
19.4482,-155.433,8.68,2.09,1949,1949,1949,0,261.2825
19.3828,-155.4288,9.51,1.97,1950,1950,1950,0,260.8147222222222
19.4605,-155.437,7.89,2.04,1951,1951,1951,0,260.6644444444444
19.371,-155.4555,9.56,1.95,1952,1952,1952,0,259.9916666666667
19.4125,-155.338,8.12,1.68,1953,1953,1953,0,259.97222222222223
19.5227,-155.4705,2.86,1.86,1954,1954,1954,0,259.7738888888889
19.4622,-155.5,9.38,1.61,1955,1955,1955,0,259.7075
19.2155,-155.3407,0.02,1.69,1956,1956,1956,0,259.2961111111111
19.4448,-155.48,8.75,2.44,1957,1957,1957,0,258.6763888888889
19.4658,-155.4462,5.67,1.63,1958,1958,1958,0,258.3625
19.3907,-155.4385,10.33,1.67,1959,1959,1959,0,258.18055555555554
19.3337,-155.4788,10.16,1.91,1960,1960,1960,0,258.03055555555557
19.4595,-155.467,9.46,1.65,1961,1961,1961,0,257.59583333333336
19.446,-155.4565,8.69,1.84,1962,1962,1962,0,257.5763888888889
19.3767,-155.3987,12.45,2.14,1963,1963,1963,0,257.5047222222222
19.4125,-155.3285,7.51,1.86,1964,1964,1964,0,257.365
19.4027,-155.4273,10.81,1.89,1965,1965,1965,0,257.2127777777778
19.4265,-155.3588,12.33,2.0,1966,1966,1966,0,256.7133333333333
19.2453,-155.2952,8.66,2.34,1967,1967,1967,0,256.6875
19.4183,-155.5178,10.67,1.79,1968,1968,1968,0,256.66833333333335
19.4572,-155.418,10.15,1.57,1969,1969,1969,0,256.10527777777776
19.4023,-155.4543,9.7,1.77,1970,1970,1970,0,255.92194444444445
19.3527,-155.4742,9.45,2.11,1971,1971,1971,0,255.84972222222223
19.4215,-155.5002,9.53,2.15,1972,1972,1972,0,255.72055555555556
19.449,-155.4892,8.85,1.95,1973,1973,1973,0,255.70527777777778
19.4355,-155.4633,9.89,1.68,1974,1974,1974,0,255.5561111111111
19.4383,-155.3953,10.01,1.54,1975,1975,1975,0,255.53
19.253,-155.297,5.88,1.88,1976,1976,1976,0,255.29694444444445
19.1908,-155.3753,7.22,2.14,1977,1977,1977,0,255.22722222222222
19.4505,-155.4538,8.9,2.11,1978,1978,1978,0,255.16194444444446
19.4577,-155.4535,8.33,1.68,1979,1979,1979,0,255.14583333333334
19.3572,-155.3685,9.22,1.76,1980,1980,1980,0,255.06472222222223
19.3605,-155.3672,10.43,1.87,1981,1981,1981,0,254.73805555555555
19.4205,-155.3397,8.62,1.83,1982,1982,1982,0,254.4736111111111
19.2997,-155.2617,7.31,2.12,1983,1983,1983,0,254.10333333333332
19.5388,-155.4512,4.04,1.63,1984,1984,1984,0,253.93694444444444
19.4163,-155.3545,12.27,2.0,1985,1985,1985,0,253.58277777777778
19.4172,-155.3583,10.85,1.94,1986,1986,1986,0,253.2938888888889
19.4353,-155.3672,7.9,1.55,1987,1987,1987,0,253.02055555555555
19.4645,-155.4283,9.11,1.73,1988,1988,1988,0,252.96027777777778
19.4617,-155.45,6.88,2.46,1989,1989,1989,0,252.92916666666667
19.3748,-155.4103,13.9,2.07,1990,1990,1990,0,252.79916666666668
19.4182,-155.3588,10.99,1.58,1991,1991,1991,0,252.6836111111111
19.4475,-155.4455,8.46,1.78,1992,1992,1992,0,252.41472222222222
19.2892,-155.259,10.8,4.27,1993,1993,1993,0,252.36888888888888
19.4158,-155.3347,8.42,2.06,1994,1994,1994,0,252.19833333333332
19.3797,-155.4295,10.22,1.88,1995,1995,1995,0,252.18444444444444
19.3768,-155.4413,10.43,1.75,1996,1996,1996,0,252.01944444444445
19.385,-155.4502,11.25,1.91,1997,1997,1997,0,251.9752777777778
19.469,-155.4552,5.01,1.91,1998,1998,1998,0,251.81027777777777
19.3428,-155.0513,5.36,1.92,1999,1999,1999,0,251.77083333333334
19.4587,-155.3993,8.51,2.52,2000,2000,2000,0,251.5402777777778
19.4182,-155.5018,8.04,2.4,2001,2001,2001,0,251.42361111111111
19.3045,-155.2653,8.6,2.34,2002,2002,2002,0,250.5063888888889
19.3012,-155.2653,6.42,2.07,2003,2003,2003,0,250.0975
19.39,-155.4338,10.86,1.67,2004,2004,2004,0,249.6627777777778
19.3072,-155.2648,9.34,2.24,2005,2005,2005,0,248.3525
19.388,-155.4307,9.86,1.64,2006,2006,2006,0,247.77722222222224
19.4745,-155.4308,6.86,2.89,2007,2007,2007,0,247.63333333333333
19.487,-155.4338,9.24,3.02,2008,2008,2008,0,247.45638888888888
19.379,-155.5005,9.28,2.01,2009,2009,2009,0,247.39444444444445
19.451,-155.4432,5.29,1.8,2010,2010,2010,0,247.03527777777776
19.3838,-155.4262,9.25,1.75,2011,2011,2011,0,246.92888888888888
19.4328,-155.4698,6.46,2.72,2012,2012,2012,0,246.52694444444444
19.4448,-155.3813,9.01,2.74,2013,2013,2013,0,246.2927777777778
19.4252,-155.3458,10.74,1.67,2014,2014,2014,0,245.3786111111111
19.5373,-155.4487,3.2,1.97,2015,2015,2015,0,245.24833333333333
19.5343,-155.4565,3.88,2.01,2016,2016,2016,0,244.8636111111111
19.4285,-155.3553,10.48,1.98,2017,2017,2017,0,244.7138888888889
19.4172,-155.5005,10.31,3.18,2018,2018,2018,0,244.69027777777777
19.4385,-155.4935,9.93,1.9,2019,2019,2019,0,244.63194444444446
19.2463,-155.2943,0.97,1.72,2020,2020,2020,0,244.48777777777778
19.454,-155.4945,10.7,2.97,2021,2021,2021,0,244.40972222222223
19.4588,-155.4172,9.66,2.38,2022,2022,2022,0,244.21444444444444
19.3775,-155.3455,11.43,2.15,2023,2023,2023,0,244.14416666666668
19.4677,-155.4483,3.42,1.8,2024,2024,2024,0,242.64666666666668
19.4102,-155.4815,9.11,1.99,2025,2025,2025,0,242.55166666666668
19.4185,-155.357,11.77,2.98,2026,2026,2026,0,242.4911111111111
19.4363,-155.2857,16.13,2.04,2027,2027,2027,0,241.13611111111112
19.4592,-155.4242,10.02,2.04,2028,2028,2028,0,240.2722222222222
19.4632,-155.443,5.1,1.74,2029,2029,2029,0,240.17833333333334
19.4553,-155.4275,6.22,2.14,2030,2030,2030,0,240.03333333333333
19.4338,-155.3587,10.6,2.09,2031,2031,2031,0,239.9777777777778
19.447,-155.4848,10.86,2.21,2032,2032,2032,0,239.86694444444444
19.3932,-155.4432,11.11,1.58,2033,2033,2033,0,239.7675
19.4288,-155.3502,10.72,1.9,2034,2034,2034,0,239.0102777777778
19.3663,-155.4422,9.36,2.08,2035,2035,2035,0,238.82416666666666
19.4538,-155.4955,10.76,2.37,2036,2036,2036,0,238.43833333333333
19.397,-155.426,9.86,1.95,2037,2037,2037,0,238.4272222222222
19.343,-155.4082,12.93,1.73,2038,2038,2038,0,238.32888888888888
19.4597,-155.39,1.58,2.16,2039,2039,2039,0,237.51222222222222
19.4007,-155.4505,15.87,1.61,2040,2040,2040,0,237.045
19.4373,-155.3527,10.5,2.0,2041,2041,2041,0,236.8436111111111
19.4552,-155.4283,9.15,1.84,2042,2042,2042,0,235.71666666666667
19.3872,-155.4432,10.05,2.16,2043,2043,2043,0,235.54333333333332
19.448,-155.3895,9.59,1.55,2044,2044,2044,0,235.14111111111112
19.4397,-155.4892,10.38,2.15,2045,2045,2045,0,234.14444444444445
19.3987,-155.4937,9.16,1.69,2046,2046,2046,0,233.57888888888888
19.366,-155.4768,4.96,1.79,2047,2047,2047,0,233.5625
19.2763,-155.4627,8.65,1.81,2048,2048,2048,0,233.53805555555556
19.4637,-155.4123,7.65,2.28,2049,2049,2049,0,233.42805555555555
19.4118,-155.479,8.57,2.69,2050,2050,2050,0,232.63777777777779
19.414,-155.3212,5.02,1.57,2051,2051,2051,0,232.44805555555556
19.4673,-155.4375,9.51,2.45,2052,2052,2052,0,232.3575
19.4287,-155.363,5.32,1.57,2053,2053,2053,0,232.2186111111111
19.3772,-155.3473,9.89,2.0,2054,2054,2054,0,230.5263888888889
19.4302,-155.4923,9.7,1.99,2055,2055,2055,0,229.44027777777777
19.4127,-155.363,9.96,1.89,2056,2056,2056,0,227.74
19.443,-155.3835,9.03,1.75,2057,2057,2057,0,227.2836111111111
19.332,-155.185,6.66,1.94,2058,2058,2058,0,226.9688888888889
19.367,-155.4078,12.26,1.86,2059,2059,2059,0,226.73833333333334
19.368,-155.4775,5.21,2.64,2060,2060,2060,0,226.49333333333334
19.376,-155.3493,10.34,1.61,2061,2061,2061,0,226.06694444444443
19.3725,-155.473,6.47,3.26,2062,2062,2062,0,226.0547222222222
19.3727,-155.354,9.96,1.92,2063,2063,2063,0,225.75805555555556
19.399,-155.4463,10.5,1.97,2064,2064,2064,0,225.4586111111111
19.323,-155.1847,8.98,1.89,2065,2065,2065,0,225.4452777777778
19.4383,-155.4892,9.73,1.98,2066,2066,2066,0,225.27805555555557
19.3568,-155.0562,6.45,1.84,2067,2067,2067,0,224.89166666666668
19.457,-155.4452,5.27,2.64,2068,2068,2068,0,224.19944444444445
19.3798,-155.434,10.57,2.9,2069,2069,2069,0,223.9488888888889
19.3545,-155.3742,10.67,2.13,2070,2070,2070,0,223.76583333333335
19.4592,-155.4173,9.41,2.44,2071,2071,2071,0,223.4986111111111
19.4178,-155.36,11.28,1.94,2072,2072,2072,0,223.43944444444443
19.4643,-155.4515,8.87,1.93,2073,2073,2073,0,222.75166666666667
19.4747,-155.4478,7.39,2.78,2074,2074,2074,0,222.23111111111112
19.4372,-155.4945,9.37,1.9,2075,2075,2075,0,221.11194444444445
19.4142,-155.36,10.23,1.93,2076,2076,2076,0,220.96916666666667
19.2058,-155.379,1.66,1.65,2077,2077,2077,0,220.44
19.3695,-155.501,7.65,1.73,2078,2078,2078,0,220.42027777777778
19.3773,-155.4715,9.25,2.63,2079,2079,2079,0,219.85888888888888
19.3827,-155.4432,10.15,1.57,2080,2080,2080,0,219.675
19.4273,-155.3338,8.79,2.09,2081,2081,2081,0,219.48666666666668
19.4768,-155.4438,9.78,1.86,2082,2082,2082,0,218.45638888888888
19.366,-155.0307,7.28,2.16,2083,2083,2083,0,218.435
19.2967,-155.3482,7.75,1.67,2084,2084,2084,0,218.00333333333333
19.4232,-155.3313,7.76,1.85,2085,2085,2085,0,217.705
19.3575,-155.3728,10.06,1.7,2086,2086,2086,0,217.44666666666666
19.4107,-155.4183,8.01,1.7,2087,2087,2087,0,216.99333333333334
19.402,-155.4548,9.56,2.04,2088,2088,2088,0,216.5713888888889
19.278,-155.2555,5.28,1.91,2089,2089,2089,0,216.3538888888889
19.3078,-155.232,5.4,1.51,2090,2090,2090,0,216.29361111111112
19.4288,-155.4893,9.23,2.16,2091,2091,2091,0,215.79861111111111
19.4572,-155.4502,5.5,1.75,2092,2092,2092,0,215.4575
19.419,-155.4982,8.59,2.08,2093,2093,2093,0,215.31305555555556
19.3572,-155.044,7.4,1.94,2094,2094,2094,0,214.255
19.4007,-155.4298,10.61,1.89,2095,2095,2095,0,213.75694444444446
19.4233,-155.3538,8.68,1.72,2096,2096,2096,0,213.56027777777777
19.4543,-155.4913,10.74,1.61,2097,2097,2097,0,213.47472222222223
19.4197,-155.372,10.53,1.83,2098,2098,2098,0,213.39305555555555
19.5292,-155.4428,24.34,1.63,2099,2099,2099,0,212.60222222222222
19.451,-155.455,5.23,1.51,2100,2100,2100,0,212.57361111111112
19.3987,-155.4603,10.03,1.91,2101,2101,2101,0,210.67916666666667
19.3768,-155.4998,8.79,1.6,2102,2102,2102,0,210.5611111111111
19.3172,-155.2168,4.99,1.63,2103,2103,2103,0,210.18694444444444
19.3823,-155.4295,10.41,2.59,2104,2104,2104,0,210.1375
19.4112,-155.3572,10.44,1.89,2105,2105,2105,0,210.06027777777777
19.3895,-155.4442,9.91,1.86,2106,2106,2106,0,209.93444444444444
19.4625,-155.3968,9.04,1.79,2107,2107,2107,0,209.71444444444444
19.3712,-155.025,6.64,2.09,2108,2108,2108,0,209.6938888888889
19.378,-155.3455,8.43,1.78,2109,2109,2109,0,209.64111111111112
19.4123,-155.3595,10.4,1.77,2110,2110,2110,0,209.07694444444445
19.3843,-155.4375,10.25,1.78,2111,2111,2111,0,208.95194444444445
19.4557,-155.3915,10.35,1.93,2112,2112,2112,0,208.5825
19.3727,-155.5015,8.69,1.51,2113,2113,2113,0,208.47444444444446
19.3873,-155.4388,10.07,1.67,2114,2114,2114,0,208.25833333333333
19.3668,-155.3488,8.13,1.68,2115,2115,2115,0,207.5286111111111
19.3893,-155.439,10.18,1.9,2116,2116,2116,0,207.45388888888888
19.36,-155.0467,7.97,1.81,2117,2117,2117,0,206.79361111111112
19.3187,-155.2185,4.66,1.61,2118,2118,2118,0,206.0311111111111
19.4643,-155.4273,7.65,1.64,2119,2119,2119,0,205.85944444444445
19.3862,-155.393,9.73,1.83,2120,2120,2120,0,204.645
19.4613,-155.4208,8.7,1.59,2121,2121,2121,0,203.07583333333332
19.4202,-155.3588,9.47,1.97,2122,2122,2122,0,202.43333333333334
19.3572,-155.3687,11.8,1.77,2123,2123,2123,0,202.185
19.4142,-155.4742,8.55,2.06,2124,2124,2124,0,201.8072222222222
19.468,-155.4408,8.87,1.89,2125,2125,2125,0,201.32
19.3375,-155.1915,7.98,2.55,2126,2126,2126,0,201.15805555555556
19.457,-155.4305,5.56,1.61,2127,2127,2127,0,200.91083333333333
19.4358,-155.483,9.18,1.63,2128,2128,2128,0,200.43055555555554
19.4213,-155.3543,9.02,1.89,2129,2129,2129,0,199.11027777777778
19.3443,-155.0727,4.24,2.33,2130,2130,2130,0,199.10722222222222
19.3815,-155.461,9.97,2.3,2131,2131,2131,0,198.87722222222223
19.3788,-155.3457,8.78,1.65,2132,2132,2132,0,197.685
19.352,-155.4778,9.99,1.74,2133,2133,2133,0,195.84194444444444
19.4003,-155.4405,10.13,1.87,2134,2134,2134,0,192.9411111111111
19.4532,-155.3805,9.85,2.83,2135,2135,2135,0,192.91805555555555
19.4255,-155.352,10.45,2.69,2136,2136,2136,0,192.525
19.36,-155.0403,7.61,2.15,2137,2137,2137,0,192.01388888888889
19.458,-155.4482,5.3,1.66,2138,2138,2138,0,191.96416666666667
19.3687,-155.4982,8.97,2.58,2139,2139,2139,0,191.18722222222223
19.468,-155.4402,9.81,1.93,2140,2140,2140,0,190.58833333333334
19.3528,-155.493,5.56,1.8,2141,2141,2141,0,189.9325
19.4298,-155.455,4.71,1.74,2142,2142,2142,0,189.3311111111111
19.4332,-155.494,8.88,1.99,2143,2143,2143,0,189.29916666666668
19.4153,-155.3197,5.36,1.51,2144,2144,2144,0,188.69166666666666
19.4137,-155.3212,6.86,2.46,2145,2145,2145,0,188.65055555555554
19.4557,-155.4143,7.44,1.62,2146,2146,2146,0,188.61222222222221
19.4408,-155.3802,7.4,1.99,2147,2147,2147,0,187.17805555555555
19.4535,-155.4418,6.56,2.52,2148,2148,2148,0,186.5311111111111
19.4482,-155.4378,3.62,1.65,2149,2149,2149,0,185.4036111111111
19.3978,-155.4465,9.87,2.02,2150,2150,2150,0,184.82111111111112
19.468,-155.4538,8.74,2.1,2151,2151,2151,0,184.39916666666667
19.3645,-155.4793,4.53,1.88,2152,2152,2152,0,183.6575
19.4257,-155.5167,9.84,2.2,2153,2153,2153,0,182.30138888888888
19.386,-155.4422,10.63,2.6,2154,2154,2154,0,181.82833333333335
19.4843,-155.4507,4.04,1.77,2155,2155,2155,0,181.3713888888889
19.374,-155.4998,8.86,1.63,2156,2156,2156,0,178.2513888888889
19.3132,-155.2228,9.21,3.12,2157,2157,2157,0,177.34555555555556
19.3698,-155.0393,7.18,2.14,2158,2158,2158,0,176.79777777777778
19.4375,-155.3922,8.33,2.5,2159,2159,2159,0,176.15583333333333
19.3907,-155.4442,9.92,2.15,2160,2160,2160,0,171.67416666666668
19.4063,-155.5032,9.55,2.02,2161,2161,2161,0,171.34277777777777
19.4235,-155.4933,8.49,1.67,2162,2162,2162,0,170.52333333333334
19.3783,-155.4672,9.84,1.73,2163,2163,2163,0,164.83666666666667
19.418,-155.4638,8.35,1.56,2164,2164,2164,0,164.56305555555556
19.3462,-155.1832,7.79,1.97,2165,2165,2165,0,164.1027777777778
19.4197,-155.3522,8.88,1.87,2166,2166,2166,0,161.55527777777777
19.525,-155.4152,24.04,3.58,2167,2167,2167,0,161.45833333333334
19.4742,-155.4625,3.03,2.53,2168,2168,2168,0,160.0822222222222
19.4332,-155.357,10.76,2.01,2169,2169,2169,0,159.44055555555556
19.4495,-155.4768,9.63,1.66,2170,2170,2170,0,158.36916666666667
19.4212,-155.3523,8.83,1.59,2171,2171,2171,0,157.93277777777777
19.4245,-155.4895,9.2,1.73,2172,2172,2172,0,157.41972222222222
19.4652,-155.4475,8.5,3.12,2173,2173,2173,0,157.3538888888889
19.461,-155.4132,9.88,1.55,2174,2174,2174,0,155.92305555555555
19.4628,-155.4552,6.01,1.53,2175,2175,2175,0,155.65222222222224
19.3918,-155.4343,11.07,3.88,2176,2176,2176,0,155.4386111111111
19.429,-155.389,9.49,2.24,2177,2177,2177,0,155.16166666666666
19.3142,-155.2192,5.37,1.76,2178,2178,2178,0,154.9286111111111
19.4212,-155.356,9.21,1.85,2179,2179,2179,0,154.42666666666668
19.4637,-155.3973,9.04,1.68,2180,2180,2180,0,154.20277777777778
19.4137,-155.3355,5.2,1.67,2181,2181,2181,0,154.06194444444444
19.4277,-155.3623,9.87,2.07,2182,2182,2182,0,152.7436111111111
19.4137,-155.3413,7.67,2.73,2183,2183,2183,0,151.62194444444444
19.4285,-155.3597,10.64,2.42,2184,2184,2184,0,150.30638888888888
19.527,-155.4585,4.69,2.18,2185,2185,2185,0,146.64138888888888
19.3927,-155.4397,9.82,1.6,2186,2186,2186,0,146.34
19.3783,-155.5035,8.07,1.52,2187,2187,2187,0,145.9127777777778
19.534,-155.4487,3.1,2.04,2188,2188,2188,0,145.59694444444443
19.4248,-155.33,9.31,1.61,2189,2189,2189,0,143.91694444444445
19.4213,-155.3502,10.16,1.96,2190,2190,2190,0,143.86416666666668
19.4375,-155.4882,10.62,2.53,2191,2191,2191,0,141.30833333333334
19.3258,-155.2265,7.58,2.08,2192,2192,2192,0,140.83333333333334
19.3525,-155.0453,7.81,2.13,2193,2193,2193,0,139.9086111111111
19.3707,-155.4845,10.32,2.59,2194,2194,2194,0,138.9127777777778
19.4568,-155.4685,8.37,1.52,2195,2195,2195,0,138.82555555555555
19.4217,-155.352,8.84,1.89,2196,2196,2196,0,137.65722222222223
19.4637,-155.4572,2.93,2.09,2197,2197,2197,0,137.45416666666668
19.4108,-155.406,9.27,1.98,2198,2198,2198,0,136.98472222222222
19.3763,-155.443,10.08,1.69,2199,2199,2199,0,136.25
19.3782,-155.4145,13.24,1.94,2200,2200,2200,0,136.01
19.3043,-155.2275,7.15,1.58,2201,2201,2201,0,135.99166666666667
19.379,-155.441,9.41,1.7,2202,2202,2202,0,134.83944444444444
19.4555,-155.4245,8.07,1.91,2203,2203,2203,0,134.37444444444444
19.453,-155.428,7.24,1.79,2204,2204,2204,0,134.35583333333332
19.4553,-155.4578,5.95,2.32,2205,2205,2205,0,134.2613888888889
19.431,-155.332,1.94,2.02,2206,2206,2206,0,134.1063888888889
19.3783,-155.445,10.2,1.99,2207,2207,2207,0,133.95527777777778
19.4207,-155.3593,9.54,1.85,2208,2208,2208,0,133.80972222222223
19.4128,-155.3645,10.92,1.58,2209,2209,2209,0,133.80083333333334
19.4562,-155.4292,4.83,1.88,2210,2210,2210,0,131.51111111111112
19.4337,-155.4917,8.6,1.94,2211,2211,2211,0,131.29555555555555
19.3588,-155.5098,8.41,2.75,2212,2212,2212,0,131.1625
19.3758,-155.5012,8.03,1.62,2213,2213,2213,0,130.42222222222222
19.387,-155.4478,9.09,1.64,2214,2214,2214,0,130.0413888888889
19.4877,-155.3947,9.14,2.73,2215,2215,2215,0,129.2125
19.4655,-155.4225,8.64,2.71,2216,2216,2216,0,128.44694444444445
19.4272,-155.4825,7.93,1.79,2217,2217,2217,0,127.67444444444445
19.4582,-155.425,9.64,1.74,2218,2218,2218,0,127.43722222222222
19.357,-155.4973,9.85,1.66,2219,2219,2219,0,125.3625
19.4633,-155.449,8.98,2.75,2220,2220,2220,0,124.79
19.4517,-155.3943,7.97,2.73,2221,2221,2221,0,124.64611111111111
19.367,-155.4438,10.19,1.97,2222,2222,2222,0,123.62416666666667
19.3745,-155.4493,9.14,1.7,2223,2223,2223,0,123.4563888888889
19.3342,-155.5123,7.58,1.8,2224,2224,2224,0,122.12444444444445
19.3705,-155.466,6.13,2.02,2225,2225,2225,0,119.24277777777777
19.455,-155.4742,8.96,1.78,2226,2226,2226,0,119.06222222222222
19.4792,-155.4355,9.5,1.77,2227,2227,2227,0,118.525
19.4833,-155.3728,12.23,1.61,2228,2228,2228,0,117.625
19.4158,-155.5012,10.51,1.56,2229,2229,2229,0,117.29861111111111
19.3987,-155.4232,9.75,1.95,2230,2230,2230,0,117.2725
19.4265,-155.3595,9.66,1.77,2231,2231,2231,0,114.50805555555556
19.4027,-155.441,9.66,1.96,2232,2232,2232,0,114.16722222222222
19.399,-155.4412,9.4,1.71,2233,2233,2233,0,113.185
19.442,-155.3745,6.29,1.89,2234,2234,2234,0,112.60888888888888
19.4168,-155.5187,8.35,1.73,2235,2235,2235,0,111.56194444444445
19.3688,-155.4422,9.83,2.0,2236,2236,2236,0,111.08111111111111
19.365,-155.3607,11.81,1.66,2237,2237,2237,0,111.04194444444444
19.4308,-155.4873,7.93,1.85,2238,2238,2238,0,110.8375
19.4247,-155.364,11.32,2.59,2239,2239,2239,0,108.85944444444445
19.4352,-155.3547,11.15,1.92,2240,2240,2240,0,108.26861111111111
19.4937,-155.4615,1.19,2.16,2241,2241,2241,0,107.22527777777778
19.4845,-155.4618,5.89,2.92,2242,2242,2242,0,107.00472222222223
19.4282,-155.4663,7.77,2.0,2243,2243,2243,0,106.9336111111111
19.4852,-155.4593,4.11,2.6,2244,2244,2244,0,106.61888888888889
19.4733,-155.4187,9.2,1.88,2245,2245,2245,0,104.51583333333333
19.4235,-155.3525,10.32,1.7,2246,2246,2246,0,103.5363888888889
19.4282,-155.33,8.12,2.15,2247,2247,2247,0,102.765
19.489,-155.3905,8.5,1.62,2248,2248,2248,0,100.83444444444444
19.3703,-155.4588,9.79,2.14,2249,2249,2249,0,99.23361111111112
19.418,-155.3383,5.58,2.59,2250,2250,2250,0,99.17777777777778
19.334,-155.4733,9.76,1.6,2251,2251,2251,0,96.75861111111111
19.3878,-155.4555,10.59,1.66,2252,2252,2252,0,96.46527777777777
19.4593,-155.431,8.85,2.57,2253,2253,2253,0,96.26916666666666
19.3583,-155.0288,7.27,2.39,2254,2254,2254,0,94.78111111111112
19.3438,-155.4742,9.49,1.73,2255,2255,2255,0,94.4875
19.4662,-155.4465,5.72,1.54,2256,2256,2256,0,91.85861111111112
19.469,-155.458,6.39,1.75,2257,2257,2257,0,88.27111111111111
19.3805,-155.3435,10.77,1.95,2258,2258,2258,0,87.77444444444444
19.311,-155.222,9.93,2.4,2259,2259,2259,0,84.86583333333333
19.4788,-155.4442,7.57,2.56,2260,2260,2260,0,84.76166666666667
19.365,-155.0332,8.43,2.27,2261,2261,2261,0,84.51333333333334
19.457,-155.4465,8.6,1.53,2262,2262,2262,0,83.12777777777778
19.3707,-155.5043,10.28,1.63,2263,2263,2263,0,82.30944444444444
19.3937,-155.4585,10.22,1.58,2264,2264,2264,0,81.0225
19.3875,-155.3528,10.64,2.29,2265,2265,2265,0,80.71805555555555
19.3998,-155.4472,10.98,1.74,2266,2266,2266,0,80.5775
19.3888,-155.439,11.12,1.7,2267,2267,2267,0,80.23472222222222
19.3777,-155.4457,11.12,2.09,2268,2268,2268,0,79.76611111111112
19.3862,-155.4447,10.64,1.73,2269,2269,2269,0,79.66666666666667
19.4227,-155.3315,8.67,1.9,2270,2270,2270,0,78.49916666666667
19.4502,-155.4427,9.01,1.97,2271,2271,2271,0,76.88305555555556
19.3648,-155.505,9.86,1.87,2272,2272,2272,0,76.41805555555555
19.3643,-155.0927,7.64,1.77,2273,2273,2273,0,75.60888888888888
19.4332,-155.4847,10.19,1.98,2274,2274,2274,0,72.21055555555556
19.389,-155.3422,10.02,1.94,2275,2275,2275,0,69.9475
19.3905,-155.4563,11.5,2.15,2276,2276,2276,0,69.70388888888888
19.4715,-155.4552,9.47,3.02,2277,2277,2277,0,68.85194444444444
19.4298,-155.3318,8.04,1.65,2278,2278,2278,0,67.30388888888889
19.3935,-155.4505,11.58,2.25,2279,2279,2279,0,65.89416666666666
19.2942,-155.3927,10.07,1.94,2280,2280,2280,0,65.01277777777777
19.3065,-155.2232,7.01,1.92,2281,2281,2281,0,64.25611111111111
19.4413,-155.4953,10.38,1.8,2282,2282,2282,0,63.95638888888889
19.489,-155.4993,2.47,2.79,2283,2283,2283,0,62.70444444444445
19.3603,-155.476,8.43,1.85,2284,2284,2284,0,61.143055555555556
19.4123,-155.3633,10.4,1.89,2285,2285,2285,0,59.07888888888889
19.4092,-155.3595,10.87,1.72,2286,2286,2286,0,58.49777777777778
19.4205,-155.3638,10.23,1.63,2287,2287,2287,0,58.2925
19.4408,-155.4903,8.62,1.67,2288,2288,2288,0,57.59916666666667
19.4182,-155.335,5.19,1.57,2289,2289,2289,0,57.44583333333333
19.4097,-155.4965,7.58,1.56,2290,2290,2290,0,57.423611111111114
19.379,-155.4338,9.7,1.55,2291,2291,2291,0,57.38805555555555
19.3988,-155.286,15.81,1.87,2292,2292,2292,0,55.82083333333333
19.3573,-155.0498,8.97,3.93,2293,2293,2293,0,52.541111111111114
19.3517,-155.0463,7.87,2.59,2294,2294,2294,0,52.225833333333334
19.3555,-155.0433,8.1,1.52,2295,2295,2295,0,51.61527777777778
19.3627,-155.048,6.11,1.83,2296,2296,2296,0,51.211666666666666
19.385,-155.4525,9.62,1.99,2297,2297,2297,0,51.068333333333335
19.3607,-155.4023,13.74,3.28,2298,2298,2298,0,48.97972222222222
19.368,-155.4015,11.52,2.12,2299,2299,2299,0,47.89222222222222
19.3718,-155.4573,10.74,3.44,2300,2300,2300,0,46.655
19.3745,-155.3492,10.47,1.92,2301,2301,2301,0,46.59444444444444
19.3717,-155.4582,9.68,3.05,2302,2302,2302,0,46.345
19.3662,-155.4748,4.1,2.2,2303,2303,2303,0,44.163333333333334
19.376,-155.3502,9.51,1.8,2304,2304,2304,0,42.81166666666667
19.4867,-155.4572,6.99,3.66,2305,2305,2305,0,42.44222222222222
19.356,-155.5053,9.4,3.23,2306,2306,2306,0,40.50833333333333
19.4243,-155.3635,10.5,1.68,2307,2307,2307,0,35.65277777777778
19.4238,-155.3518,8.62,1.57,2308,2308,2308,0,35.50472222222222
19.3955,-155.4373,10.87,2.27,2309,2309,2309,0,34.765277777777776
19.3547,-155.3638,10.74,1.66,2310,2310,2310,0,33.80722222222222
19.3317,-155.1917,8.86,1.58,2311,2311,2311,0,30.797777777777778
19.4218,-155.3548,8.61,1.57,2312,2312,2312,0,30.62527777777778
19.4473,-155.3888,11.25,1.61,2313,2313,2313,0,30.192777777777778
19.4108,-155.3397,7.08,1.75,2314,2314,2314,0,29.990555555555556
19.3157,-155.2263,5.03,1.58,2315,2315,2315,0,29.898333333333333
19.3653,-155.0365,7.48,2.83,2316,2316,2316,0,29.871111111111112
19.429,-155.493,8.18,1.88,2317,2317,2317,0,29.627777777777776
19.4295,-155.4883,9.53,1.75,2318,2318,2318,0,27.05472222222222
19.443,-155.392,11.17,2.56,2319,2319,2319,0,26.783333333333335
19.3225,-155.2553,6.38,1.91,2320,2320,2320,0,21.54722222222222
19.3965,-155.4328,7.04,2.13,2321,2321,2321,0,20.249444444444446
19.4,-155.4267,7.53,1.56,2322,2322,2322,0,16.676666666666666
19.3758,-155.4483,10.11,1.57,2323,2323,2323,0,14.130555555555556
19.4248,-155.5157,10.05,1.83,2324,2324,2324,0,13.842222222222222
19.3055,-155.2145,3.37,1.68,2325,2325,2325,0,12.133888888888889
19.4142,-155.3613,10.18,1.75,2326,2326,2326,0,11.448611111111111
19.4288,-155.3628,10.43,1.6,2327,2327,2327,0,10.645277777777778
19.4245,-155.328,2.43,1.79,2328,2328,2328,0,10.335555555555555
19.357,-155.0422,7.06,1.54,2329,2329,2329,0,7.994166666666667
19.4298,-155.4615,7.57,1.95,2330,2330,2330,0,5.4927777777777775
19.4187,-155.3507,10.1,2.18,2331,2331,2331,0,4.916111111111111
19.3752,-155.3875,14.13,3.75,2332,2332,2332,0,3.6680555555555556
19.3603,-155.3622,8.15,1.87,2333,2333,2333,0,3.2491666666666665
19.4337,-155.4878,9.23,1.98,2334,2334,2334,0,2.855277777777778
19.3828,-155.4442,10.12,1.98,2335,2335,2335,1,0.0
19.3753,-155.3873,13.44,3.13,2336,2336,2336,1,0.0
19.3688,-155.5017,8.43,1.76,2337,2337,2337,1,0.0
19.4215,-155.3553,9.87,2.59,2338,2338,2338,1,0.0
19.3978,-155.4503,10.13,1.67,2339,2339,2339,1,0.0
19.3962,-155.4497,10.2,1.68,2340,2340,2340,1,0.0
19.3167,-155.214,4.73,1.65,2341,2341,2341,1,0.0
19.4503,-155.4338,3.69,2.08,2342,2342,2342,1,0.0
19.3673,-155.0467,5.74,1.82,2343,2343,2343,1,0.0
19.4243,-155.3558,8.93,2.05,2344,2344,2344,1,0.0
19.4505,-155.3933,8.3,2.59,2345,2345,2345,1,0.0
19.3367,-155.2107,5.97,1.76,2346,2346,2346,1,0.0
19.463,-155.444,8.39,1.74,2347,2347,2347,1,0.0
19.4152,-155.3495,8.58,1.77,2348,2348,2348,1,0.0
19.386,-155.4247,10.29,1.52,2349,2349,2349,1,0.0
19.4255,-155.4727,5.15,1.82,2350,2350,2350,1,0.0
19.4272,-155.3905,8.81,2.59,2351,2351,2351,1,0.0
19.4168,-155.3563,10.58,1.71,2352,2352,2352,1,0.0
19.3977,-155.4488,10.8,1.98,2353,2353,2353,1,0.0
19.431,-155.402,8.0,2.2,2354,2354,2354,1,0.0
19.4255,-155.4892,10.43,1.66,2355,2355,2355,1,0.0
19.3615,-155.502,9.16,2.6,2356,2356,2356,1,0.0
19.4335,-155.4542,5.81,2.12,2357,2357,2357,1,0.0
19.4588,-155.453,6.42,2.68,2358,2358,2358,1,0.0
19.3773,-155.3462,9.19,1.61,2359,2359,2359,1,0.0
19.415,-155.3587,11.1,2.5,2360,2360,2360,1,0.0
19.3723,-155.4842,10.07,2.55,2361,2361,2361,1,0.0
19.441,-155.4922,9.11,1.58,2362,2362,2362,1,0.0
19.4403,-155.4997,9.25,1.69,2363,2363,2363,0,1164.3175
19.3583,-155.0445,7.23,2.24,2364,2364,2364,0,1163.0652777777777
19.3885,-155.4435,9.31,1.92,2365,2365,2365,0,1159.4355555555555
19.4187,-155.4905,7.89,1.61,2366,2366,2366,0,1157.2286111111111
19.3348,-155.5045,7.83,1.85,2367,2367,2367,0,1155.7522222222221
19.4525,-155.3893,11.58,2.71,2368,2368,2368,0,1155.2119444444445
19.417,-155.3565,9.99,1.81,2369,2369,2369,0,1154.04
19.4233,-155.3487,9.32,1.57,2370,2370,2370,0,1151.8147222222221
19.3753,-155.3465,10.69,2.62,2371,2371,2371,0,1150.4644444444446
19.3958,-155.2813,14.55,1.73,2372,2372,2372,0,1149.66
19.444,-155.4727,9.22,1.77,2373,2373,2373,0,1149.4566666666667
19.4452,-155.4798,9.55,2.16,2374,2374,2374,0,1148.4130555555555
19.4242,-155.4932,7.11,1.56,2375,2375,2375,0,1147.3483333333334
19.4807,-155.3995,10.16,1.69,2376,2376,2376,0,1146.5647222222221
19.3603,-155.0983,8.37,3.09,2377,2377,2377,0,1142.8683333333333
19.4787,-155.4363,6.59,2.59,2378,2378,2378,0,1142.2919444444444
19.4345,-155.4878,7.0,1.74,2379,2379,2379,0,1139.625
19.4833,-155.4635,4.99,2.21,2380,2380,2380,0,1138.8436111111112
19.4357,-155.3298,7.3,1.53,2381,2381,2381,0,1138.648888888889
19.464,-155.4475,7.01,1.71,2382,2382,2382,0,1136.736388888889
19.4285,-155.4662,6.66,1.82,2383,2383,2383,0,1133.6777777777777
19.3058,-155.4957,5.55,2.29,2384,2384,2384,0,1131.2288888888888
19.4777,-155.4517,3.56,2.2,2385,2385,2385,0,1126.6183333333333
19.377,-155.3595,8.73,1.54,2386,2386,2386,0,1125.6880555555556
19.4237,-155.3507,9.05,2.05,2387,2387,2387,0,1122.2169444444444
19.4622,-155.4323,7.84,1.9,2388,2388,2388,0,1121.591111111111
19.3057,-155.3225,5.68,1.58,2389,2389,2389,0,1119.5377777777778
19.4302,-155.3283,7.45,1.81,2390,2390,2390,0,1118.6202777777778
19.45,-155.3905,12.14,2.72,2391,2391,2391,0,1114.6116666666667
19.4187,-155.3688,10.33,1.79,2392,2392,2392,0,1111.2083333333333
19.4798,-155.4633,6.79,3.6,2393,2393,2393,0,1110.3444444444444
19.4203,-155.36,9.01,1.56,2394,2394,2394,0,1110.065
19.3942,-155.4517,9.82,1.62,2395,2395,2395,0,1109.0919444444444
19.3373,-155.0668,7.03,2.74,2396,2396,2396,0,1109.0597222222223
19.4213,-155.3235,5.66,1.55,2397,2397,2397,0,1108.3369444444445
19.3643,-155.507,8.46,2.6,2398,2398,2398,0,1107.6475
19.35,-155.052,7.81,3.37,2399,2399,2399,0,1106.2741666666666
19.4197,-155.357,10.07,1.74,2400,2400,2400,0,1105.3880555555556
19.4227,-155.3577,8.42,1.86,2401,2401,2401,0,1102.7852777777778
19.422,-155.3568,10.61,2.03,2402,2402,2402,0,1099.5405555555556
19.4612,-155.423,8.34,3.67,2403,2403,2403,0,1098.138611111111
19.4188,-155.5077,8.72,1.89,2404,2404,2404,0,1097.5852777777777
19.4268,-155.3522,8.6,1.89,2405,2405,2405,0,1097.2119444444445
19.3848,-155.4608,10.94,2.0,2406,2406,2406,0,1097.1475
19.373,-155.3863,8.23,1.9,2407,2407,2407,0,1096.778611111111
19.4172,-155.5035,10.74,2.68,2408,2408,2408,0,1095.3052777777777
19.3765,-155.3522,8.52,1.54,2409,2409,2409,0,1090.4897222222223
19.3882,-155.4485,5.45,2.55,2410,2410,2410,0,1088.701388888889
19.4107,-155.3407,7.5,2.05,2411,2411,2411,0,1087.8077777777778
19.4165,-155.4245,10.84,2.57,2412,2412,2412,0,1086.1566666666668
19.4153,-155.4843,9.18,1.58,2413,2413,2413,0,1082.5194444444444
19.337,-155.064,6.86,2.16,2414,2414,2414,0,1082.4772222222223
19.5285,-155.4587,3.95,3.03,2415,2415,2415,0,1080.77
19.4768,-155.4663,3.51,1.52,2416,2416,2416,0,1080.5552777777777
19.4463,-155.4172,9.32,1.75,2417,2417,2417,0,1080.411111111111
19.3275,-155.2203,9.39,2.63,2418,2418,2418,0,1079.9602777777777
19.4903,-155.392,9.44,2.33,2419,2419,2419,0,1078.7119444444445
19.3398,-155.2212,7.37,1.58,2420,2420,2420,0,1075.6586111111112
19.4642,-155.4352,7.27,1.57,2421,2421,2421,0,1069.5469444444445
19.4745,-155.4408,10.55,2.08,2422,2422,2422,0,1068.8369444444445
19.4848,-155.4368,7.65,2.94,2423,2423,2423,0,1068.6630555555555
19.3163,-155.2557,6.47,1.62,2424,2424,2424,0,1067.8941666666667
19.3388,-155.508,8.02,2.49,2425,2425,2425,0,1067.766111111111
19.3962,-155.4433,10.26,1.93,2426,2426,2426,0,1066.0877777777778
19.3178,-155.2403,6.2,1.65,2427,2427,2427,0,1064.8491666666666
19.4688,-155.45,9.43,2.26,2428,2428,2428,0,1062.2172222222223
19.3775,-155.4568,9.74,2.51,2429,2429,2429,0,1060.6516666666666
19.4343,-155.4103,10.87,1.89,2430,2430,2430,0,1058.8919444444443
19.4985,-155.4472,5.21,1.98,2431,2431,2431,0,1057.8619444444444
19.3895,-155.4385,11.33,2.02,2432,2432,2432,0,1057.1327777777778
19.2558,-155.3808,6.38,1.54,2433,2433,2433,0,1053.028611111111
19.269,-155.3822,5.88,1.88,2434,2434,2434,0,1052.9233333333334
19.4242,-155.37,11.03,1.89,2435,2435,2435,0,1052.5972222222222
19.4402,-155.481,9.08,1.8,2436,2436,2436,0,1052.5797222222222
19.3973,-155.457,11.76,2.41,2437,2437,2437,0,1050.2925
19.4,-155.442,10.45,2.05,2438,2438,2438,0,1049.0872222222222
19.4242,-155.3497,9.36,1.56,2439,2439,2439,0,1045.67
19.3128,-155.1883,6.91,1.92,2440,2440,2440,0,1044.9452777777778
19.3688,-155.442,10.14,1.84,2441,2441,2441,0,1044.4566666666667
19.3768,-155.4432,11.15,1.69,2442,2442,2442,0,1042.9922222222222
19.3715,-155.495,9.27,2.75,2443,2443,2443,0,1042.2469444444444
19.4185,-155.3592,10.91,2.06,2444,2444,2444,0,1035.56
19.3317,-155.1937,7.89,2.06,2445,2445,2445,0,1035.463611111111
19.3528,-155.0403,4.89,1.85,2446,2446,2446,0,1033.293888888889
19.3545,-155.0213,6.91,2.03,2447,2447,2447,0,1031.4794444444444
19.3632,-155.0242,6.95,1.96,2448,2448,2448,0,1031.4677777777779
19.2708,-155.4453,8.07,1.99,2449,2449,2449,0,1031.0980555555554
19.386,-155.4533,9.88,1.95,2450,2450,2450,0,1028.2630555555556
19.3715,-155.4937,8.73,1.59,2451,2451,2451,0,1026.6319444444443
19.3365,-155.2137,8.19,1.72,2452,2452,2452,0,1024.6177777777777
19.2808,-155.4847,8.88,2.22,2453,2453,2453,0,1024.2811111111112
19.3452,-155.1043,6.21,1.85,2454,2454,2454,0,1023.8802777777778
19.3897,-155.455,10.77,2.5,2455,2455,2455,0,1023.8341666666666
19.3832,-155.4613,10.55,2.62,2456,2456,2456,0,1019.4119444444444
19.3963,-155.4187,7.82,1.54,2457,2457,2457,0,1019.3005555555555
19.4255,-155.365,10.95,1.89,2458,2458,2458,0,1019.1133333333333
19.3933,-155.4473,10.69,1.73,2459,2459,2459,0,1016.6327777777777
19.4848,-155.4395,7.59,2.59,2460,2460,2460,0,1015.1647222222222
19.3967,-155.4463,10.19,1.75,2461,2461,2461,0,1014.1713888888889
19.417,-155.5042,11.72,2.19,2462,2462,2462,0,1012.4572222222222
19.4728,-155.4477,3.6,1.6,2463,2463,2463,0,1011.8883333333333
19.3555,-155.4018,13.1,2.22,2464,2464,2464,0,1010.6413888888889
19.4175,-155.3618,11.45,2.86,2465,2465,2465,0,1007.6705555555556
19.425,-155.4905,8.34,1.87,2466,2466,2466,0,1006.8866666666667
19.4237,-155.4942,10.38,2.3,2467,2467,2467,0,1005.1775
19.426,-155.3455,10.58,2.17,2468,2468,2468,0,1004.7969444444444
19.3917,-155.341,10.53,1.76,2469,2469,2469,0,999.28
19.4165,-155.5052,12.31,1.76,2470,2470,2470,0,997.3133333333334
19.4197,-155.466,9.02,1.88,2471,2471,2471,0,995.8680555555555
19.4152,-155.364,10.84,2.24,2472,2472,2472,0,995.6716666666666
19.3237,-155.256,8.23,1.98,2473,2473,2473,0,994.4297222222223
19.3898,-155.4452,6.3,2.52,2474,2474,2474,0,987.3194444444445
19.3922,-155.4497,5.68,1.63,2475,2475,2475,0,985.9027777777778
19.3932,-155.4283,10.94,2.26,2476,2476,2476,0,980.5577777777778
19.4615,-155.4842,11.04,2.09,2477,2477,2477,0,978.3838888888889
19.4152,-155.3585,12.44,2.12,2478,2478,2478,0,977.0652777777777
19.3248,-155.2588,9.05,3.08,2479,2479,2479,0,976.7555555555556
19.349,-155.4933,6.14,1.9,2480,2480,2480,0,974.4383333333334
19.3595,-155.3633,11.01,1.78,2481,2481,2481,0,973.6616666666666
19.3543,-155.1127,7.23,2.14,2482,2482,2482,0,969.3958333333334
19.333,-155.1872,9.18,2.06,2483,2483,2483,0,963.7366666666667
19.3497,-155.489,5.92,1.53,2484,2484,2484,0,961.7458333333333
19.3497,-155.395,10.01,1.98,2485,2485,2485,0,961.4913888888889
19.3678,-155.4038,12.67,2.42,2486,2486,2486,0,960.585
19.373,-155.0165,6.56,2.13,2487,2487,2487,0,958.0661111111111
19.4318,-155.487,9.52,1.68,2488,2488,2488,0,957.8869444444445
19.3773,-155.4982,8.31,1.86,2489,2489,2489,0,957.4422222222222
19.4297,-155.4845,8.04,1.66,2490,2490,2490,0,953.7616666666667
19.5057,-155.456,3.65,3.24,2491,2491,2491,0,948.2138888888888
19.3208,-155.2192,5.53,1.8,2492,2492,2492,0,940.3741666666666
19.4373,-155.4783,8.8,1.97,2493,2493,2493,0,940.3338888888889
19.3308,-155.4547,8.86,2.57,2494,2494,2494,0,939.4788888888888
19.4253,-155.408,10.53,2.09,2495,2495,2495,0,938.6586111111111
19.4713,-155.4465,5.91,2.57,2496,2496,2496,0,937.3388888888888
19.4722,-155.456,3.08,2.55,2497,2497,2497,0,934.7044444444444
19.2632,-155.4945,10.75,1.68,2498,2498,2498,0,933.8038888888889
19.361,-155.4693,8.81,2.24,2499,2499,2499,0,932.9569444444444
19.3663,-155.4952,12.32,2.6,2500,2500,2500,0,930.9833333333333
19.4172,-155.5028,12.03,2.56,2501,2501,2501,0,930.1197222222222
19.444,-155.3867,12.04,1.89,2502,2502,2502,0,929.8947222222222
19.3368,-155.2158,6.88,1.71,2503,2503,2503,0,928.1186111111111
19.3767,-155.477,10.26,1.7,2504,2504,2504,0,925.8447222222222
19.3828,-155.4317,10.63,1.83,2505,2505,2505,0,924.9716666666667
19.4407,-155.3878,13.07,1.77,2506,2506,2506,0,924.1552777777778
19.3362,-155.2128,8.52,1.85,2507,2507,2507,0,921.8016666666666
19.4583,-155.4017,10.34,1.58,2508,2508,2508,0,920.5141666666667
19.3497,-155.3592,11.02,2.18,2509,2509,2509,0,918.1933333333334
19.3225,-155.2507,6.32,2.09,2510,2510,2510,0,916.345
19.3787,-155.4072,13.58,1.9,2511,2511,2511,0,914.5663888888889
19.4005,-155.448,10.72,2.12,2512,2512,2512,0,913.1338888888889
19.4207,-155.4917,10.02,2.14,2513,2513,2513,0,909.9230555555556
19.339,-155.2252,9.41,1.59,2514,2514,2514,0,908.34
19.3157,-155.2247,8.15,1.52,2515,2515,2515,0,907.3072222222222
19.376,-155.3482,10.58,2.11,2516,2516,2516,0,905.6636111111111
19.3868,-155.4375,9.41,1.97,2517,2517,2517,0,901.6986111111111
19.3933,-155.284,14.02,1.94,2518,2518,2518,0,896.6077777777778
19.3062,-155.2572,8.17,2.14,2519,2519,2519,0,895.0263888888888
19.472,-155.4502,9.2,2.75,2520,2520,2520,0,894.9736111111112
19.389,-155.3452,9.59,2.0,2521,2521,2521,0,893.0627777777778
19.4567,-155.435,9.94,2.03,2522,2522,2522,0,891.1266666666667
19.3135,-155.2585,6.93,1.66,2523,2523,2523,0,885.3166666666667
19.3982,-155.4473,10.9,1.89,2524,2524,2524,0,884.7752777777778
19.3557,-155.3915,11.07,1.84,2525,2525,2525,0,883.7063888888889
19.4117,-155.3633,9.72,2.05,2526,2526,2526,0,881.4666666666667
19.4307,-155.3615,8.48,1.51,2527,2527,2527,0,881.0066666666667
19.3757,-155.4425,9.44,1.79,2528,2528,2528,0,877.9152777777778
19.4103,-155.3673,10.54,2.12,2529,2529,2529,0,877.8991666666667
19.341,-155.4978,5.9,1.83,2530,2530,2530,0,875.5783333333334
19.453,-155.4903,8.88,1.83,2531,2531,2531,0,873.6766666666666
19.4733,-155.4247,1.16,1.97,2532,2532,2532,0,873.4238888888889
19.3975,-155.4458,11.01,2.97,2533,2533,2533,0,870.7138888888888
19.3958,-155.4518,9.83,1.87,2534,2534,2534,0,868.9711111111111
19.4263,-155.3387,5.04,2.7,2535,2535,2535,0,867.2430555555555
19.3528,-155.1303,6.1,2.07,2536,2536,2536,0,864.7947222222223
19.3745,-155.5018,8.35,1.57,2537,2537,2537,0,863.8852777777778
19.4747,-155.4097,9.92,1.52,2538,2538,2538,0,863.0905555555555
19.4605,-155.4112,8.07,2.55,2539,2539,2539,0,859.0058333333334
19.3117,-155.219,3.9,1.61,2540,2540,2540,0,857.3947222222222
19.3143,-155.2175,4.01,1.9,2541,2541,2541,0,857.3833333333333
19.3662,-155.5017,10.01,3.67,2542,2542,2542,0,857.06
19.3983,-155.4442,10.22,2.45,2543,2543,2543,0,855.6241666666666
19.4248,-155.3515,9.69,2.53,2544,2544,2544,0,853.0102777777778
19.4548,-155.3913,8.94,1.97,2545,2545,2545,0,852.8386111111112
19.3882,-155.3927,13.4,3.08,2546,2546,2546,0,847.8405555555555
19.4037,-155.4382,9.52,1.58,2547,2547,2547,0,847.1583333333333
19.3855,-155.4558,9.9,1.65,2548,2548,2548,0,846.7586111111111
19.425,-155.3532,9.36,2.05,2549,2549,2549,0,846.5447222222223
19.379,-155.4335,10.52,1.98,2550,2550,2550,0,845.2930555555556
19.4723,-155.4633,9.36,2.06,2551,2551,2551,0,842.6197222222222
19.3642,-155.4352,10.68,1.67,2552,2552,2552,0,840.3691666666666
19.441,-155.331,6.55,2.6,2553,2553,2553,0,839.2036111111111
19.4442,-155.3322,6.65,1.58,2554,2554,2554,0,839.1616666666666
19.4283,-155.3568,9.12,1.72,2555,2555,2555,0,838.9888888888889
19.328,-155.1885,5.42,2.06,2556,2556,2556,0,836.5152777777778
19.3027,-155.434,9.25,1.62,2557,2557,2557,0,835.7169444444445
19.4608,-155.453,5.6,2.09,2558,2558,2558,0,833.9319444444444
19.4047,-155.424,8.03,1.54,2559,2559,2559,0,831.8541666666666
19.465,-155.4348,9.13,2.3,2560,2560,2560,0,826.2144444444444
19.3842,-155.4537,11.26,2.65,2561,2561,2561,0,825.6313888888889
19.4088,-155.3268,6.66,1.98,2562,2562,2562,0,819.3111111111111
19.3643,-155.3637,9.57,1.91,2563,2563,2563,0,814.2427777777777
19.3252,-155.246,6.08,1.6,2564,2564,2564,0,814.0225
19.4222,-155.3607,10.24,1.88,2565,2565,2565,0,813.2663888888889
19.4267,-155.2663,20.42,2.35,2566,2566,2566,0,812.7272222222222
19.3795,-155.3458,8.71,1.91,2567,2567,2567,0,809.4825
19.3247,-155.2608,6.37,2.09,2568,2568,2568,0,809.2158333333333
19.397,-155.3432,8.97,1.59,2569,2569,2569,0,807.4011111111112
19.4728,-155.4257,9.31,2.49,2570,2570,2570,0,806.6922222222222
19.4042,-155.4448,9.98,1.96,2571,2571,2571,0,806.2669444444444
19.456,-155.424,9.63,2.2,2572,2572,2572,0,803.6286111111111
19.3792,-155.0055,6.38,2.12,2573,2573,2573,0,803.0788888888889
19.3027,-155.215,4.23,1.62,2574,2574,2574,0,801.7852777777778
19.308,-155.2135,3.35,1.61,2575,2575,2575,0,801.4661111111111
19.3385,-155.2283,6.8,1.88,2576,2576,2576,0,800.8016666666666
19.4205,-155.3508,10.12,2.48,2577,2577,2577,0,800.5291666666667
19.4643,-155.4063,9.08,1.58,2578,2578,2578,0,799.1941666666667
19.2933,-155.213,7.02,1.85,2579,2579,2579,0,797.7458333333333
19.3132,-155.2233,3.89,1.83,2580,2580,2580,0,795.0527777777778
19.4022,-155.4375,10.1,2.07,2581,2581,2581,0,786.5422222222222
19.424,-155.3525,9.28,2.17,2582,2582,2582,0,785.7463888888889
19.466,-155.4502,5.78,2.14,2583,2583,2583,0,784.5094444444444
19.422,-155.3485,8.32,1.87,2584,2584,2584,0,784.0911111111111
19.416,-155.3553,8.66,2.18,2585,2585,2585,0,782.36
19.4217,-155.3362,7.42,1.86,2586,2586,2586,0,777.5716666666667
19.4687,-155.4433,9.01,2.56,2587,2587,2587,0,777.5347222222222
19.4643,-155.4438,8.1,2.39,2588,2588,2588,0,777.0927777777778
19.3875,-155.4333,11.51,2.67,2589,2589,2589,0,771.66
19.3502,-155.3628,10.24,1.81,2590,2590,2590,0,771.6072222222223
19.3483,-155.3575,10.23,1.57,2591,2591,2591,0,771.5691666666667
19.3585,-155.3873,11.31,1.96,2592,2592,2592,0,770.7222222222222
19.4203,-155.3203,5.76,2.55,2593,2593,2593,0,770.3469444444445
19.416,-155.3208,5.01,2.79,2594,2594,2594,0,769.7233333333334
19.4192,-155.3173,5.36,1.66,2595,2595,2595,0,769.5605555555555
19.4143,-155.3182,4.95,1.6,2596,2596,2596,0,769.5091666666667
19.412,-155.3282,6.52,2.99,2597,2597,2597,0,767.9394444444445
19.42,-155.3295,3.89,1.55,2598,2598,2598,0,767.54
19.4258,-155.4902,9.2,2.58,2599,2599,2599,0,765.68
19.4603,-155.4082,9.31,1.59,2600,2600,2600,0,764.5941666666666
19.3445,-155.3742,11.44,1.67,2601,2601,2601,0,761.7438888888889
19.4853,-155.443,8.23,3.19,2602,2602,2602,0,760.8011111111111
19.3898,-155.3935,13.51,2.24,2603,2603,2603,0,758.7691666666667
19.3577,-155.5008,9.6,3.23,2604,2604,2604,0,758.3077777777778
19.4263,-155.3475,11.12,1.87,2605,2605,2605,0,756.1975
19.3932,-155.446,10.71,1.76,2606,2606,2606,0,754.9527777777778
19.3623,-155.4383,10.24,1.87,2607,2607,2607,0,748.7497222222222
19.4202,-155.3537,9.47,2.51,2608,2608,2608,0,748.3877777777777
19.3397,-155.2258,6.45,1.88,2609,2609,2609,0,747.7716666666666
19.3188,-155.1667,7.36,1.82,2610,2610,2610,0,746.0352777777778
19.3273,-155.1843,7.75,2.06,2611,2611,2611,0,744.5544444444445
19.4713,-155.4478,9.35,3.0,2612,2612,2612,0,743.1502777777778
19.3697,-155.4992,9.16,1.88,2613,2613,2613,0,740.6258333333334
19.4167,-155.3408,10.05,2.69,2614,2614,2614,0,729.6536111111111
19.4145,-155.354,11.44,1.9,2615,2615,2615,0,728.2561111111111
19.4242,-155.3332,7.47,1.52,2616,2616,2616,0,727.8913888888889
19.4537,-155.4998,10.51,1.98,2617,2617,2617,0,727.1333333333333
19.3267,-155.1352,5.08,1.89,2618,2618,2618,0,724.9988888888889
19.3172,-155.2612,7.11,1.92,2619,2619,2619,0,719.0505555555555
19.3393,-155.0738,7.38,2.16,2620,2620,2620,0,716.4705555555555
19.3695,-155.4995,9.24,1.54,2621,2621,2621,0,716.3941666666667
19.4258,-155.3448,10.06,2.75,2622,2622,2622,0,713.6044444444444
19.3158,-155.227,4.59,1.74,2623,2623,2623,0,712.265
19.3555,-155.5068,9.23,1.6,2624,2624,2624,0,712.0905555555555
19.3543,-155.3913,9.49,1.65,2625,2625,2625,0,709.7986111111111
19.3808,-155.442,10.09,2.16,2626,2626,2626,0,709.3430555555556
19.3773,-155.079,8.23,2.91,2627,2627,2627,0,707.4197222222223
19.36,-155.0457,7.86,2.32,2628,2628,2628,0,705.5313888888888
19.3982,-155.3473,10.04,1.82,2629,2629,2629,0,703.6855555555555
19.4208,-155.3207,5.26,1.68,2630,2630,2630,0,703.605
19.3843,-155.4382,9.23,1.56,2631,2631,2631,0,696.4513888888889
19.3352,-155.1152,7.0,2.41,2632,2632,2632,0,695.4730555555556
19.349,-155.498,2.57,2.75,2633,2633,2633,0,694.9405555555555
19.3497,-155.5013,2.72,3.27,2634,2634,2634,0,694.895
19.345,-155.4997,2.44,2.82,2635,2635,2635,0,694.6980555555556
19.3478,-155.5027,3.11,2.58,2636,2636,2636,0,694.6116666666667
19.3485,-155.4997,2.47,3.4,2637,2637,2637,0,694.4522222222222
19.4183,-155.3292,5.8,2.09,2638,2638,2638,0,693.3986111111111
19.386,-155.489,10.57,1.59,2639,2639,2639,0,692.3522222222222
19.3722,-155.4978,8.82,1.75,2640,2640,2640,0,690.4947222222222
19.4143,-155.3622,10.83,2.5,2641,2641,2641,0,662.1888888888889
19.3172,-155.2528,6.83,2.11,2642,2642,2642,0,661.4413888888889
19.4252,-155.3538,10.79,2.82,2643,2643,2643,0,661.3516666666667
19.4192,-155.3593,10.12,1.58,2644,2644,2644,0,660.5633333333334
19.3105,-155.2223,8.8,2.66,2645,2645,2645,0,653.3030555555556
19.3698,-155.4967,9.09,2.59,2646,2646,2646,0,650.7080555555556
19.345,-155.3577,10.36,1.83,2647,2647,2647,0,643.3647222222222
19.2138,-155.461,8.44,3.01,2648,2648,2648,0,641.1075
19.371,-155.4817,9.54,2.03,2649,2649,2649,0,638.5219444444444
19.3798,-155.3462,11.05,2.64,2650,2650,2650,0,638.3180555555556
19.4495,-155.3893,6.81,1.57,2651,2651,2651,0,636.4941666666666
19.4292,-155.463,6.45,1.85,2652,2652,2652,0,630.7455555555556
19.4707,-155.4535,5.89,2.51,2653,2653,2653,0,625.3930555555555
19.3272,-155.2265,7.87,2.6,2654,2654,2654,0,625.3533333333334
19.4208,-155.3543,10.57,1.88,2655,2655,2655,0,624.6547222222222
19.3493,-155.4945,5.46,1.76,2656,2656,2656,0,624.2938888888889
19.4452,-155.3947,10.63,1.67,2657,2657,2657,0,621.6513888888888
19.312,-155.2193,5.85,1.82,2658,2658,2658,0,621.1
19.3627,-155.4657,5.51,2.97,2659,2659,2659,0,620.5477777777778
19.3532,-155.124,7.13,2.54,2660,2660,2660,0,616.92
19.3935,-155.4378,10.52,1.97,2661,2661,2661,0,615.3522222222222
19.3698,-155.4573,9.62,2.55,2662,2662,2662,0,582.8702777777778
19.4258,-155.3533,10.57,2.05,2663,2663,2663,0,579.6961111111111
19.3308,-155.1623,7.1,2.53,2664,2664,2664,0,577.0002777777778
19.3208,-155.189,6.24,1.59,2665,2665,2665,0,565.8338888888889
19.3092,-155.218,7.29,2.31,2666,2666,2666,0,564.9508333333333
19.3908,-155.4548,11.05,1.69,2667,2667,2667,0,562.5541666666667
19.4262,-155.3497,9.94,2.53,2668,2668,2668,0,559.7694444444444
19.4317,-155.499,10.22,2.04,2669,2669,2669,0,559.645
19.4378,-155.4778,9.57,1.97,2670,2670,2670,0,556.4322222222222
19.3107,-155.1942,8.72,3.49,2671,2671,2671,0,551.1591666666667
19.383,-155.4433,10.43,1.68,2672,2672,2672,0,549.2280555555556
19.3273,-155.25,6.44,1.59,2673,2673,2673,0,547.9397222222223
19.3723,-155.4962,9.34,2.05,2674,2674,2674,0,545.0430555555556
19.3252,-155.1825,8.16,1.89,2675,2675,2675,0,544.8386111111112
19.4365,-155.338,6.78,1.54,2676,2676,2676,0,543.1330555555555
19.2937,-155.2707,8.15,1.96,2677,2677,2677,0,542.8797222222222
19.4567,-155.4737,8.22,1.94,2678,2678,2678,0,542.5513888888889
19.3183,-155.2542,6.88,2.09,2679,2679,2679,0,540.0602777777777
19.3622,-155.027,5.22,1.53,2680,2680,2680,0,538.3997222222222
19.3737,-155.462,10.01,1.71,2681,2681,2681,0,538.3155555555555
19.3422,-155.2163,7.53,1.58,2682,2682,2682,0,531.5522222222222
19.389,-155.4393,10.58,1.67,2683,2683,2683,0,531.1213888888889
19.417,-155.3335,5.8,1.86,2684,2684,2684,0,528.2936111111111
19.3832,-155.3472,10.23,1.61,2685,2685,2685,0,524.1261111111111
19.3483,-155.3563,9.96,1.73,2686,2686,2686,0,523.6069444444445
19.348,-155.359,11.53,1.65,2687,2687,2687,0,523.5041666666667
19.3658,-155.4943,9.99,1.75,2688,2688,2688,0,520.8766666666667
19.4323,-155.354,8.74,1.86,2689,2689,2689,0,518.3694444444444
19.4242,-155.3575,9.52,1.57,2690,2690,2690,0,517.9169444444444
19.3715,-155.4982,9.39,1.75,2691,2691,2691,0,516.7486111111111
19.3052,-155.2237,10.18,3.78,2692,2692,2692,0,515.0313888888888
19.3595,-155.506,9.06,1.77,2693,2693,2693,0,514.045
19.3772,-155.4508,9.21,1.69,2694,2694,2694,0,512.3419444444445
19.314,-155.2172,3.45,1.6,2695,2695,2695,0,511.91833333333335
19.3147,-155.2262,7.33,2.09,2696,2696,2696,0,511.7175
19.5022,-155.4543,5.51,3.48,2697,2697,2697,0,508.01916666666665
19.493,-155.4565,4.48,2.07,2698,2698,2698,0,504.66777777777776
19.4225,-155.514,9.21,1.72,2699,2699,2699,0,496.8636111111111
19.4355,-155.3738,8.97,1.88,2700,2700,2700,0,492.56166666666667
19.3127,-155.2225,6.33,1.91,2701,2701,2701,0,491.5883333333333
19.4138,-155.3585,9.81,1.89,2702,2702,2702,0,491.0375
19.424,-155.3625,11.29,1.88,2703,2703,2703,0,487.90555555555557
19.4268,-155.3593,10.12,2.68,2704,2704,2704,0,484.28694444444443
19.3623,-155.1167,6.64,1.83,2705,2705,2705,0,482.46555555555557
19.4453,-155.3915,10.87,2.51,2706,2706,2706,0,480.0761111111111
19.2625,-155.3868,4.79,2.07,2707,2707,2707,0,479.675
19.3057,-155.2218,5.28,1.51,2708,2708,2708,0,478.4091666666667
19.3925,-155.4253,9.89,1.56,2709,2709,2709,0,455.8261111111111
19.3418,-155.5002,9.65,1.58,2710,2710,2710,0,452.9788888888889
19.2753,-155.3802,5.72,1.95,2711,2711,2711,0,448.5361111111111
19.338,-155.2138,6.46,1.58,2712,2712,2712,0,444.8388888888889
19.4448,-155.3897,7.58,2.0,2713,2713,2713,0,441.46444444444444
19.4788,-155.4078,5.81,2.61,2714,2714,2714,0,440.735
19.2782,-155.375,7.92,2.83,2715,2715,2715,0,440.4194444444444
19.4187,-155.3578,11.9,2.24,2716,2716,2716,0,437.6147222222222
19.3087,-155.2502,5.5,1.57,2717,2717,2717,0,430.3691666666667
19.3737,-155.4828,9.86,1.68,2718,2718,2718,0,430.25888888888886
19.3543,-155.405,14.14,2.61,2719,2719,2719,0,428.90694444444443
19.3607,-155.3507,11.42,2.84,2720,2720,2720,0,428.4627777777778
19.3625,-155.438,10.86,1.95,2721,2721,2721,0,426.2808333333333
19.4228,-155.336,7.75,3.16,2722,2722,2722,0,425.0672222222222
19.4475,-155.5008,9.6,1.84,2723,2723,2723,0,423.84027777777777
19.4923,-155.4985,3.1,1.87,2724,2724,2724,0,418.0083333333333
19.4593,-155.3953,4.48,1.59,2725,2725,2725,0,415.605
19.4373,-155.4835,8.86,1.78,2726,2726,2726,0,410.2613888888889
19.368,-155.028,7.89,2.14,2727,2727,2727,0,352.4772222222222
19.3845,-155.446,10.13,2.35,2728,2728,2728,0,350.4941666666667
19.3727,-155.479,10.36,2.08,2729,2729,2729,0,349.6144444444444
19.3587,-155.0322,5.49,1.79,2730,2730,2730,0,348.2713888888889
19.309,-155.2593,7.18,1.63,2731,2731,2731,0,344.85277777777776
19.3577,-155.1107,8.59,1.85,2732,2732,2732,0,344.09583333333336
19.4503,-155.4883,10.26,2.53,2733,2733,2733,0,343.9427777777778
19.329,-155.1987,7.73,2.02,2734,2734,2734,0,342.3066666666667
19.409,-155.3203,4.85,1.51,2735,2735,2735,0,335.7361111111111
19.4222,-155.3493,9.72,1.87,2736,2736,2736,0,329.9683333333333
19.3337,-155.5088,5.28,2.28,2737,2737,2737,0,328.69694444444445
19.453,-155.4297,10.12,2.81,2738,2738,2738,0,324.8563888888889
19.349,-155.0857,6.93,2.02,2739,2739,2739,0,316.5697222222222
19.3527,-155.394,10.07,1.55,2740,2740,2740,0,314.44944444444445
19.2978,-155.221,8.79,2.11,2741,2741,2741,0,291.1575
19.4875,-155.4603,3.88,2.52,2742,2742,2742,0,291.115
19.2952,-155.2602,7.07,1.65,2743,2743,2743,0,290.8466666666667
19.3062,-155.466,8.93,2.09,2744,2744,2744,0,283.1983333333333
19.2958,-155.4995,5.44,1.53,2745,2745,2745,0,283.12055555555554
19.4493,-155.4162,9.17,1.67,2746,2746,2746,0,280.82472222222225
19.3478,-155.3983,10.04,1.68,2747,2747,2747,0,280.72222222222223
19.3503,-155.3642,10.33,1.65,2748,2748,2748,0,277.20166666666665
19.4548,-155.485,10.36,2.36,2749,2749,2749,0,276.93833333333333
19.381,-155.4627,10.27,2.53,2750,2750,2750,0,276.74944444444446
19.3562,-155.3683,9.71,1.65,2751,2751,2751,0,274.2894444444444
19.412,-155.3647,11.62,2.56,2752,2752,2752,0,272.4611111111111
19.268,-155.336,8.39,2.63,2753,2753,2753,0,270.3236111111111
19.3702,-155.5032,7.88,2.06,2754,2754,2754,0,268.5275
19.3277,-155.2292,9.05,2.55,2755,2755,2755,0,268.2658333333333
19.4155,-155.3588,10.34,1.89,2756,2756,2756,0,266.7583333333333
19.3728,-155.4893,9.21,1.74,2757,2757,2757,0,263.5263888888889
19.3872,-155.3502,10.37,1.9,2758,2758,2758,0,261.99833333333333
19.3783,-155.448,10.94,2.72,2759,2759,2759,0,257.5261111111111
19.3813,-155.4392,9.89,1.68,2760,2760,2760,0,256.45472222222224
19.3718,-155.0303,5.26,1.82,2761,2761,2761,0,256.10305555555556
19.2692,-155.3738,8.27,2.36,2762,2762,2762,0,255.2097222222222
19.3173,-155.1852,7.85,2.07,2763,2763,2763,0,255.04805555555555
19.2357,-155.313,6.46,1.54,2764,2764,2764,0,247.55555555555554
19.4235,-155.506,10.24,2.01,2765,2765,2765,0,242.56944444444446
19.4395,-155.478,7.43,1.66,2766,2766,2766,0,239.12166666666667
19.3503,-155.0463,7.52,1.85,2767,2767,2767,0,234.27416666666667
19.3358,-155.2288,5.64,2.06,2768,2768,2768,0,231.18194444444444
19.3608,-155.4773,5.83,1.73,2769,2769,2769,0,230.775
19.3645,-155.4817,5.28,2.03,2770,2770,2770,0,228.9013888888889
19.328,-155.2268,8.18,2.6,2771,2771,2771,0,226.03472222222223
19.3137,-155.2552,7.92,2.54,2772,2772,2772,0,221.645
19.4143,-155.3618,10.52,2.57,2773,2773,2773,0,221.03277777777777
19.3242,-155.1693,8.68,2.19,2774,2774,2774,0,216.4963888888889
19.3442,-155.3635,10.74,1.96,2775,2775,2775,0,213.56583333333333
19.3123,-155.2303,9.0,2.52,2776,2776,2776,0,211.33388888888888
19.4608,-155.4652,9.93,1.64,2777,2777,2777,0,204.0113888888889
19.3407,-155.2175,7.22,1.88,2778,2778,2778,0,203.52722222222224
19.3957,-155.4553,10.61,1.68,2779,2779,2779,0,200.03916666666666
19.2937,-155.2182,5.61,1.52,2780,2780,2780,0,199.55972222222223
19.3705,-155.4838,10.3,2.34,2781,2781,2781,0,198.0125
19.4272,-155.3475,11.19,1.79,2782,2782,2782,0,194.31472222222223
19.3982,-155.4493,10.47,1.64,2783,2783,2783,0,190.59027777777777
19.4175,-155.4523,3.35,1.75,2784,2784,2784,0,190.1425
19.3923,-155.4545,10.34,2.32,2785,2785,2785,0,189.12694444444443
19.3267,-155.1877,8.16,2.59,2786,2786,2786,0,186.2122222222222
19.3317,-155.1872,8.0,2.48,2787,2787,2787,0,185.04194444444445
19.3942,-155.5032,9.85,1.69,2788,2788,2788,0,184.66666666666666
19.3822,-155.4462,11.27,2.1,2789,2789,2789,0,184.36777777777777
19.4215,-155.489,8.97,1.56,2790,2790,2790,0,178.53833333333333
19.3222,-155.2505,6.31,1.61,2791,2791,2791,0,175.84166666666667
19.305,-155.2353,8.52,1.92,2792,2792,2792,0,171.48888888888888
19.3067,-155.2368,9.74,3.23,2793,2793,2793,0,171.45888888888888
19.3403,-155.2602,6.77,1.89,2794,2794,2794,0,169.17472222222221
19.3067,-155.2345,9.63,2.23,2795,2795,2795,0,167.94194444444443
19.4235,-155.3472,9.22,1.87,2796,2796,2796,0,167.45277777777778
19.3008,-155.2345,8.73,1.93,2797,2797,2797,0,165.77444444444444
19.2963,-155.2367,10.6,3.53,2798,2798,2798,0,164.19555555555556
19.4675,-155.439,4.71,2.07,2799,2799,2799,0,161.3725
19.4165,-155.328,4.53,2.6,2800,2800,2800,0,157.09527777777777
19.3227,-155.1943,6.52,2.19,2801,2801,2801,0,155.82472222222222
19.4277,-155.362,9.33,1.57,2802,2802,2802,0,154.16333333333333
19.3755,-155.5023,11.04,2.36,2803,2803,2803,0,150.35777777777778
19.3238,-155.1982,8.8,2.2,2804,2804,2804,0,150.04888888888888
19.4267,-155.3575,9.24,2.05,2805,2805,2805,0,148.565
19.3538,-155.0283,7.45,1.85,2806,2806,2806,0,146.6538888888889
19.4632,-155.39,11.56,3.38,2807,2807,2807,0,145.62333333333333
19.4388,-155.486,8.59,1.67,2808,2808,2808,0,143.3863888888889
19.4543,-155.3988,10.69,2.71,2809,2809,2809,0,142.29694444444445
19.3523,-155.1242,4.76,2.13,2810,2810,2810,0,136.2252777777778
19.37,-155.5053,8.6,2.06,2811,2811,2811,0,133.16583333333332
19.3572,-155.503,9.94,1.76,2812,2812,2812,0,124.16305555555556
19.3698,-155.0075,6.62,1.85,2813,2813,2813,0,121.36027777777778
19.4193,-155.3198,6.18,1.79,2814,2814,2814,0,114.56333333333333
19.3227,-155.2038,6.28,1.93,2815,2815,2815,0,97.06583333333333
19.3613,-155.0092,7.9,1.67,2816,2816,2816,0,93.07277777777777
19.3302,-155.195,7.27,1.58,2817,2817,2817,0,88.00472222222223
19.3177,-155.4583,9.91,2.13,2818,2818,2818,0,86.7388888888889
19.396,-155.5157,10.51,1.69,2819,2819,2819,0,83.21277777777777
19.2607,-155.3633,9.03,1.98,2820,2820,2820,0,80.84555555555555
19.4077,-155.3277,6.99,1.96,2821,2821,2821,0,73.3386111111111
19.363,-155.2,3.31,1.53,2822,2822,2822,0,70.22972222222222
19.4238,-155.3353,7.79,2.55,2823,2823,2823,0,64.23694444444445
19.3915,-155.4553,11.07,1.72,2824,2824,2824,0,64.03944444444444
19.3215,-155.2565,6.31,1.61,2825,2825,2825,0,59.97
19.3975,-155.516,11.74,2.57,2826,2826,2826,0,51.64055555555556
19.4312,-155.357,11.2,1.84,2827,2827,2827,0,47.72611111111111
19.4128,-155.3532,11.5,2.15,2828,2828,2828,0,37.23888888888889
19.382,-155.4375,10.07,1.67,2829,2829,2829,0,33.452777777777776
19.332,-155.5065,10.21,1.8,2830,2830,2830,0,32.602222222222224
19.4872,-155.4602,7.23,2.3,2831,2831,2831,0,32.55305555555555
19.3975,-155.346,10.85,1.59,2832,2832,2832,0,30.65111111111111
19.415,-155.324,5.82,1.94,2833,2833,2833,0,27.362222222222222
19.3775,-155.4468,10.49,1.65,2834,2834,2834,0,20.1075
19.3262,-155.199,5.6,1.89,2835,2835,2835,0,15.44361111111111
19.381,-155.4413,10.24,2.53,2836,2836,2836,0,5.602222222222222
19.3928,-155.3435,11.6,2.67,2837,2837,2837,1,0.0
19.3672,-155.4428,10.92,1.91,2838,2838,2838,1,0.0
19.3307,-155.1933,7.86,1.99,2839,2839,2839,1,0.0
19.3653,-155.1202,8.78,3.03,2840,2840,2840,1,0.0
19.4558,-155.3772,9.9,2.93,2841,2841,2841,1,0.0
19.286,-155.3427,9.58,1.52,2842,2842,2842,1,0.0
19.3663,-155.3925,10.27,1.96,2843,2843,2843,1,0.0
19.3568,-155.1143,8.18,2.67,2844,2844,2844,1,0.0
19.3963,-155.436,8.06,1.66,2845,2845,2845,1,0.0
19.4477,-155.4918,9.81,2.41,2846,2846,2846,1,0.0
19.317,-155.185,8.69,2.44,2847,2847,2847,1,0.0
19.4577,-155.4967,11.18,2.37,2848,2848,2848,1,0.0
19.4188,-155.324,5.76,1.55,2849,2849,2849,1,0.0
19.3063,-155.1893,4.3,1.6,2850,2850,2850,1,0.0
19.338,-155.3958,10.88,1.86,2851,2851,2851,1,0.0
19.2543,-155.2318,9.01,1.69,2852,2852,2852,1,0.0
19.341,-155.0463,8.11,2.86,2853,2853,2853,1,0.0
19.3555,-155.0377,2.05,2.01,2854,2854,2854,1,0.0
19.4267,-155.346,9.21,2.54,2855,2855,2855,0,171.7877777777778
19.2955,-155.2677,8.07,1.65,2856,2856,2856,0,171.75944444444445
19.3723,-155.4983,8.95,1.75,2857,2857,2857,0,166.8413888888889
19.4493,-155.4852,8.41,1.66,2858,2858,2858,0,165.28861111111112
19.3768,-155.5018,8.96,1.57,2859,2859,2859,0,157.75944444444445
19.307,-155.2218,5.22,1.68,2860,2860,2860,0,146.68722222222223
19.302,-155.2228,6.19,1.66,2861,2861,2861,0,146.43
19.3268,-155.2047,7.75,1.86,2862,2862,2862,0,144.7877777777778
19.3398,-155.1898,9.24,2.18,2863,2863,2863,0,143.42694444444444
19.365,-155.481,4.19,1.58,2864,2864,2864,0,139.86555555555555
19.3472,-155.3545,10.9,1.53,2865,2865,2865,0,139.00555555555556
19.3228,-155.2647,8.74,2.22,2866,2866,2866,0,138.84555555555556
19.311,-155.2163,6.71,1.97,2867,2867,2867,0,136.64194444444445
19.4253,-155.3515,10.16,1.96,2868,2868,2868,0,136.15694444444443
19.3875,-155.4277,11.01,1.72,2869,2869,2869,0,136.11444444444444
19.3667,-155.0412,7.41,1.58,2870,2870,2870,0,131.75611111111112
19.3788,-155.4997,9.68,1.58,2871,2871,2871,0,118.92166666666667
19.3522,-155.3767,8.52,1.87,2872,2872,2872,0,117.95222222222222
19.4588,-155.475,10.03,1.88,2873,2873,2873,0,117.46388888888889
19.4715,-155.4338,9.64,1.97,2874,2874,2874,0,111.75638888888889
19.3798,-155.4463,10.04,1.7,2875,2875,2875,0,92.69
19.4517,-155.4362,3.5,1.6,2876,2876,2876,0,92.19833333333334
19.3592,-155.0848,8.18,2.14,2877,2877,2877,0,85.4425
19.391,-155.4315,10.5,2.14,2878,2878,2878,0,81.42833333333333
19.3362,-155.1308,8.57,2.61,2879,2879,2879,0,80.2461111111111
19.4342,-155.3557,9.61,3.13,2880,2880,2880,0,78.72583333333333
19.4412,-155.5017,7.83,1.54,2881,2881,2881,0,76.12694444444445
19.4227,-155.3543,9.28,1.87,2882,2882,2882,0,65.37611111111111
19.3903,-155.454,9.75,1.8,2883,2883,2883,0,62.826388888888886
19.4595,-155.4925,10.74,2.06,2884,2884,2884,0,55.01166666666666
19.3442,-155.0715,4.6,1.79,2885,2885,2885,0,54.533611111111114
19.3763,-155.3493,10.02,2.93,2886,2886,2886,0,50.85888888888889
19.3752,-155.46,9.66,2.55,2887,2887,2887,0,49.325
19.363,-155.5012,8.66,1.76,2888,2888,2888,0,44.135555555555555
19.4837,-155.4535,5.18,2.65,2889,2889,2889,0,31.450555555555557
19.3783,-155.45,9.87,2.17,2890,2890,2890,0,30.988055555555555
19.3787,-155.4978,10.85,2.7,2891,2891,2891,0,29.718888888888888
19.3782,-155.3463,10.68,1.57,2892,2892,2892,0,23.054166666666667
19.3475,-155.4773,9.82,2.06,2893,2893,2893,0,19.768055555555556
19.4,-155.5215,14.38,2.34,2894,2894,2894,0,16.276944444444446
19.3217,-155.1628,6.86,1.58,2895,2895,2895,0,6.773611111111111
19.5153,-155.4617,4.56,1.89,2896,2896,2896,0,5.4030555555555555
19.3288,-155.246,6.89,1.9,2897,2897,2897,0,2.446388888888889
19.343,-155.3657,10.42,1.55,2898,2898,2898,1,0.0
19.3398,-155.2188,8.54,2.18,2899,2899,2899,0,314.4211111111111
19.3508,-155.1052,4.97,2.14,2900,2900,2900,0,313.3516666666667
19.356,-155.0095,3.99,2.14,2901,2901,2901,0,313.14666666666665
19.3558,-155.3692,10.61,2.51,2902,2902,2902,0,309.1961111111111
19.3862,-155.4602,9.8,1.54,2903,2903,2903,0,303.6227777777778
19.307,-155.2212,8.14,2.1,2904,2904,2904,0,303.60583333333335
19.3492,-155.3695,11.38,1.87,2905,2905,2905,0,303.3983333333333
19.3632,-155.3862,10.63,1.84,2906,2906,2906,0,292.5683333333333
19.3203,-155.1993,7.23,1.77,2907,2907,2907,0,278.8988888888889
19.3672,-155.4805,9.88,1.54,2908,2908,2908,0,278.0552777777778
19.474,-155.4518,7.96,2.75,2909,2909,2909,0,273.58
19.3282,-155.1837,7.62,2.33,2910,2910,2910,0,244.5836111111111
19.3947,-155.4358,10.59,2.67,2911,2911,2911,0,237.63194444444446
19.4273,-155.3463,10.36,3.09,2912,2912,2912,0,233.35666666666665
19.3195,-155.2217,7.21,1.6,2913,2913,2913,0,232.805
19.471,-155.455,8.23,2.77,2914,2914,2914,0,231.5847222222222
19.3978,-155.4473,10.43,2.93,2915,2915,2915,0,230.2602777777778
19.4127,-155.3355,4.92,1.86,2916,2916,2916,0,225.5025
19.4338,-155.5018,11.62,1.71,2917,2917,2917,0,219.79861111111111
19.446,-155.497,10.13,2.3,2918,2918,2918,0,213.41194444444446
19.3353,-155.206,7.62,1.88,2919,2919,2919,0,209.4663888888889
19.2752,-155.3763,6.88,2.22,2920,2920,2920,0,199.03666666666666
19.4835,-155.4173,4.34,2.04,2921,2921,2921,0,197.05333333333334
19.4568,-155.4953,9.95,1.97,2922,2922,2922,0,191.54722222222222
19.3838,-155.4448,11.0,1.54,2923,2923,2923,0,188.765
19.4685,-155.4305,9.64,1.72,2924,2924,2924,0,177.64694444444444
19.4602,-155.4855,9.61,1.69,2925,2925,2925,0,174.65
19.2892,-155.3465,8.85,1.85,2926,2926,2926,0,163.97027777777777
19.4183,-155.3177,6.38,2.95,2927,2927,2927,0,161.11777777777777
19.4195,-155.315,5.79,2.62,2928,2928,2928,0,160.0963888888889
19.3628,-155.4765,4.67,2.03,2929,2929,2929,0,156.24194444444444
19.4007,-155.431,10.54,2.72,2930,2930,2930,0,154.31666666666666
19.3745,-155.347,9.82,1.61,2931,2931,2931,0,154.29055555555556
19.3945,-155.438,3.64,1.79,2932,2932,2932,0,140.00166666666667
19.3423,-155.0762,7.31,2.03,2933,2933,2933,0,139.2675
19.3908,-155.5025,8.45,2.34,2934,2934,2934,0,131.73888888888888
19.3233,-155.1975,6.82,1.89,2935,2935,2935,0,131.19055555555556
19.419,-155.3398,6.96,1.56,2936,2936,2936,0,130.4525
19.4935,-155.3648,0.02,1.99,2937,2937,2937,0,117.96083333333333
19.3355,-155.1992,7.69,2.48,2938,2938,2938,0,117.69555555555556
19.3495,-155.3615,9.83,2.3,2939,2939,2939,0,115.76611111111112
19.3918,-155.4318,10.66,2.53,2940,2940,2940,0,114.95416666666667
19.4728,-155.4555,5.27,2.21,2941,2941,2941,0,104.39944444444444
19.4218,-155.3617,9.49,2.18,2942,2942,2942,0,100.87138888888889
19.3115,-155.2563,6.41,2.23,2943,2943,2943,0,95.56861111111111
19.471,-155.4117,2.78,2.58,2944,2944,2944,0,92.60777777777778
19.3677,-155.0438,5.25,1.55,2945,2945,2945,0,66.19694444444444
19.4307,-155.3635,8.75,1.56,2946,2946,2946,0,57.44361111111111
19.3097,-155.2593,6.99,1.69,2947,2947,2947,0,42.57416666666666
19.3207,-155.2237,9.35,2.57,2948,2948,2948,0,32.504444444444445
19.404,-155.4383,9.39,1.56,2949,2949,2949,0,27.401666666666667
19.354,-155.4152,13.33,1.91,2950,2950,2950,0,20.87472222222222
19.4123,-155.4032,9.94,1.9,2951,2951,2951,0,20.104166666666668
19.411,-155.4073,8.42,1.92,2952,2952,2952,0,20.092222222222222
19.3208,-155.2608,8.28,2.0,2953,2953,2953,0,19.880555555555556
19.4127,-155.4057,8.74,1.82,2954,2954,2954,0,19.2625
19.4923,-155.4683,3.05,2.77,2955,2955,2955,0,18.894444444444446
19.4985,-155.4692,4.49,2.87,2956,2956,2956,0,18.8525
19.4002,-155.4292,11.18,1.56,2957,2957,2957,0,18.120277777777776
19.427,-155.3712,10.43,1.58,2958,2958,2958,0,9.900555555555556
19.399,-155.4355,9.25,3.22,2959,2959,2959,0,3.543888888888889
19.4812,-155.4533,1.97,2.58,2960,2960,2960,1,0.0
19.4213,-155.3305,5.48,2.9,2961,2961,2961,1,0.0
19.3268,-155.1995,5.77,1.89,2962,2962,2962,1,0.0
19.3462,-155.101,6.72,1.62,2963,2963,2963,1,0.0
19.3353,-155.2197,5.98,1.88,2964,2964,2964,1,0.0
19.3602,-155.0472,7.53,2.56,2965,2965,2965,1,0.0
19.4205,-155.321,5.11,1.84,2966,2966,2966,1,0.0
19.4275,-155.353,9.2,2.61,2967,2967,2967,1,0.0
19.3988,-155.4542,11.53,3.59,2968,2968,2968,1,0.0
19.4822,-155.4457,12.27,3.31,2969,2969,2969,0,367.12416666666667
19.3162,-155.2527,7.1,1.76,2970,2970,2970,0,366.3019444444444
19.4143,-155.4218,6.59,1.93,2971,2971,2971,0,349.5597222222222
19.3812,-155.0742,8.73,3.23,2972,2972,2972,0,347.24833333333333
19.3777,-155.4998,8.67,1.57,2973,2973,2973,0,341.355
19.3132,-155.2193,7.17,1.91,2974,2974,2974,0,328.1347222222222
19.3493,-155.3912,11.54,1.67,2975,2975,2975,0,325.2063888888889
19.371,-155.4647,10.49,2.57,2976,2976,2976,0,320.1488888888889
19.4048,-155.439,9.64,2.05,2977,2977,2977,0,309.98555555555555
19.4225,-155.3477,10.7,2.27,2978,2978,2978,0,297.59527777777777
19.3827,-155.0388,8.31,2.18,2979,2979,2979,0,291.18444444444447
19.3927,-155.4317,10.54,2.02,2980,2980,2980,0,269.3016666666667
19.4133,-155.336,5.68,2.04,2981,2981,2981,0,259.11611111111114
19.3982,-155.5152,10.93,2.29,2982,2982,2982,0,258.1252777777778
19.4693,-155.4083,2.9,2.53,2983,2983,2983,0,257.32166666666666
19.3635,-155.3657,8.61,1.94,2984,2984,2984,0,256.88916666666665
19.313,-155.2268,7.98,1.91,2985,2985,2985,0,255.7877777777778
19.3202,-155.2548,7.78,1.92,2986,2986,2986,0,254.21777777777777
19.3248,-155.3937,10.12,1.71,2987,2987,2987,0,249.15666666666667
19.3567,-155.042,6.11,1.89,2988,2988,2988,0,236.51194444444445
19.4022,-155.4262,11.38,1.59,2989,2989,2989,0,231.28694444444446
19.3787,-155.4483,9.74,1.56,2990,2990,2990,0,221.1652777777778
19.383,-155.435,11.14,1.58,2991,2991,2991,0,215.0822222222222
19.3205,-155.1688,7.54,1.59,2992,2992,2992,0,209.45888888888888
19.3928,-155.4518,9.83,1.57,2993,2993,2993,0,206.94166666666666
19.3218,-155.1813,6.52,1.89,2994,2994,2994,0,168.14916666666667
19.4222,-155.3483,11.14,1.66,2995,2995,2995,0,161.88
19.314,-155.2315,7.2,1.61,2996,2996,2996,0,161.01361111111112
19.3262,-155.1963,7.22,1.78,2997,2997,2997,0,157.4375
19.3138,-155.1875,5.67,1.91,2998,2998,2998,0,156.91694444444445
19.3393,-155.2267,6.36,1.84,2999,2999,2999,0,156.44027777777777
19.4968,-155.4547,5.43,2.49,3000,3000,3000,0,152.9036111111111
19.3092,-155.2538,7.49,1.63,3001,3001,3001,0,151.93
19.3408,-155.2208,8.63,2.48,3002,3002,3002,0,151.8788888888889
19.32,-155.4747,8.89,2.08,3003,3003,3003,0,151.28194444444443
19.3547,-155.0382,6.96,2.55,3004,3004,3004,0,146.73333333333332
19.3903,-155.343,10.85,1.6,3005,3005,3005,0,145.95555555555555
19.4155,-155.324,5.69,1.52,3006,3006,3006,0,139.2613888888889
19.293,-155.2163,5.82,1.63,3007,3007,3007,0,138.9936111111111
19.3195,-155.223,7.17,1.9,3008,3008,3008,0,127.98805555555556
19.4113,-155.3477,8.5,1.88,3009,3009,3009,0,125.705
19.5055,-155.4833,3.63,1.91,3010,3010,3010,0,123.3275
19.4592,-155.403,11.3,2.28,3011,3011,3011,0,121.88638888888889
19.3342,-155.136,7.18,1.57,3012,3012,3012,0,120.30527777777777
19.4568,-155.4285,6.17,2.44,3013,3013,3013,0,119.93861111111111
19.4557,-155.4257,6.13,1.56,3014,3014,3014,0,116.36666666666666
19.4193,-155.5058,12.28,2.25,3015,3015,3015,0,106.07083333333334
19.391,-155.3487,11.22,1.9,3016,3016,3016,0,97.61972222222222
19.32,-155.2485,7.46,1.83,3017,3017,3017,0,91.29444444444445
19.3982,-155.439,10.05,2.09,3018,3018,3018,0,90.74583333333334
19.3617,-155.3937,10.02,1.7,3019,3019,3019,0,87.89277777777778
19.3425,-155.0343,6.93,1.85,3020,3020,3020,0,82.27805555555555
19.324,-155.204,4.82,1.96,3021,3021,3021,0,79.31138888888889
19.3535,-155.5042,9.24,2.55,3022,3022,3022,0,75.70805555555556
19.36,-155.5047,10.72,2.01,3023,3023,3023,0,73.46583333333334
19.3522,-155.5043,10.52,2.08,3024,3024,3024,0,73.39083333333333
19.3395,-155.2163,7.48,1.73,3025,3025,3025,0,71.95861111111111
19.3483,-155.1297,8.51,3.18,3026,3026,3026,0,70.66444444444444
19.3317,-155.1835,8.43,2.0,3027,3027,3027,0,67.74138888888889
19.4408,-155.4322,11.46,1.69,3028,3028,3028,0,64.61972222222222
19.351,-155.4913,6.66,2.06,3029,3029,3029,0,64.27083333333333
19.4712,-155.4473,6.45,2.75,3030,3030,3030,0,54.35527777777778
19.3207,-155.2212,8.25,1.9,3031,3031,3031,0,37.70444444444445
19.3048,-155.2262,6.2,1.92,3032,3032,3032,0,25.938333333333333
19.405,-155.4908,9.15,1.71,3033,3033,3033,0,18.503611111111113
19.3197,-155.2033,6.31,1.6,3034,3034,3034,0,4.740555555555556
19.3738,-155.5077,9.93,1.76,3035,3035,3035,1,0.0
19.3695,-155.3942,12.85,3.1,3036,3036,3036,1,0.0
19.398,-155.4353,5.55,1.65,3037,3037,3037,1,0.0
19.335,-155.2003,5.13,2.18,3038,3038,3038,1,0.0
19.4617,-155.4042,12.11,1.89,3039,3039,3039,1,0.0
19.4175,-155.3217,6.06,1.55,3040,3040,3040,1,0.0
19.4762,-155.449,8.06,2.96,3041,3041,3041,1,0.0
19.3897,-155.3455,10.41,2.75,3042,3042,3042,1,0.0
19.3972,-155.2655,2.81,1.53,3043,3043,3043,1,0.0
19.3247,-155.1945,6.86,1.59,3044,3044,3044,0,590.6591666666667
19.4305,-155.3555,8.87,1.57,3045,3045,3045,0,587.0547222222223
19.373,-155.0372,7.99,1.87,3046,3046,3046,0,585.8325
19.2968,-155.2528,6.47,1.94,3047,3047,3047,0,575.2752777777778
19.4443,-155.4385,7.19,2.4,3048,3048,3048,0,564.9888888888889
19.3157,-155.2563,7.24,1.92,3049,3049,3049,0,562.5986111111112
19.4253,-155.3448,10.36,1.87,3050,3050,3050,0,558.3958333333334
19.4265,-155.4943,8.85,1.98,3051,3051,3051,0,554.8691666666666
19.3737,-155.4827,9.65,1.98,3052,3052,3052,0,549.6830555555556
19.3103,-155.3417,8.64,1.77,3053,3053,3053,0,548.7047222222222
19.4315,-155.4855,8.63,1.97,3054,3054,3054,0,545.7975
19.3115,-155.2655,3.61,1.71,3055,3055,3055,0,545.7766666666666
19.3617,-155.387,11.05,1.96,3056,3056,3056,0,544.7275
19.5872,-155.1043,6.47,2.09,3057,3057,3057,0,542.6808333333333
19.4165,-155.4995,11.53,1.94,3058,3058,3058,0,535.5733333333334
19.3793,-155.0435,8.17,1.94,3059,3059,3059,0,534.5855555555555
19.4277,-155.4952,9.75,2.33,3060,3060,3060,0,532.4752777777778
19.3762,-155.5042,8.39,2.05,3061,3061,3061,0,529.3033333333333
19.3663,-155.0445,7.87,1.83,3062,3062,3062,0,525.1619444444444
19.3648,-155.4662,10.12,2.47,3063,3063,3063,0,524.4236111111111
19.426,-155.487,8.31,2.16,3064,3064,3064,0,521.1161111111111
19.3465,-155.0385,6.22,2.55,3065,3065,3065,0,516.4158333333334
19.3203,-155.1948,8.77,3.64,3066,3066,3066,0,507.01944444444445
19.4818,-155.4382,6.63,3.19,3067,3067,3067,0,499.1336111111111
19.3547,-155.0557,6.22,2.14,3068,3068,3068,0,498.9913888888889
19.3302,-155.193,8.84,2.49,3069,3069,3069,0,497.68638888888887
19.3303,-155.197,7.11,1.58,3070,3070,3070,0,495.8622222222222
19.3678,-155.4057,13.8,1.67,3071,3071,3071,0,493.4555555555556
19.3325,-155.199,6.58,1.58,3072,3072,3072,0,477.11944444444447
19.4695,-155.4495,5.38,2.5,3073,3073,3073,0,471.2347222222222
19.3673,-155.5032,8.58,2.06,3074,3074,3074,0,469.5527777777778
19.3357,-155.206,7.42,1.88,3075,3075,3075,0,467.62111111111113
19.3657,-155.0332,4.63,2.01,3076,3076,3076,0,463.5375
19.3365,-155.2218,7.5,2.28,3077,3077,3077,0,456.2438888888889
19.431,-155.3618,9.13,1.87,3078,3078,3078,0,450.0863888888889
19.347,-155.2253,7.34,1.87,3079,3079,3079,0,448.13
19.3707,-155.0435,8.13,2.23,3080,3080,3080,0,447.1825
19.3177,-155.2232,7.12,2.38,3081,3081,3081,0,441.4327777777778
19.3727,-155.4938,9.17,2.35,3082,3082,3082,0,439.19
19.3003,-155.3875,9.81,3.03,3083,3083,3083,0,434.1613888888889
19.327,-155.225,5.68,2.2,3084,3084,3084,0,422.97277777777776
19.32,-155.2162,7.43,1.6,3085,3085,3085,0,422.4477777777778
19.3788,-155.4523,10.13,1.7,3086,3086,3086,0,420.63944444444445
19.4878,-155.5008,2.2,2.67,3087,3087,3087,0,416.93833333333333
19.2782,-155.3697,7.21,1.74,3088,3088,3088,0,415.8277777777778
19.3062,-155.2783,8.64,2.55,3089,3089,3089,0,414.77805555555557
19.422,-155.489,8.31,2.14,3090,3090,3090,0,412.17055555555555
19.3577,-155.5043,8.98,2.25,3091,3091,3091,0,395.7633333333333
19.3678,-155.4468,10.18,2.53,3092,3092,3092,0,381.65833333333336
19.3593,-155.5035,9.33,2.07,3093,3093,3093,0,377.1697222222222
19.3432,-155.2082,8.15,2.42,3094,3094,3094,0,374.1327777777778
19.48,-155.4408,5.43,1.89,3095,3095,3095,0,370.88305555555553
19.4255,-155.3418,8.71,1.56,3096,3096,3096,0,360.8511111111111
19.3508,-155.2065,8.68,2.04,3097,3097,3097,0,353.33222222222224
19.325,-155.2248,6.92,2.07,3098,3098,3098,0,325.13444444444445
19.4703,-155.4478,2.86,2.77,3099,3099,3099,0,323.8313888888889
19.3082,-155.245,6.24,1.92,3100,3100,3100,0,312.83166666666665
19.3272,-155.1352,6.14,1.57,3101,3101,3101,0,302.21222222222224
19.3657,-155.4433,10.89,2.6,3102,3102,3102,0,287.5286111111111
19.3327,-155.1315,8.93,1.94,3103,3103,3103,0,286.94694444444445
19.3188,-155.2182,8.76,1.87,3104,3104,3104,0,285.87444444444446
19.3328,-155.1998,9.34,3.26,3105,3105,3105,0,282.54027777777776
19.3275,-155.2027,6.18,1.83,3106,3106,3106,0,278.82944444444445
19.382,-155.3478,10.3,2.14,3107,3107,3107,0,274.10055555555556
19.3597,-155.0767,7.11,1.72,3108,3108,3108,0,271.81555555555553
19.4522,-155.4827,9.69,2.16,3109,3109,3109,0,271.43444444444447
19.3338,-155.1945,8.68,2.69,3110,3110,3110,0,260.5852777777778
19.3168,-155.2192,8.8,2.53,3111,3111,3111,0,259.7675
19.3805,-155.45,10.75,1.65,3112,3112,3112,0,253.33805555555554
19.335,-155.2197,6.58,1.84,3113,3113,3113,0,236.22
19.3687,-155.0818,7.87,2.01,3114,3114,3114,0,231.6475
19.3613,-155.0823,8.63,2.23,3115,3115,3115,0,225.87166666666667
19.3605,-155.0698,7.47,1.9,3116,3116,3116,0,222.57194444444445
19.3303,-155.206,7.23,2.1,3117,3117,3117,0,220.82444444444445
19.3357,-155.1942,9.7,2.84,3118,3118,3118,0,212.3827777777778
19.3035,-155.2667,8.82,2.34,3119,3119,3119,0,207.50666666666666
19.451,-155.4337,5.97,2.45,3120,3120,3120,0,203.83138888888888
19.3695,-155.35,10.04,1.62,3121,3121,3121,0,197.4088888888889
19.3793,-155.4488,9.63,2.17,3122,3122,3122,0,195.80638888888888
19.3582,-155.3663,10.28,1.64,3123,3123,3123,0,186.89222222222222
19.3267,-155.1838,6.68,1.58,3124,3124,3124,0,185.07611111111112
19.3475,-155.2148,7.62,1.87,3125,3125,3125,0,179.33027777777778
19.3873,-155.0347,8.71,1.82,3126,3126,3126,0,179.3025
19.3415,-155.1815,7.44,2.04,3127,3127,3127,0,178.60444444444445
19.3402,-155.2178,7.87,2.67,3128,3128,3128,0,178.5913888888889
19.3003,-155.349,8.17,2.53,3129,3129,3129,0,156.92472222222221
19.366,-155.1125,7.69,2.01,3130,3130,3130,0,140.54944444444445
19.3962,-155.4402,11.04,1.71,3131,3131,3131,0,138.98777777777778
19.2832,-155.4752,9.16,2.21,3132,3132,3132,0,134.25611111111112
19.346,-155.099,7.48,1.9,3133,3133,3133,0,126.68888888888888
19.3647,-155.0317,5.42,1.83,3134,3134,3134,0,120.62944444444445
19.376,-155.3948,11.9,2.63,3135,3135,3135,0,119.34805555555556
19.3227,-155.1605,7.32,1.88,3136,3136,3136,0,113.58833333333334
19.3242,-155.2043,7.52,2.19,3137,3137,3137,0,103.76527777777778
19.456,-155.5537,2.7,2.09,3138,3138,3138,0,103.3338888888889
19.3302,-155.2155,7.24,1.52,3139,3139,3139,0,101.21027777777778
19.4822,-155.5028,1.28,2.57,3140,3140,3140,0,97.24555555555555
19.4478,-155.4918,8.33,2.45,3141,3141,3141,0,96.23305555555555
19.4398,-155.4823,8.53,1.67,3142,3142,3142,0,79.63555555555556
19.4245,-155.4957,9.23,2.4,3143,3143,3143,0,76.48638888888888
19.4212,-155.3243,4.76,1.66,3144,3144,3144,0,74.0725
19.4348,-155.3547,10.44,2.22,3145,3145,3145,0,73.30888888888889
19.3273,-155.1937,7.05,2.06,3146,3146,3146,0,56.58138888888889
19.2965,-155.3497,7.47,1.89,3147,3147,3147,0,52.88166666666667
19.352,-155.4933,6.61,3.21,3148,3148,3148,0,52.75472222222222
19.3807,-155.4468,10.61,2.93,3149,3149,3149,0,46.55972222222222
19.3408,-155.2245,9.04,1.88,3150,3150,3150,0,29.802222222222223
19.3802,-155.4508,10.97,2.52,3151,3151,3151,1,0.0
19.3637,-155.0427,4.23,1.65,3152,3152,3152,1,0.0
19.385,-155.45,9.45,2.53,3153,3153,3153,1,0.0
19.358,-155.0797,8.22,2.83,3154,3154,3154,0,403.12166666666667
19.4548,-155.4925,10.13,3.23,3155,3155,3155,0,395.62638888888887
19.3098,-155.2207,6.01,2.08,3156,3156,3156,0,383.0683333333333
19.3647,-155.3647,10.94,2.77,3157,3157,3157,0,380.8925
19.3588,-155.0812,7.16,2.14,3158,3158,3158,0,376.795
19.3012,-155.213,3.89,1.56,3159,3159,3159,0,368.70472222222224
19.3572,-155.1118,8.52,1.62,3160,3160,3160,0,344.7944444444444
19.4297,-155.3595,10.06,2.65,3161,3161,3161,0,339.02944444444444
19.334,-155.2778,6.69,2.31,3162,3162,3162,0,316.85333333333335
19.313,-155.2223,6.14,1.91,3163,3163,3163,0,313.3125
19.328,-155.1335,9.15,2.8,3164,3164,3164,0,307.2452777777778
19.3082,-155.2227,6.24,2.31,3165,3165,3165,0,298.0672222222222
19.3623,-155.4868,9.44,2.05,3166,3166,3166,0,296.4977777777778
19.3565,-155.0368,6.13,2.15,3167,3167,3167,0,286.33666666666664
19.4452,-155.4797,8.69,1.75,3168,3168,3168,0,282.26666666666665
19.2727,-155.4813,8.72,1.85,3169,3169,3169,0,280.875
19.3188,-155.2677,8.46,2.18,3170,3170,3170,0,280.61333333333334
19.402,-155.4455,11.12,1.75,3171,3171,3171,0,264.14944444444444
19.4102,-155.4862,9.36,1.78,3172,3172,3172,0,259.3358333333333
19.3105,-155.2292,10.0,3.49,3173,3173,3173,0,259.2752777777778
19.3755,-155.3453,10.48,1.98,3174,3174,3174,0,245.12083333333334
19.378,-155.4683,2.37,1.8,3175,3175,3175,0,241.3275
19.4012,-155.4955,13.21,2.24,3176,3176,3176,0,234.1725
19.357,-155.035,6.82,1.74,3177,3177,3177,0,221.3947222222222
19.4603,-155.4983,11.23,2.15,3178,3178,3178,0,212.94333333333333
19.3868,-155.5113,10.04,2.08,3179,3179,3179,0,212.53277777777777
19.3092,-155.226,10.37,4.05,3180,3180,3180,0,192.7722222222222
19.318,-155.2238,8.23,1.85,3181,3181,3181,0,191.27916666666667
19.473,-155.4115,4.23,1.68,3182,3182,3182,0,170.3863888888889
19.3888,-155.4433,10.17,1.74,3183,3183,3183,0,158.69055555555556
19.3145,-155.2647,7.68,1.65,3184,3184,3184,0,155.00444444444443
19.4088,-155.3617,11.5,2.66,3185,3185,3185,0,150.76416666666665
19.4592,-155.4015,9.5,1.78,3186,3186,3186,0,140.5875
19.3222,-155.1837,6.85,2.06,3187,3187,3187,0,137.6302777777778
19.3772,-155.3462,11.1,2.99,3188,3188,3188,0,123.76777777777778
19.3535,-155.3783,9.5,1.54,3189,3189,3189,0,116.10527777777777
19.303,-155.215,8.73,1.92,3190,3190,3190,0,115.16444444444444
19.3862,-155.0177,7.96,2.12,3191,3191,3191,0,106.7225
19.318,-155.1887,8.24,2.18,3192,3192,3192,0,86.1536111111111
19.407,-155.2708,14.82,2.6,3193,3193,3193,0,84.29972222222223
19.3312,-155.1883,8.1,1.72,3194,3194,3194,0,78.73
19.3868,-155.506,9.23,1.51,3195,3195,3195,0,70.06888888888889
19.3947,-155.505,9.85,1.73,3196,3196,3196,0,38.30083333333334
19.4463,-155.3673,10.47,2.17,3197,3197,3197,0,37.333888888888886
19.282,-155.3818,3.1,1.74,3198,3198,3198,0,16.0
19.3353,-155.1922,9.1,1.55,3199,3199,3199,1,0.0
19.3295,-155.1955,7.34,2.06,3200,3200,3200,1,0.0
19.4172,-155.4718,8.3,1.67,3201,3201,3201,1,0.0
19.3393,-155.0642,6.55,1.86,3202,3202,3202,1,0.0
19.3593,-155.0803,8.46,2.58,3203,3203,3203,1,0.0
19.291,-155.216,6.71,1.53,3204,3204,3204,1,0.0
19.298,-155.2157,6.69,3.03,3205,3205,3205,1,0.0
19.3295,-155.3878,9.76,1.85,3206,3206,3206,1,0.0
19.2945,-155.212,6.91,2.71,3207,3207,3207,1,0.0
19.3338,-155.1912,8.54,1.88,3208,3208,3208,1,0.0
19.3002,-155.2157,8.97,2.0,3209,3209,3209,1,0.0
19.3748,-155.0687,7.36,2.22,3210,3210,3210,1,0.0
19.3225,-155.1942,6.08,2.05,3211,3211,3211,0,580.2869444444444
19.3833,-155.4448,9.63,1.55,3212,3212,3212,0,567.9241666666667
19.4672,-155.4938,11.44,1.63,3213,3213,3213,0,567.32
19.3032,-155.2245,10.4,3.84,3214,3214,3214,0,563.6086111111111
19.3187,-155.2225,8.52,2.21,3215,3215,3215,0,563.5519444444444
19.3073,-155.2225,8.46,3.88,3216,3216,3216,0,563.5488888888889
19.317,-155.2273,8.68,2.09,3217,3217,3217,0,563.33
19.3125,-155.224,5.07,1.68,3218,3218,3218,0,562.8452777777778
19.298,-155.2207,5.4,1.73,3219,3219,3219,0,561.6411111111111
19.3095,-155.2178,3.65,1.77,3220,3220,3220,0,556.9894444444444
19.2648,-155.383,6.41,1.52,3221,3221,3221,0,552.4819444444445
19.3198,-155.2045,6.22,2.07,3222,3222,3222,0,549.5594444444445
19.314,-155.2508,5.61,1.58,3223,3223,3223,0,548.8236111111111
19.3763,-155.4845,8.37,1.56,3224,3224,3224,0,547.0633333333334
19.3287,-155.2297,6.32,1.51,3225,3225,3225,0,505.7925
19.2812,-155.3762,4.18,2.66,3226,3226,3226,0,497.1747222222222
19.4333,-155.3603,8.86,1.57,3227,3227,3227,0,483.67861111111114
19.4405,-155.336,6.86,1.85,3228,3228,3228,0,480.075
19.2988,-155.3705,8.55,2.22,3229,3229,3229,0,471.93444444444447
19.4742,-155.445,9.27,2.83,3230,3230,3230,0,465.885
19.3162,-155.2528,9.05,2.58,3231,3231,3231,0,465.2086111111111
19.3545,-155.0335,7.47,2.45,3232,3232,3232,0,462.82444444444445
19.2637,-155.5025,7.51,2.18,3233,3233,3233,0,441.8777777777778
19.3885,-155.3442,11.39,2.88,3234,3234,3234,0,441.6247222222222
19.3375,-155.1625,6.76,1.78,3235,3235,3235,0,425.0258333333333
19.375,-155.019,4.26,1.82,3236,3236,3236,0,422.26166666666666
19.3193,-155.4727,9.55,3.26,3237,3237,3237,0,422.18638888888887
19.3537,-155.0795,8.26,2.32,3238,3238,3238,0,393.21305555555557
19.3473,-155.0433,6.93,2.03,3239,3239,3239,0,390.81111111111113
19.375,-155.2873,29.26,1.64,3240,3240,3240,0,383.62583333333333
19.4188,-155.3167,6.5,2.53,3241,3241,3241,0,374.92583333333334
19.3048,-155.2583,4.2,2.11,3242,3242,3242,0,370.50444444444446
19.3382,-155.2082,6.82,1.58,3243,3243,3243,0,369.96805555555557
19.3493,-155.4905,4.58,1.76,3244,3244,3244,0,368.20916666666665
19.3638,-155.3668,9.52,2.52,3245,3245,3245,0,367.6788888888889
19.3333,-155.1243,5.04,1.86,3246,3246,3246,0,358.3747222222222
19.3338,-155.1803,6.17,2.05,3247,3247,3247,0,352.4555555555556
19.3507,-155.2147,7.42,1.52,3248,3248,3248,0,348.54027777777776
19.3062,-155.25,6.88,2.11,3249,3249,3249,0,325.90722222222223
19.318,-155.1855,5.16,1.59,3250,3250,3250,0,324.43666666666667
19.324,-155.485,9.06,1.56,3251,3251,3251,0,319.8877777777778
19.2935,-155.3457,7.57,2.33,3252,3252,3252,0,315.0036111111111
19.3757,-155.4445,9.85,2.39,3253,3253,3253,0,300.94416666666666
19.4177,-155.2803,3.27,1.79,3254,3254,3254,0,300.13972222222225
19.4285,-155.2585,8.35,1.99,3255,3255,3255,0,295.1661111111111
19.4223,-155.352,8.85,1.87,3256,3256,3256,0,291.2111111111111
19.3117,-155.2172,5.07,1.61,3257,3257,3257,0,278.99194444444447
19.3195,-155.2187,8.49,2.45,3258,3258,3258,0,277.33472222222224
19.3407,-155.2092,8.11,1.58,3259,3259,3259,0,272.9411111111111
19.3175,-155.258,8.13,1.98,3260,3260,3260,0,269.6202777777778
19.4508,-155.3318,8.74,2.51,3261,3261,3261,0,262.8836111111111
19.365,-155.459,8.96,2.02,3262,3262,3262,0,258.70166666666665
19.4293,-155.3635,8.79,1.87,3263,3263,3263,0,258.4122222222222
19.4255,-155.352,9.6,1.87,3264,3264,3264,0,255.77555555555554
19.3415,-155.2148,7.57,1.58,3265,3265,3265,0,247.29722222222222
19.3297,-155.1383,5.48,1.52,3266,3266,3266,0,246.2875
19.3287,-155.204,6.88,1.59,3267,3267,3267,0,238.55972222222223
19.3552,-155.3873,10.79,2.14,3268,3268,3268,0,232.62416666666667
19.5695,-155.0728,24.6,2.21,3269,3269,3269,0,227.10916666666665
19.3372,-155.1593,7.89,1.57,3270,3270,3270,0,208.72916666666666
19.3407,-155.2105,7.54,1.62,3271,3271,3271,0,187.24916666666667
19.3658,-155.398,9.05,1.96,3272,3272,3272,0,181.39055555555555
19.4407,-155.502,8.16,1.91,3273,3273,3273,0,170.6475
19.2987,-155.4027,8.94,1.73,3274,3274,3274,0,168.41361111111112
19.5113,-155.402,3.22,1.59,3275,3275,3275,0,167.55083333333334
19.3177,-155.2305,7.56,1.61,3276,3276,3276,0,160.0311111111111
19.3497,-155.4943,4.14,2.51,3277,3277,3277,0,151.44722222222222
19.3708,-155.0803,6.76,1.86,3278,3278,3278,0,142.56722222222223
19.371,-155.4853,10.17,3.12,3279,3279,3279,0,142.24694444444444
19.345,-155.1815,8.66,2.53,3280,3280,3280,0,141.35666666666665
19.333,-155.2122,6.53,1.58,3281,3281,3281,0,134.4763888888889
19.4207,-155.3202,7.07,2.63,3282,3282,3282,0,131.99138888888888
19.3363,-155.201,7.71,2.06,3283,3283,3283,0,122.15388888888889
19.3335,-155.1788,8.06,2.18,3284,3284,3284,0,119.00444444444445
19.3705,-155.4795,9.62,2.63,3285,3285,3285,0,115.16194444444444
19.3517,-155.3938,10.7,2.59,3286,3286,3286,0,101.80583333333334
19.3593,-155.0383,5.85,2.24,3287,3287,3287,0,78.02333333333333
19.349,-155.2142,8.76,1.87,3288,3288,3288,0,57.17388888888889
19.423,-155.3462,9.76,2.17,3289,3289,3289,0,36.708333333333336
19.4227,-155.349,10.22,2.71,3290,3290,3290,0,34.178333333333335
19.379,-155.0328,7.9,1.82,3291,3291,3291,0,22.32638888888889
19.3585,-155.0987,8.33,1.84,3292,3292,3292,0,18.947777777777777
19.4157,-155.263,15.06,1.85,3293,3293,3293,0,14.923055555555555
19.3382,-155.216,6.6,1.58,3294,3294,3294,0,12.092777777777778
19.274,-155.4363,9.32,1.72,3295,3295,3295,0,8.400833333333333
19.3332,-155.215,6.91,1.68,3296,3296,3296,0,4.2275
19.3158,-155.2257,7.3,2.28,3297,3297,3297,0,3.4780555555555557
19.327,-155.1362,8.2,1.71,3298,3298,3298,1,0.0
19.3832,-155.0573,8.84,1.59,3299,3299,3299,1,0.0
19.3758,-155.3505,10.95,2.51,3300,3300,3300,1,0.0
19.333,-155.197,7.27,1.68,3301,3301,3301,1,0.0
19.431,-155.3673,9.63,2.18,3302,3302,3302,1,0.0
19.4962,-155.4622,4.85,1.9,3303,3303,3303,1,0.0
19.3583,-155.0463,7.08,2.96,3304,3304,3304,1,0.0
19.2835,-155.2133,7.9,2.12,3305,3305,3305,1,0.0
19.2947,-155.3483,8.36,1.7,3306,3306,3306,1,0.0
19.2703,-155.3843,6.62,2.54,3307,3307,3307,1,0.0
19.2722,-155.3863,7.22,2.21,3308,3308,3308,1,0.0
19.3345,-155.1787,6.91,2.17,3309,3309,3309,1,0.0
19.3192,-155.2547,7.4,1.62,3310,3310,3310,1,0.0
19.4005,-155.4462,9.41,1.57,3311,3311,3311,0,450.6436111111111
19.2907,-155.429,9.49,2.25,3312,3312,3312,0,448.9213888888889
19.3303,-155.122,5.84,1.57,3313,3313,3313,0,438.84027777777777
19.3593,-155.0177,7.68,2.45,3314,3314,3314,0,435.3616666666667
19.3213,-155.1902,8.88,3.13,3315,3315,3315,0,431.69944444444445
19.3405,-155.2172,9.44,3.5,3316,3316,3316,0,427.31583333333333
19.4253,-155.493,10.05,2.59,3317,3317,3317,0,426.1958333333333
19.3422,-155.3692,11.02,1.87,3318,3318,3318,0,423.02416666666664
19.4832,-155.416,4.33,1.56,3319,3319,3319,0,418.9716666666667
19.3207,-155.2535,7.16,1.53,3320,3320,3320,0,418.52
19.3303,-155.195,6.71,2.06,3321,3321,3321,0,418.4863888888889
19.3267,-155.188,9.16,2.92,3322,3322,3322,0,416.4447222222222
19.4052,-155.4712,5.32,1.68,3323,3323,3323,0,405.26166666666666
19.3275,-155.1978,5.97,2.06,3324,3324,3324,0,385.8977777777778
19.3368,-155.1968,9.03,2.65,3325,3325,3325,0,372.54333333333335
19.4567,-155.3935,6.41,1.87,3326,3326,3326,0,370.4786111111111
19.3575,-155.033,5.4,2.14,3327,3327,3327,0,307.83722222222224
19.4323,-155.4005,8.76,1.9,3328,3328,3328,0,304.91805555555555
19.39,-155.3433,10.0,1.57,3329,3329,3329,0,304.29277777777776
19.4538,-155.4972,9.44,1.67,3330,3330,3330,0,300.79583333333335
19.4953,-155.4332,26.08,2.2,3331,3331,3331,0,300.7572222222222
19.4952,-155.4272,25.65,2.12,3332,3332,3332,0,299.65555555555557
19.4173,-155.3243,4.89,1.85,3333,3333,3333,0,293.4411111111111
19.3363,-155.1273,7.94,2.17,3334,3334,3334,0,288.13138888888886
19.4225,-155.4875,9.75,1.59,3335,3335,3335,0,283.145
19.4995,-155.4323,25.99,1.65,3336,3336,3336,0,279.4766666666667
19.4345,-155.3995,9.42,1.6,3337,3337,3337,0,278.46666666666664
19.287,-155.4488,9.15,1.8,3338,3338,3338,0,268.7344444444444
19.2562,-155.4435,9.04,2.13,3339,3339,3339,0,258.83222222222224
19.2572,-155.4455,9.24,1.63,3340,3340,3340,0,255.6886111111111
19.3412,-155.0668,5.28,1.52,3341,3341,3341,0,255.55972222222223
19.3357,-155.2017,7.27,2.23,3342,3342,3342,0,251.91416666666666
19.295,-155.2615,3.28,1.95,3343,3343,3343,0,244.12055555555557
19.257,-155.433,8.91,2.13,3344,3344,3344,0,229.3086111111111
19.3445,-155.1972,8.61,2.84,3345,3345,3345,0,226.89166666666668
19.3365,-155.217,8.77,2.89,3346,3346,3346,0,211.92527777777778
19.3252,-155.1833,9.09,2.51,3347,3347,3347,0,210.40944444444443
19.4337,-155.4922,9.6,1.99,3348,3348,3348,0,184.24027777777778
19.3732,-155.4967,8.7,2.64,3349,3349,3349,0,183.70222222222222
19.2652,-155.4483,8.09,2.13,3350,3350,3350,0,175.23277777777778
19.367,-155.4447,11.32,1.89,3351,3351,3351,0,174.1775
19.4372,-155.4038,7.51,1.55,3352,3352,3352,0,171.89555555555555
19.4345,-155.5067,10.98,1.61,3353,3353,3353,0,170.81027777777777
19.335,-155.2038,6.91,2.28,3354,3354,3354,0,168.1197222222222
19.316,-155.4335,8.93,2.05,3355,3355,3355,0,162.58805555555554
19.3365,-155.2157,7.21,1.88,3356,3356,3356,0,159.97555555555556
19.3508,-155.3713,10.37,1.66,3357,3357,3357,0,150.46444444444444
19.3473,-155.37,10.02,1.66,3358,3358,3358,0,150.34027777777777
19.3863,-155.4248,9.43,1.72,3359,3359,3359,0,120.8625
19.3345,-155.1907,6.37,1.51,3360,3360,3360,0,118.59305555555555
19.2978,-155.2207,5.77,1.52,3361,3361,3361,0,118.19
19.3207,-155.2027,8.57,1.9,3362,3362,3362,0,97.58416666666666
19.3407,-155.2232,7.77,1.69,3363,3363,3363,0,97.41166666666666
19.4142,-155.504,9.75,1.75,3364,3364,3364,0,81.79194444444444
19.4872,-155.4405,10.52,2.68,3365,3365,3365,0,47.79944444444445
19.3127,-155.221,8.0,1.82,3366,3366,3366,0,46.53138888888889
19.3685,-155.503,9.24,2.29,3367,3367,3367,0,37.574444444444445
19.2322,-155.4527,7.99,2.17,3368,3368,3368,0,37.51861111111111
19.3152,-155.221,4.72,1.97,3369,3369,3369,0,23.49277777777778
19.4437,-155.4827,8.5,1.97,3370,3370,3370,0,13.822777777777778
19.3702,-155.2925,2.98,1.94,3371,3371,3371,0,13.22888888888889
19.3387,-155.2278,6.26,1.68,3372,3372,3372,0,11.54861111111111
19.4098,-155.2863,7.34,1.59,3373,3373,3373,0,9.37861111111111
19.3453,-155.392,9.91,1.7,3374,3374,3374,0,4.896388888888889
19.464,-155.4025,9.46,2.18,3375,3375,3375,0,1.8855555555555557
19.4453,-155.4957,8.03,1.68,3376,3376,3376,0,1.1716666666666666
19.4137,-155.3205,5.34,2.55,3377,3377,3377,1,0.0
19.4317,-155.3522,9.16,1.57,3378,3378,3378,1,0.0
19.4122,-155.285,14.77,1.65,3379,3379,3379,0,494.68361111111113
19.3223,-155.2173,4.28,1.59,3380,3380,3380,0,493.84833333333336
19.3792,-155.3475,10.34,1.61,3381,3381,3381,0,470.8305555555556
19.3032,-155.226,7.94,2.23,3382,3382,3382,0,466.6075
19.4372,-155.5122,8.39,1.7,3383,3383,3383,0,465.7875
19.2868,-155.2188,7.07,2.12,3384,3384,3384,0,461.07722222222225
19.3783,-155.4467,9.68,2.01,3385,3385,3385,0,450.9175
19.2958,-155.3662,7.92,1.53,3386,3386,3386,0,444.90222222222224
19.3347,-155.212,6.3,1.58,3387,3387,3387,0,419.4888888888889
19.3393,-155.1893,8.41,2.83,3388,3388,3388,0,406.37944444444446
19.3388,-155.1903,7.95,2.62,3389,3389,3389,0,405.17861111111114
19.3512,-155.5017,9.53,3.63,3390,3390,3390,0,404.94444444444446
19.3238,-155.2207,7.15,2.07,3391,3391,3391,0,400.9297222222222
19.3402,-155.2128,9.21,3.74,3392,3392,3392,0,396.1247222222222
19.4265,-155.3575,9.68,2.17,3393,3393,3393,0,373.22583333333336
19.4168,-155.3232,5.91,2.77,3394,3394,3394,0,372.6247222222222
19.371,-155.4382,10.32,1.99,3395,3395,3395,0,368.8722222222222
19.4307,-155.3517,10.32,2.77,3396,3396,3396,0,355.28694444444443
19.3097,-155.2187,9.03,2.22,3397,3397,3397,0,353.3544444444444
19.3112,-155.2942,12.5,1.61,3398,3398,3398,0,346.82472222222225
19.3657,-155.0493,6.56,2.48,3399,3399,3399,0,346.62
19.3337,-155.1307,5.46,1.52,3400,3400,3400,0,335.0263888888889
19.3645,-155.0868,5.95,1.83,3401,3401,3401,0,325.8638888888889
19.2655,-155.3478,8.2,2.04,3402,3402,3402,0,306.68361111111113
19.4507,-155.4875,10.24,1.76,3403,3403,3403,0,301.515
19.378,-155.44,9.41,1.68,3404,3404,3404,0,301.1877777777778
19.384,-155.0345,7.94,1.52,3405,3405,3405,0,295.4552777777778
19.3568,-155.5015,9.68,3.18,3406,3406,3406,0,290.91
19.3398,-155.5148,9.01,1.58,3407,3407,3407,0,271.8908333333333
19.3483,-155.213,8.42,2.05,3408,3408,3408,0,264.31138888888887
19.4727,-155.4425,6.28,3.06,3409,3409,3409,0,258.98833333333334
19.3392,-155.1288,5.55,1.86,3410,3410,3410,0,258.4238888888889
19.3773,-155.0395,7.66,2.52,3411,3411,3411,0,254.28166666666667
19.3652,-155.1062,6.91,2.43,3412,3412,3412,0,248.28694444444446
19.4665,-155.4997,11.51,1.97,3413,3413,3413,0,243.1352777777778
19.3675,-155.0292,8.29,2.44,3414,3414,3414,0,228.7238888888889
19.4023,-155.2712,15.02,1.86,3415,3415,3415,0,227.41472222222222
19.3548,-155.0197,6.6,2.32,3416,3416,3416,0,222.96722222222223
19.3548,-155.498,10.92,2.84,3417,3417,3417,0,220.67305555555555
19.329,-155.1662,6.4,1.94,3418,3418,3418,0,215.0063888888889
19.3535,-155.3997,10.43,2.59,3419,3419,3419,0,214.82777777777778
19.3135,-155.2153,4.88,1.63,3420,3420,3420,0,214.1638888888889
19.3428,-155.2022,7.49,1.72,3421,3421,3421,0,209.15694444444443
19.4917,-155.4695,3.02,2.08,3422,3422,3422,0,203.9775
19.37,-155.4907,9.33,2.64,3423,3423,3423,0,195.41805555555555
19.391,-155.3442,9.78,2.57,3424,3424,3424,0,190.42277777777778
19.426,-155.3493,9.83,3.06,3425,3425,3425,0,188.77833333333334
19.4235,-155.3292,6.23,1.55,3426,3426,3426,0,180.71027777777778
19.3323,-155.2068,6.81,1.58,3427,3427,3427,0,153.4477777777778
19.3493,-155.3632,9.14,1.85,3428,3428,3428,0,137.56277777777777
19.3925,-155.4558,9.5,1.68,3429,3429,3429,0,137.40194444444444
19.3308,-155.186,7.33,1.62,3430,3430,3430,0,115.30444444444444
19.3357,-155.181,9.53,3.55,3431,3431,3431,0,112.61111111111111
19.4465,-155.4743,8.43,1.61,3432,3432,3432,0,100.8561111111111
19.2947,-155.4185,8.5,1.54,3433,3433,3433,0,100.44472222222223
19.2907,-155.5093,7.6,1.85,3434,3434,3434,0,99.04638888888888
19.2772,-155.3952,2.34,1.77,3435,3435,3435,0,97.33055555555555
19.4185,-155.4837,9.1,1.58,3436,3436,3436,0,96.10138888888889
19.2918,-155.214,6.06,1.83,3437,3437,3437,0,92.11861111111111
19.2937,-155.2152,4.78,1.81,3438,3438,3438,0,92.0813888888889
19.4295,-155.3617,8.87,1.56,3439,3439,3439,0,39.875277777777775
19.4182,-155.3187,4.03,1.54,3440,3440,3440,0,35.25666666666667
19.415,-155.3157,4.72,2.83,3441,3441,3441,0,35.18861111111111
19.3238,-155.268,6.98,2.22,3442,3442,3442,0,32.37888888888889
19.3832,-155.4642,9.5,2.3,3443,3443,3443,0,29.106944444444444
19.4097,-155.4965,9.43,2.54,3444,3444,3444,0,26.62
19.331,-155.172,8.13,1.88,3445,3445,3445,0,25.988611111111112
19.3507,-155.3633,10.71,2.13,3446,3446,3446,0,3.2144444444444447
19.3565,-155.3643,8.7,1.53,3447,3447,3447,0,3.174166666666667
19.3517,-155.3658,10.61,2.13,3448,3448,3448,0,0.9377777777777778
19.4823,-155.4437,2.73,1.95,3449,3449,3449,1,0.0
19.3407,-155.1962,8.98,3.02,3450,3450,3450,1,0.0
19.3297,-155.2058,5.7,1.65,3451,3451,3451,1,0.0
19.3328,-155.2022,6.64,1.81,3452,3452,3452,1,0.0
19.3718,-155.4977,8.86,2.05,3453,3453,3453,1,0.0
19.3325,-155.2047,7.15,1.68,3454,3454,3454,1,0.0
19.321,-155.258,6.47,1.61,3455,3455,3455,0,156.59055555555557
19.3342,-155.1982,8.3,1.58,3456,3456,3456,0,127.52555555555556
19.397,-155.4485,8.7,1.97,3457,3457,3457,0,125.26222222222222
19.398,-155.2608,3.15,1.63,3458,3458,3458,0,114.77361111111111
19.3183,-155.2577,6.21,1.92,3459,3459,3459,0,110.30222222222223
19.4183,-155.3285,3.88,2.52,3460,3460,3460,0,108.15638888888888
19.4187,-155.3215,5.18,1.55,3461,3461,3461,0,105.02305555555556
19.347,-155.104,7.61,2.5,3462,3462,3462,0,100.93055555555556
19.3455,-155.226,8.27,1.69,3463,3463,3463,0,82.25305555555556
19.4318,-155.363,10.48,2.64,3464,3464,3464,0,79.6725
19.3608,-155.5027,8.48,1.66,3465,3465,3465,0,76.5225
19.3437,-155.1933,8.48,2.97,3466,3466,3466,0,67.24444444444444
19.4262,-155.4855,10.37,2.39,3467,3467,3467,0,29.037222222222223
19.3442,-155.1947,7.5,2.52,3468,3468,3468,0,26.155277777777776
19.4387,-155.3568,12.02,3.0,3469,3469,3469,0,26.1225
19.3798,-155.0447,8.13,2.03,3470,3470,3470,0,23.956944444444446
19.3395,-155.0623,5.02,1.54,3471,3471,3471,0,14.19361111111111
19.3262,-155.1815,7.93,2.06,3472,3472,3472,0,0.2697222222222222
19.3882,-155.4572,9.11,2.0,3473,3473,3473,1,0.0
19.3615,-155.1063,6.88,1.59,3474,3474,3474,1,0.0
19.3762,-155.4113,12.76,1.52,3475,3475,3475,1,0.0
19.3182,-155.4828,7.23,1.54,3476,3476,3476,1,0.0
19.4738,-155.4447,4.3,2.6,3477,3477,3477,1,0.0
19.4318,-155.3555,8.34,1.56,3478,3478,3478,1,0.0
19.4238,-155.347,8.56,1.56,3479,3479,3479,1,0.0
19.451,-155.461,7.53,2.08,3480,3480,3480,0,435.99611111111113
19.208,-155.4615,7.96,1.73,3481,3481,3481,0,428.9527777777778
19.3567,-155.0267,7.05,2.45,3482,3482,3482,0,426.7761111111111
19.312,-155.2338,5.12,1.66,3483,3483,3483,0,415.15944444444443
19.3615,-155.4703,10.02,2.33,3484,3484,3484,0,410.7188888888889
19.3458,-155.1232,8.17,2.77,3485,3485,3485,0,402.3911111111111
19.3178,-155.2695,6.66,1.92,3486,3486,3486,0,381.1044444444444
19.2665,-155.3907,5.46,1.67,3487,3487,3487,0,375.045
19.3438,-155.1022,5.35,1.64,3488,3488,3488,0,371.08444444444444
19.3167,-155.2212,4.6,1.94,3489,3489,3489,0,370.28583333333336
19.354,-155.0835,8.67,2.26,3490,3490,3490,0,356.9275
19.3617,-155.4662,9.91,2.03,3491,3491,3491,0,352.0288888888889
19.3625,-155.4643,9.16,1.72,3492,3492,3492,0,351.8436111111111
19.4277,-155.362,8.12,1.57,3493,3493,3493,0,349.3019444444444
19.3397,-155.349,29.7,1.73,3494,3494,3494,0,349.2497222222222
19.4062,-155.4872,9.19,1.7,3495,3495,3495,0,346.37
19.3682,-155.479,9.34,2.75,3496,3496,3496,0,344.93833333333333
19.3217,-155.2523,7.56,2.69,3497,3497,3497,0,343.2375
19.506,-155.4825,4.11,1.61,3498,3498,3498,0,324.1738888888889
19.345,-155.1975,8.34,2.05,3499,3499,3499,0,319.7863888888889
19.2875,-155.4485,9.0,1.8,3500,3500,3500,0,303.3644444444444
19.6257,-155.3598,12.42,1.95,3501,3501,3501,0,302.18666666666667
19.4123,-155.0162,7.16,1.79,3502,3502,3502,0,299.9219444444444
19.3215,-155.2552,8.63,2.82,3503,3503,3503,0,291.60805555555555
19.3958,-155.0107,8.55,2.54,3504,3504,3504,0,279.8330555555556
19.3787,-155.43,10.65,1.98,3505,3505,3505,0,278.24
19.364,-155.025,7.79,2.01,3506,3506,3506,0,278.19944444444445
19.4022,-155.4322,9.71,1.65,3507,3507,3507,0,265.71222222222224
19.4197,-155.3308,3.59,1.85,3508,3508,3508,0,265.40222222222224
19.3803,-155.2693,28.32,2.25,3509,3509,3509,0,265.215
19.469,-155.422,7.29,2.06,3510,3510,3510,0,251.76666666666668
19.3923,-155.3438,11.28,1.9,3511,3511,3511,0,251.1797222222222
19.3897,-155.3465,10.42,1.9,3512,3512,3512,0,251.04722222222222
19.3562,-155.0468,5.86,1.54,3513,3513,3513,0,233.74527777777777
19.3575,-155.1168,5.99,1.84,3514,3514,3514,0,214.52277777777778
19.3285,-155.2038,6.25,1.59,3515,3515,3515,0,205.51333333333332
19.3303,-155.205,6.24,1.58,3516,3516,3516,0,203.9386111111111
19.31,-155.2577,6.55,2.1,3517,3517,3517,0,197.47027777777777
19.4352,-155.358,9.05,1.56,3518,3518,3518,0,194.92527777777778
19.3393,-155.2052,7.43,2.05,3519,3519,3519,0,176.66666666666666
19.3208,-155.22,9.01,2.61,3520,3520,3520,0,158.05638888888888
19.3162,-155.2202,8.58,2.09,3521,3521,3521,0,156.63944444444445
19.3518,-155.3572,11.56,1.65,3522,3522,3522,0,151.09722222222223
19.3713,-155.4702,5.81,1.54,3523,3523,3523,0,146.175
19.3728,-155.4973,8.46,1.75,3524,3524,3524,0,139.6375
19.3245,-155.1397,7.62,1.58,3525,3525,3525,0,139.49333333333334
19.3443,-155.215,7.42,1.87,3526,3526,3526,0,121.99888888888889
19.3732,-155.5018,8.38,1.68,3527,3527,3527,0,121.21722222222222
19.3257,-155.198,5.88,1.89,3528,3528,3528,0,111.68305555555555
19.486,-155.452,5.39,2.44,3529,3529,3529,0,109.70722222222223
19.3563,-155.2488,8.2,1.57,3530,3530,3530,0,108.76527777777778
19.3503,-155.0668,4.1,1.54,3531,3531,3531,0,95.41472222222222
19.3745,-155.486,10.11,1.73,3532,3532,3532,0,93.63916666666667
19.4305,-155.4845,8.67,2.28,3533,3533,3533,0,90.69638888888889
19.4442,-155.4977,9.42,2.75,3534,3534,3534,0,89.37722222222222
19.377,-155.0142,8.26,2.0,3535,3535,3535,0,88.79
19.3577,-155.0243,7.29,2.6,3536,3536,3536,0,85.94805555555556
19.3248,-155.1973,6.42,1.89,3537,3537,3537,0,76.07444444444444
19.4437,-155.4797,8.85,1.96,3538,3538,3538,0,73.215
19.2803,-155.4828,9.21,2.68,3539,3539,3539,0,72.04472222222222
19.3825,-155.0267,4.26,1.51,3540,3540,3540,0,67.73333333333333
19.3623,-155.3657,10.48,1.64,3541,3541,3541,0,58.730555555555554
19.3293,-155.1718,5.1,1.68,3542,3542,3542,0,56.043055555555554
19.348,-155.0335,5.44,1.85,3543,3543,3543,0,55.90083333333333
19.3142,-155.255,6.75,1.67,3544,3544,3544,0,48.55361111111111
19.3577,-155.0372,5.36,1.52,3545,3545,3545,0,47.49638888888889
19.3278,-155.1845,7.42,1.58,3546,3546,3546,0,41.415
19.3285,-155.1925,6.66,2.06,3547,3547,3547,0,36.117222222222225
19.3337,-155.1637,5.88,1.61,3548,3548,3548,0,34.638333333333335
19.3403,-155.2205,7.13,1.88,3549,3549,3549,0,32.89
19.3355,-155.1137,8.67,3.47,3550,3550,3550,0,32.246944444444445
19.4943,-155.4602,4.39,2.07,3551,3551,3551,0,30.461388888888887
19.3253,-155.2572,7.99,2.51,3552,3552,3552,0,24.349444444444444
19.4305,-155.3257,5.19,2.51,3553,3553,3553,0,24.195833333333333
19.3222,-155.1803,5.34,1.58,3554,3554,3554,0,19.489444444444445
19.3093,-155.2747,9.52,2.34,3555,3555,3555,0,18.02
19.4448,-155.5218,11.41,2.19,3556,3556,3556,0,17.800833333333333
19.345,-155.0405,7.35,2.81,3557,3557,3557,0,11.988055555555556
19.3578,-155.4757,9.32,2.04,3558,3558,3558,0,6.726666666666667
19.4862,-155.4395,5.12,2.19,3559,3559,3559,1,0.0
19.4293,-155.358,4.35,1.86,3560,3560,3560,1,0.0
19.3328,-155.19,8.53,2.36,3561,3561,3561,1,0.0
19.3953,-155.2632,3.02,2.15,3562,3562,3562,1,0.0
19.322,-155.2067,3.64,1.59,3563,3563,3563,1,0.0
19.3983,-155.2648,2.68,1.77,3564,3564,3564,1,0.0
19.3647,-155.0367,6.04,2.01,3565,3565,3565,0,483.51944444444445
19.3602,-155.0505,7.13,1.84,3566,3566,3566,0,466.8222222222222
19.3248,-155.1908,7.26,1.58,3567,3567,3567,0,459.31666666666666
19.323,-155.2252,9.14,2.61,3568,3568,3568,0,432.9061111111111
19.4382,-155.4808,9.0,1.65,3569,3569,3569,0,431.00555555555553
19.3673,-155.4382,9.97,2.17,3570,3570,3570,0,418.71527777777777
19.4045,-155.4405,9.53,1.88,3571,3571,3571,0,407.9775
19.3813,-155.451,9.22,2.17,3572,3572,3572,0,388.89416666666665
19.4563,-155.42,11.66,2.57,3573,3573,3573,0,370.28
19.3217,-155.2568,9.38,3.5,3574,3574,3574,0,368.85583333333335
19.3208,-155.166,5.02,1.88,3575,3575,3575,0,367.49861111111113
19.3838,-155.0292,3.17,1.81,3576,3576,3576,0,365.2630555555556
19.3118,-155.2505,6.91,2.22,3577,3577,3577,0,361.8077777777778
19.3727,-155.0545,7.05,1.82,3578,3578,3578,0,354.68444444444447
19.3205,-155.2222,6.62,1.9,3579,3579,3579,0,352.5752777777778
19.3472,-155.3595,9.85,1.95,3580,3580,3580,0,352.1791666666667
19.3478,-155.3592,9.49,1.85,3581,3581,3581,0,350.4244444444444
19.3888,-155.0048,7.67,1.82,3582,3582,3582,0,346.50916666666666
19.3552,-155.0298,7.69,1.85,3583,3583,3583,0,346.1177777777778
19.412,-155.3618,11.18,1.89,3584,3584,3584,0,344.0002777777778
19.4102,-155.3652,12.95,1.61,3585,3585,3585,0,343.99055555555555
19.3675,-155.074,7.44,1.83,3586,3586,3586,0,334.9002777777778
19.4418,-155.5223,11.29,2.41,3587,3587,3587,0,334.4038888888889
19.3205,-155.1913,6.07,1.59,3588,3588,3588,0,330.7916666666667
19.3805,-155.436,9.86,2.28,3589,3589,3589,0,330.43444444444447
19.3967,-155.4498,10.34,1.98,3590,3590,3590,0,322.2761111111111
19.339,-155.2052,7.33,2.18,3591,3591,3591,0,301.3955555555556
19.367,-155.0938,8.05,2.31,3592,3592,3592,0,295.62638888888887
19.3848,-155.4463,10.55,2.75,3593,3593,3593,0,287.9161111111111
19.2908,-155.4643,8.03,1.71,3594,3594,3594,0,284.4011111111111
19.4298,-155.3637,8.38,1.87,3595,3595,3595,0,282.56055555555554
19.333,-155.1937,6.99,1.88,3596,3596,3596,0,281.22833333333335
19.3352,-155.2115,8.48,1.58,3597,3597,3597,0,276.2608333333333
19.3922,-155.4557,9.25,1.68,3598,3598,3598,0,273.99083333333334
19.3212,-155.2555,8.88,2.7,3599,3599,3599,0,268.30361111111114
19.3443,-155.1802,6.84,1.86,3600,3600,3600,0,260.4475
19.3373,-155.194,7.98,2.05,3601,3601,3601,0,250.46194444444444
19.3857,-155.0303,8.13,2.12,3602,3602,3602,0,246.80638888888888
19.4155,-155.3267,5.44,2.71,3603,3603,3603,0,246.43166666666667
19.335,-155.218,5.41,1.58,3604,3604,3604,0,243.985
19.3085,-155.2508,6.19,1.93,3605,3605,3605,0,242.23305555555555
19.3712,-155.0993,7.86,2.43,3606,3606,3606,0,242.1511111111111
19.3995,-155.4302,8.6,2.73,3607,3607,3607,0,235.89222222222222
19.4145,-155.2648,15.43,2.62,3608,3608,3608,0,229.40194444444444
19.509,-155.2573,6.66,1.74,3609,3609,3609,0,209.72222222222223
19.3933,-155.4575,9.62,1.69,3610,3610,3610,0,178.24972222222223
19.3358,-155.2185,7.42,1.88,3611,3611,3611,0,161.30555555555554
19.4572,-155.4903,9.94,3.18,3612,3612,3612,0,158.50833333333333
19.4475,-155.3925,6.32,1.57,3613,3613,3613,0,148.5063888888889
19.3478,-155.2238,7.21,2.05,3614,3614,3614,0,144.69055555555556
19.3295,-155.2015,7.0,1.77,3615,3615,3615,0,143.7938888888889
19.3187,-155.1828,6.22,1.59,3616,3616,3616,0,141.81472222222223
19.3393,-155.2085,7.29,1.58,3617,3617,3617,0,138.03722222222223
19.3842,-155.037,6.88,2.21,3618,3618,3618,0,109.1661111111111
19.437,-155.3582,9.73,2.04,3619,3619,3619,0,102.58805555555556
19.2808,-155.4868,8.91,2.32,3620,3620,3620,0,93.14111111111112
19.3382,-155.217,7.13,1.52,3621,3621,3621,0,85.19444444444444
19.3575,-155.385,9.26,1.66,3622,3622,3622,0,81.65138888888889
19.4157,-155.3192,5.61,2.61,3623,3623,3623,0,78.4725
19.3305,-155.2073,6.95,1.59,3624,3624,3624,0,76.48638888888888
19.4622,-155.3982,8.37,1.87,3625,3625,3625,0,46.75944444444445
19.3252,-155.184,6.49,1.88,3626,3626,3626,0,40.01
19.3692,-155.0278,7.94,1.86,3627,3627,3627,0,29.045
19.3192,-155.2248,6.21,1.6,3628,3628,3628,0,15.430555555555555
19.3568,-155.0797,7.96,2.76,3629,3629,3629,0,13.818888888888889
19.336,-155.2073,7.08,2.18,3630,3630,3630,0,12.489722222222222
19.3327,-155.1962,6.17,1.58,3631,3631,3631,0,6.618888888888889
19.4523,-155.492,10.62,1.97,3632,3632,3632,0,5.8775
19.3607,-155.4412,10.32,2.53,3633,3633,3633,0,5.079444444444444
19.3205,-155.213,6.57,1.6,3634,3634,3634,1,0.0
19.4307,-155.3582,10.6,2.7,3635,3635,3635,1,0.0
19.3128,-155.2142,6.09,1.61,3636,3636,3636,1,0.0
19.3027,-155.2138,9.04,1.92,3637,3637,3637,1,0.0
19.3195,-155.1372,7.31,1.58,3638,3638,3638,0,698.4361111111111
19.3068,-155.2178,8.94,1.92,3639,3639,3639,0,698.2188888888888
19.3528,-155.2132,8.14,2.17,3640,3640,3640,0,698.0822222222222
19.4547,-155.4962,7.57,1.7,3641,3641,3641,0,685.425
19.3208,-155.2597,5.08,1.57,3642,3642,3642,0,683.1075
19.3145,-155.2543,6.7,1.55,3643,3643,3643,0,673.2211111111111
19.4105,-155.325,4.58,2.63,3644,3644,3644,0,658.0194444444444
19.3428,-155.2278,8.09,2.58,3645,3645,3645,0,653.6583333333333
19.2547,-155.2282,7.01,1.55,3646,3646,3646,0,653.0011111111111
19.3822,-155.4583,8.7,2.52,3647,3647,3647,0,652.7427777777777
19.4795,-155.266,10.16,1.78,3648,3648,3648,0,646.4855555555556
19.317,-155.2572,7.21,1.92,3649,3649,3649,0,643.6036111111111
19.4502,-155.4685,8.23,1.57,3650,3650,3650,0,634.7194444444444
19.4208,-155.3443,4.84,1.86,3651,3651,3651,0,622.6233333333333
19.3725,-155.0457,7.02,2.81,3652,3652,3652,0,613.5241666666667
19.3282,-155.2118,7.55,1.59,3653,3653,3653,0,612.0583333333333
19.3455,-155.1283,7.59,2.16,3654,3654,3654,0,610.2388888888889
19.3358,-155.4068,13.24,2.18,3655,3655,3655,0,603.6780555555556
19.3778,-155.346,10.77,1.61,3656,3656,3656,0,603.0369444444444
19.2925,-155.244,5.2,1.64,3657,3657,3657,0,599.19
19.3575,-155.0462,6.73,1.84,3658,3658,3658,0,598.26
19.3398,-155.1593,8.08,1.57,3659,3659,3659,0,598.0011111111111
19.3238,-155.2053,8.74,1.69,3660,3660,3660,0,594.7897222222222
19.3808,-155.4443,10.57,1.69,3661,3661,3661,0,586.6661111111111
19.3955,-155.4512,11.44,2.6,3662,3662,3662,0,585.0486111111111
19.335,-155.409,12.99,2.8,3663,3663,3663,0,578.6661111111111
19.3785,-155.4453,10.02,2.52,3664,3664,3664,0,577.8633333333333
19.3457,-155.2098,8.54,2.27,3665,3665,3665,0,577.3575
19.4258,-155.5077,9.97,1.53,3666,3666,3666,0,546.8769444444445
19.3205,-155.1697,4.55,1.58,3667,3667,3667,0,546.3880555555555
19.3225,-155.214,6.78,1.6,3668,3668,3668,0,516.09
19.3253,-155.1927,7.76,1.59,3669,3669,3669,0,506.7522222222222
19.336,-155.1962,7.17,2.28,3670,3670,3670,0,502.33444444444444
19.4455,-155.3672,8.75,1.86,3671,3671,3671,0,501.2713888888889
19.3898,-155.3488,9.81,1.6,3672,3672,3672,0,495.49611111111113
19.3703,-155.0922,7.76,2.22,3673,3673,3673,0,494.54277777777776
19.341,-155.1113,8.16,2.04,3674,3674,3674,0,494.18444444444447
19.419,-155.3213,5.65,1.85,3675,3675,3675,0,493.9963888888889
19.317,-155.1918,4.14,1.59,3676,3676,3676,0,489.97194444444443
19.3972,-155.43,7.06,1.65,3677,3677,3677,0,487.6958333333333
19.363,-155.0777,7.37,2.31,3678,3678,3678,0,485.9058333333333
19.3285,-155.123,8.28,2.35,3679,3679,3679,0,477.45944444444444
19.4697,-155.4503,2.6,2.53,3680,3680,3680,0,477.305
19.3513,-155.0427,5.22,1.54,3681,3681,3681,0,473.8852777777778
19.34,-155.2158,7.0,1.58,3682,3682,3682,0,470.5938888888889
19.3955,-155.453,9.73,1.68,3683,3683,3683,0,468.28694444444443
19.3552,-155.1043,7.45,1.59,3684,3684,3684,0,454.2236111111111
19.2948,-155.3947,9.55,2.04,3685,3685,3685,0,435.74055555555555
19.3633,-155.0853,8.65,2.87,3686,3686,3686,0,423.11
19.3572,-155.0342,7.29,1.54,3687,3687,3687,0,382.55
19.3562,-155.027,6.57,3.21,3688,3688,3688,0,381.27944444444444
19.3667,-155.0312,8.0,2.02,3689,3689,3689,0,380.7652777777778
19.4705,-155.4347,7.46,2.07,3690,3690,3690,0,356.3022222222222
19.3662,-155.0435,6.56,1.53,3691,3691,3691,0,353.8275
19.3633,-155.0477,4.52,1.53,3692,3692,3692,0,353.00944444444445
19.3602,-155.0815,8.18,2.01,3693,3693,3693,0,346.6336111111111
19.3322,-155.4108,12.4,1.71,3694,3694,3694,0,345.7916666666667
19.3643,-155.503,9.36,2.06,3695,3695,3695,0,344.715
19.3373,-155.2095,7.56,1.68,3696,3696,3696,0,340.7866666666667
19.4177,-155.3272,4.63,2.53,3697,3697,3697,0,337.1016666666667
19.339,-155.2247,6.45,1.58,3698,3698,3698,0,330.47194444444443
19.3058,-155.2622,5.94,1.63,3699,3699,3699,0,313.06
19.3732,-155.4813,9.67,2.03,3700,3700,3700,0,306.87416666666667
19.5035,-155.43,3.09,1.56,3701,3701,3701,0,304.67333333333335
19.327,-155.1947,7.2,1.89,3702,3702,3702,0,303.25694444444446
19.365,-155.0842,7.94,2.23,3703,3703,3703,0,301.1802777777778
19.4925,-155.4505,4.05,1.89,3704,3704,3704,0,298.97027777777777
19.3283,-155.1363,9.0,2.8,3705,3705,3705,0,298.69638888888886
19.3515,-155.0218,6.7,1.6,3706,3706,3706,0,286.1622222222222
19.3587,-155.049,6.68,2.54,3707,3707,3707,0,284.7602777777778
19.4927,-155.4377,4.08,1.58,3708,3708,3708,0,284.6766666666667
19.3217,-155.1998,6.62,1.59,3709,3709,3709,0,273.23777777777775
19.3238,-155.1875,6.81,2.75,3710,3710,3710,0,237.97166666666666
19.3223,-155.1975,6.96,1.72,3711,3711,3711,0,235.47944444444445
19.4502,-155.4767,9.7,1.96,3712,3712,3712,0,234.68055555555554
19.3467,-155.2162,7.62,1.57,3713,3713,3713,0,186.47
19.3402,-155.2215,9.59,3.59,3714,3714,3714,0,182.14
19.3148,-155.2185,7.61,1.91,3715,3715,3715,0,179.8936111111111
19.3048,-155.2195,7.57,2.1,3716,3716,3716,0,179.7175
19.3702,-155.0673,6.96,1.83,3717,3717,3717,0,176.92416666666668
19.3115,-155.2572,6.11,1.93,3718,3718,3718,0,168.77083333333334
19.3402,-155.207,7.81,2.42,3719,3719,3719,0,166.69916666666666
19.3968,-155.4458,10.43,1.74,3720,3720,3720,0,164.3411111111111
19.4157,-155.5057,9.42,1.71,3721,3721,3721,0,157.3136111111111
19.503,-155.4303,25.52,1.94,3722,3722,3722,0,157.2722222222222
19.2505,-155.4608,5.23,1.97,3723,3723,3723,0,144.57222222222222
19.3342,-155.0645,7.69,2.17,3724,3724,3724,0,142.0311111111111
19.3333,-155.2083,8.07,1.53,3725,3725,3725,0,137.79666666666665
19.455,-155.4892,8.55,2.14,3726,3726,3726,0,130.7238888888889
19.4753,-155.4685,7.17,1.62,3727,3727,3727,0,113.23666666666666
19.3358,-155.2058,7.78,1.88,3728,3728,3728,0,109.52333333333333
19.352,-155.044,6.91,2.02,3729,3729,3729,0,87.01555555555555
19.3323,-155.2057,6.88,1.52,3730,3730,3730,0,81.48
19.333,-155.41,12.87,2.01,3731,3731,3731,0,72.66027777777778
19.3667,-155.444,9.46,2.0,3732,3732,3732,0,66.40055555555556
19.341,-155.1818,6.92,2.17,3733,3733,3733,0,49.030277777777776
19.42,-155.3238,3.36,1.54,3734,3734,3734,0,42.55388888888889
19.3088,-155.214,3.68,1.91,3735,3735,3735,0,39.48083333333334
19.3332,-155.1092,7.6,2.61,3736,3736,3736,0,33.28611111111111
19.417,-155.323,4.64,1.61,3737,3737,3737,0,15.784722222222221
19.313,-155.2113,8.93,2.53,3738,3738,3738,0,13.710555555555555
19.308,-155.2167,4.94,1.93,3739,3739,3739,0,12.276388888888889
19.3593,-155.078,8.17,2.18,3740,3740,3740,0,9.15
19.3627,-155.0288,7.02,1.54,3741,3741,3741,0,9.102777777777778
19.3432,-155.1368,6.95,1.56,3742,3742,3742,1,0.0
19.3293,-155.1945,6.65,2.06,3743,3743,3743,1,0.0
19.4438,-155.5037,9.07,1.69,3744,3744,3744,1,0.0
19.3465,-155.2082,7.59,2.05,3745,3745,3745,1,0.0
19.3237,-155.2008,6.03,1.89,3746,3746,3746,1,0.0
19.3788,-155.5012,8.31,1.56,3747,3747,3747,1,0.0
19.3992,-155.2678,2.86,1.53,3748,3748,3748,1,0.0
19.3153,-155.2577,6.82,1.62,3749,3749,3749,1,0.0
19.2088,-155.4503,5.55,1.54,3750,3750,3750,0,1013.4344444444445
19.4112,-155.277,0.88,1.57,3751,3751,3751,0,1011.2205555555555
19.4075,-155.2727,1.21,1.52,3752,3752,3752,0,1008.6311111111111
19.3987,-155.2483,29.16,1.83,3753,3753,3753,0,1005.3008333333333
19.3012,-155.217,4.59,2.62,3754,3754,3754,0,999.2019444444444
19.4252,-155.4887,9.32,1.89,3755,3755,3755,0,997.5025
19.3298,-155.2093,7.31,1.89,3756,3756,3756,0,981.1230555555555
19.4547,-155.496,9.38,2.15,3757,3757,3757,0,973.8341666666666
19.3607,-155.1018,7.75,2.24,3758,3758,3758,0,955.5911111111111
19.305,-155.2248,6.55,1.62,3759,3759,3759,0,954.9572222222222
19.3013,-155.2153,6.57,2.1,3760,3760,3760,0,953.3238888888889
19.3012,-155.2162,4.85,2.1,3761,3761,3761,0,953.2016666666667
19.3578,-155.0673,5.96,1.84,3762,3762,3762,0,949.9694444444444
19.3448,-155.1778,7.31,1.56,3763,3763,3763,0,949.7327777777778
19.3637,-155.079,8.55,2.78,3764,3764,3764,0,935.3441666666666
19.433,-155.4888,10.13,2.28,3765,3765,3765,0,900.2838888888889
19.2848,-155.3742,5.39,1.73,3766,3766,3766,0,898.1038888888888
19.3342,-155.1732,8.04,2.05,3767,3767,3767,0,882.5961111111111
19.3518,-155.3625,8.91,1.65,3768,3768,3768,0,858.7052777777777
19.4427,-155.481,9.28,1.75,3769,3769,3769,0,820.2977777777778
19.3547,-155.0437,7.3,2.39,3770,3770,3770,0,819.5855555555555
19.3358,-155.3113,3.22,2.18,3771,3771,3771,0,815.3311111111111
19.321,-155.2533,7.45,2.31,3772,3772,3772,0,797.9813888888889
19.4507,-155.4998,10.58,2.16,3773,3773,3773,0,796.3538888888888
19.36,-155.1117,7.92,2.14,3774,3774,3774,0,732.1427777777777
19.297,-155.2193,6.48,1.93,3775,3775,3775,0,731.9413888888889
19.3343,-155.1757,8.28,2.35,3776,3776,3776,0,720.44
19.339,-155.198,6.92,1.57,3777,3777,3777,0,711.41
19.2347,-155.4525,13.72,3.27,3778,3778,3778,0,700.43
19.3337,-155.2068,8.66,2.19,3779,3779,3779,0,694.7361111111111
19.3345,-155.218,6.12,1.58,3780,3780,3780,0,675.9219444444444
19.3283,-155.2005,6.24,2.19,3781,3781,3781,0,675.3944444444444
19.4678,-155.4137,8.23,3.04,3782,3782,3782,0,658.5647222222223
19.4628,-155.4703,10.05,2.24,3783,3783,3783,0,657.3802777777778
19.4338,-155.3343,6.58,1.54,3784,3784,3784,0,656.6119444444445
19.3563,-155.0235,6.18,2.14,3785,3785,3785,0,646.8333333333334
19.3448,-155.0567,6.51,2.03,3786,3786,3786,0,646.3636111111111
19.3333,-155.1952,6.66,1.88,3787,3787,3787,0,605.6875
19.4223,-155.328,6.07,1.55,3788,3788,3788,0,592.7847222222222
19.4213,-155.3283,6.28,1.55,3789,3789,3789,0,592.7516666666667
19.2857,-155.2565,10.8,2.97,3790,3790,3790,0,589.9380555555556
19.3368,-155.2172,7.51,2.28,3791,3791,3791,0,572.8163888888889
19.449,-155.5023,10.51,2.78,3792,3792,3792,0,570.0461111111111
19.3298,-155.1748,8.2,1.58,3793,3793,3793,0,567.4552777777777
19.2782,-155.3778,7.19,1.53,3794,3794,3794,0,563.2686111111111
19.2865,-155.4195,9.82,3.22,3795,3795,3795,0,539.4361111111111
19.3908,-155.3763,9.38,1.92,3796,3796,3796,0,524.5330555555555
19.5002,-155.4583,3.58,2.07,3797,3797,3797,0,524.3416666666667
19.3845,-155.0428,6.83,1.51,3798,3798,3798,0,520.2461111111111
19.3458,-155.0177,5.46,1.85,3799,3799,3799,0,518.2963888888889
19.2923,-155.2527,7.37,1.95,3800,3800,3800,0,506.01694444444445
19.3343,-155.22,7.81,1.89,3801,3801,3801,0,502.22777777777776
19.2693,-155.508,8.65,2.18,3802,3802,3802,0,502.0083333333333
19.48,-155.45,7.74,2.98,3803,3803,3803,0,498.73083333333335
19.4178,-155.3153,5.82,2.56,3804,3804,3804,0,498.07055555555553
19.47,-155.4123,2.8,1.57,3805,3805,3805,0,493.87416666666667
19.4102,-155.329,6.02,2.04,3806,3806,3806,0,493.14
19.4103,-155.33,6.14,2.69,3807,3807,3807,0,492.1036111111111
19.3338,-155.174,6.27,1.57,3808,3808,3808,0,491.5488888888889
19.4103,-155.3278,5.88,1.86,3809,3809,3809,0,491.2969444444444
19.2998,-155.3918,9.16,2.21,3810,3810,3810,0,484.645
19.386,-155.038,7.8,1.81,3811,3811,3811,0,472.0986111111111
19.3727,-155.0303,7.89,1.83,3812,3812,3812,0,471.0725
19.342,-155.1298,8.71,3.03,3813,3813,3813,0,463.72583333333336
19.3577,-155.0995,7.33,1.55,3814,3814,3814,0,454.14722222222224
19.3277,-155.194,7.63,1.89,3815,3815,3815,0,451.8066666666667
19.3413,-155.2145,9.41,2.75,3816,3816,3816,0,443.49333333333334
19.3595,-155.0515,9.04,2.0,3817,3817,3817,0,410.5486111111111
19.4075,-155.489,10.21,3.48,3818,3818,3818,0,383.2344444444444
19.374,-155.3463,9.58,2.23,3819,3819,3819,0,376.13138888888886
19.357,-155.1087,8.14,1.85,3820,3820,3820,0,356.6922222222222
19.3887,-155.3455,9.78,1.55,3821,3821,3821,0,345.75416666666666
19.3543,-155.4858,5.77,1.8,3822,3822,3822,0,344.16083333333336
19.3512,-155.0367,7.56,1.73,3823,3823,3823,0,337.43083333333334
19.329,-155.1278,5.93,1.53,3824,3824,3824,0,336.2680555555556
19.3628,-155.4683,6.37,2.02,3825,3825,3825,0,324.98055555555555
19.3592,-155.0418,7.56,1.9,3826,3826,3826,0,315.00666666666666
19.3732,-155.01,7.66,1.71,3827,3827,3827,0,314.62305555555554
19.3975,-155.2805,14.35,1.95,3828,3828,3828,0,309.5686111111111
19.3395,-155.2158,7.46,1.74,3829,3829,3829,0,304.7936111111111
19.3302,-155.2173,6.42,1.61,3830,3830,3830,0,304.38694444444445
19.396,-155.4423,11.07,2.05,3831,3831,3831,0,300.1061111111111
19.435,-155.4877,10.47,2.59,3832,3832,3832,0,297.4277777777778
19.3305,-155.1357,6.34,1.57,3833,3833,3833,0,295.6038888888889
19.3278,-155.2102,7.25,1.84,3834,3834,3834,0,291.37944444444446
19.3258,-155.2048,4.77,1.72,3835,3835,3835,0,285.07666666666665
19.3285,-155.204,7.46,1.72,3836,3836,3836,0,283.0341666666667
19.474,-155.2475,26.23,1.58,3837,3837,3837,0,279.24555555555554
19.3813,-155.499,8.86,1.74,3838,3838,3838,0,275.09027777777777
19.3637,-155.4772,10.43,2.12,3839,3839,3839,0,273.7472222222222
19.3805,-155.4468,10.81,2.05,3840,3840,3840,0,267.7033333333333
19.2395,-155.444,9.12,2.46,3841,3841,3841,0,257.48805555555555
19.3147,-155.2287,8.79,1.92,3842,3842,3842,0,256.74
19.3662,-155.0798,7.75,1.55,3843,3843,3843,0,252.16361111111112
19.3323,-155.0615,6.07,2.04,3844,3844,3844,0,245.00083333333333
19.3457,-155.1242,8.0,2.4,3845,3845,3845,0,232.73166666666665
19.3403,-155.1997,8.67,3.05,3846,3846,3846,0,226.46972222222223
19.3628,-155.4835,9.89,1.63,3847,3847,3847,0,223.27916666666667
19.3393,-155.2003,8.71,1.97,3848,3848,3848,0,222.30833333333334
19.3972,-155.2617,3.46,1.63,3849,3849,3849,0,222.24944444444444
19.332,-155.2017,7.74,1.84,3850,3850,3850,0,191.7375
19.4528,-155.4753,9.75,1.75,3851,3851,3851,0,163.75861111111112
19.3602,-155.1012,6.58,1.74,3852,3852,3852,0,162.8827777777778
19.3033,-155.2552,7.72,1.94,3853,3853,3853,0,161.1586111111111
19.3283,-155.2127,6.04,1.68,3854,3854,3854,0,159.40666666666667
19.3243,-155.2063,6.17,1.69,3855,3855,3855,0,154.25833333333333
19.3368,-155.2117,7.2,1.95,3856,3856,3856,0,147.35083333333333
19.3378,-155.2153,7.05,1.63,3857,3857,3857,0,147.055
19.3857,-155.0513,7.57,2.57,3858,3858,3858,0,145.42083333333332
19.4247,-155.3233,3.86,1.55,3859,3859,3859,0,135.39166666666668
19.3385,-155.2168,7.61,1.88,3860,3860,3860,0,134.8322222222222
19.437,-155.4897,8.8,1.75,3861,3861,3861,0,134.71138888888888
19.4232,-155.3237,4.94,2.55,3862,3862,3862,0,133.79194444444445
19.4122,-155.333,4.61,1.55,3863,3863,3863,0,131.94944444444445
19.364,-155.4783,5.03,1.78,3864,3864,3864,0,120.11861111111111
19.3363,-155.1382,7.76,2.41,3865,3865,3865,0,106.27361111111111
19.3473,-155.2168,7.56,1.81,3866,3866,3866,0,88.69194444444445
19.365,-155.2017,3.43,1.58,3867,3867,3867,0,83.08805555555556
19.3333,-155.2248,5.83,1.59,3868,3868,3868,0,80.215
19.3413,-155.2083,8.6,2.65,3869,3869,3869,0,64.40194444444444
19.3348,-155.1395,6.84,1.75,3870,3870,3870,0,63.897777777777776
19.3163,-155.1467,5.85,1.71,3871,3871,3871,0,63.56861111111111
19.3412,-155.2003,9.34,2.91,3872,3872,3872,0,62.81388888888889
19.3563,-155.503,9.11,2.19,3873,3873,3873,0,59.771388888888886
19.3278,-155.2162,6.44,1.61,3874,3874,3874,0,51.7075
19.3088,-155.2447,6.93,1.62,3875,3875,3875,0,50.73916666666667
19.3888,-155.344,9.31,1.76,3876,3876,3876,0,43.395833333333336
19.3388,-155.2093,8.01,1.88,3877,3877,3877,0,42.63666666666666
19.4125,-155.3245,5.51,1.64,3878,3878,3878,0,40.886944444444445
19.3585,-155.497,8.92,1.62,3879,3879,3879,0,34.253055555555555
19.2063,-155.4473,9.31,3.17,3880,3880,3880,0,18.627222222222223
19.3677,-155.4423,10.52,2.1,3881,3881,3881,0,16.764444444444443
19.3795,-155.0363,7.23,1.61,3882,3882,3882,0,16.67527777777778
19.3203,-155.1395,3.99,1.74,3883,3883,3883,0,15.104166666666666
19.3347,-155.211,7.36,1.58,3884,3884,3884,1,0.0
19.4408,-155.4765,10.08,2.26,3885,3885,3885,1,0.0
19.3805,-155.4985,8.68,1.59,3886,3886,3886,1,0.0
19.3347,-155.2042,6.66,1.88,3887,3887,3887,1,0.0
19.3215,-155.2315,8.06,2.08,3888,3888,3888,1,0.0
19.4098,-155.3217,5.92,2.5,3889,3889,3889,1,0.0
19.336,-155.2163,7.18,1.59,3890,3890,3890,1,0.0
19.3388,-155.2067,7.52,2.48,3891,3891,3891,1,0.0
19.4213,-155.3308,7.1,2.52,3892,3892,3892,1,0.0
19.4233,-155.4652,9.68,2.07,3893,3893,3893,0,392.24611111111113
19.3303,-155.1675,6.38,1.62,3894,3894,3894,0,391.6625
19.3188,-155.2017,6.67,1.65,3895,3895,3895,0,386.9613888888889
19.3633,-155.2457,9.16,3.09,3896,3896,3896,0,380.47305555555556
19.3602,-155.0217,6.36,1.73,3897,3897,3897,0,374.92944444444447
19.3527,-155.0342,6.24,1.88,3898,3898,3898,0,374.5708333333333
19.3325,-155.1255,4.16,1.71,3899,3899,3899,0,369.4216666666667
19.3722,-155.4407,10.66,2.53,3900,3900,3900,0,361.3225
19.3808,-155.4363,10.21,1.59,3901,3901,3901,0,339.6094444444444
19.3288,-155.178,7.93,1.91,3902,3902,3902,0,334.5155555555556
19.3628,-155.0118,5.59,1.54,3903,3903,3903,0,327.7941666666667
19.3342,-155.2138,6.98,2.06,3904,3904,3904,0,326.25166666666667
19.3775,-155.345,8.77,2.17,3905,3905,3905,0,324.58194444444445
19.3385,-155.2157,7.73,1.88,3906,3906,3906,0,322.96194444444444
19.3267,-155.2055,6.44,2.02,3907,3907,3907,0,314.0575
19.329,-155.2063,7.36,1.85,3908,3908,3908,0,311.7558333333333
19.346,-155.3612,9.97,1.95,3909,3909,3909,0,308.22527777777776
19.3192,-155.171,7.11,1.6,3910,3910,3910,0,300.17305555555555
19.2923,-155.4305,8.63,1.56,3911,3911,3911,0,294.1111111111111
19.3803,-155.4985,9.64,1.63,3912,3912,3912,0,288.8833333333333
19.3142,-155.2145,4.44,1.75,3913,3913,3913,0,281.53833333333336
19.4433,-155.4782,7.62,1.77,3914,3914,3914,0,263.52194444444444
19.4508,-155.5033,9.76,1.68,3915,3915,3915,0,257.21194444444444
19.3095,-155.2165,8.76,2.17,3916,3916,3916,0,254.05083333333334
19.3433,-155.2038,7.99,1.82,3917,3917,3917,0,249.59444444444443
19.456,-155.3842,9.96,1.89,3918,3918,3918,0,237.43722222222223
19.4175,-155.3172,5.73,1.7,3919,3919,3919,0,237.39583333333334
19.3727,-155.0517,7.32,1.62,3920,3920,3920,0,235.80527777777777
19.3482,-155.2178,6.57,1.91,3921,3921,3921,0,225.2486111111111
19.397,-155.5,9.17,1.71,3922,3922,3922,0,223.38
19.3198,-155.2288,6.61,1.83,3923,3923,3923,0,210.83416666666668
19.4245,-155.3513,9.87,2.83,3924,3924,3924,0,210.07055555555556
19.3443,-155.3573,12.2,1.84,3925,3925,3925,0,204.6475
19.4575,-155.4432,5.93,1.61,3926,3926,3926,0,201.32861111111112
19.3107,-155.1958,2.82,1.7,3927,3927,3927,0,197.25027777777777
19.3427,-155.1882,8.87,3.52,3928,3928,3928,0,186.94444444444446
19.2747,-155.461,10.01,1.53,3929,3929,3929,0,186.60444444444445
19.3318,-155.1372,6.5,2.52,3930,3930,3930,0,183.19972222222222
19.323,-155.1962,7.23,2.06,3931,3931,3931,0,182.05
19.3707,-155.0305,5.72,1.89,3932,3932,3932,0,180.35416666666666
19.4558,-155.494,10.06,1.99,3933,3933,3933,0,179.12305555555557
19.3228,-155.2025,5.46,1.61,3934,3934,3934,0,175.05083333333334
19.3123,-155.247,7.56,2.07,3935,3935,3935,0,173.7225
19.3003,-155.2137,9.26,1.99,3936,3936,3936,0,166.8111111111111
19.2988,-155.2165,6.74,1.59,3937,3937,3937,0,166.03861111111112
19.2965,-155.2167,8.5,1.6,3938,3938,3938,0,161.6461111111111
19.2993,-155.2355,6.48,1.53,3939,3939,3939,0,159.9586111111111
19.3147,-155.2195,5.96,2.08,3940,3940,3940,0,149.0336111111111
19.3313,-155.495,9.32,1.75,3941,3941,3941,0,146.82333333333332
19.3362,-155.2185,9.16,1.89,3942,3942,3942,0,140.7161111111111
19.3245,-155.2108,7.98,1.64,3943,3943,3943,0,140.39694444444444
19.4342,-155.3645,10.38,1.73,3944,3944,3944,0,140.12694444444443
19.3293,-155.21,6.89,1.55,3945,3945,3945,0,139.03444444444443
19.3278,-155.2078,7.38,2.13,3946,3946,3946,0,139.01638888888888
19.3882,-155.3452,10.96,2.01,3947,3947,3947,0,136.46972222222223
19.3298,-155.2018,7.65,1.67,3948,3948,3948,0,132.28861111111112
19.4562,-155.444,7.03,1.61,3949,3949,3949,0,130.54805555555555
19.3243,-155.2035,7.86,1.59,3950,3950,3950,0,129.98611111111111
19.3363,-155.196,8.66,1.81,3951,3951,3951,0,123.18388888888889
19.3833,-155.351,10.7,2.0,3952,3952,3952,0,121.51194444444444
19.3372,-155.1982,7.72,2.63,3953,3953,3953,0,113.85111111111111
19.3227,-155.166,6.17,1.58,3954,3954,3954,0,96.41638888888889
19.3703,-155.4807,9.43,3.15,3955,3955,3955,0,84.96722222222222
19.3345,-155.1982,7.21,2.06,3956,3956,3956,0,72.6125
19.3932,-155.3452,10.19,2.77,3957,3957,3957,0,66.9263888888889
19.324,-155.2043,7.1,1.76,3958,3958,3958,0,60.69
19.388,-155.4913,8.09,1.73,3959,3959,3959,0,46.85444444444445
19.3012,-155.2132,3.98,1.52,3960,3960,3960,0,45.22805555555556
19.4397,-155.4993,7.53,1.73,3961,3961,3961,1,0.0
19.3363,-155.1933,7.12,2.31,3962,3962,3962,0,271.415
19.4195,-155.4845,9.03,2.02,3963,3963,3963,0,267.21416666666664
19.377,-155.3467,10.38,3.09,3964,3964,3964,0,252.37833333333333
19.3393,-155.1922,7.32,2.61,3965,3965,3965,0,246.18555555555557
19.3388,-155.2135,6.85,1.82,3966,3966,3966,0,227.7875
19.3547,-155.3642,8.24,1.69,3967,3967,3967,0,223.82888888888888
19.4673,-155.4077,2.35,1.53,3968,3968,3968,0,216.71055555555554
19.3618,-155.0203,7.04,1.58,3969,3969,3969,0,216.48416666666665
19.3425,-155.2068,6.93,2.01,3970,3970,3970,0,215.55388888888888
19.338,-155.1665,8.02,1.85,3971,3971,3971,0,202.29611111111112
19.3215,-155.2523,6.84,1.69,3972,3972,3972,0,186.12916666666666
19.3305,-155.2027,6.74,1.52,3973,3973,3973,0,185.92666666666668
19.3173,-155.2538,8.92,2.62,3974,3974,3974,0,163.7436111111111
19.3305,-155.1363,6.64,1.87,3975,3975,3975,0,147.61027777777778
19.4597,-155.332,13.52,1.85,3976,3976,3976,0,145.09444444444443
19.3552,-155.1137,6.08,1.54,3977,3977,3977,0,122.9525
19.3067,-155.2765,7.76,2.12,3978,3978,3978,0,115.83527777777778
19.3158,-155.2435,6.72,1.61,3979,3979,3979,0,107.37027777777777
19.3075,-155.2227,6.86,1.53,3980,3980,3980,0,102.72833333333334
19.3422,-155.2135,6.76,1.51,3981,3981,3981,0,93.14944444444444
19.5027,-155.2783,10.38,1.77,3982,3982,3982,0,89.08194444444445
19.3813,-155.4448,10.85,2.59,3983,3983,3983,0,87.04694444444445
19.4822,-155.4407,5.4,2.7,3984,3984,3984,0,83.93916666666667
19.3368,-155.1937,9.36,2.07,3985,3985,3985,0,73.12527777777778
19.3842,-155.4352,10.11,1.6,3986,3986,3986,0,72.33833333333334
19.3237,-155.2682,7.79,2.22,3987,3987,3987,0,65.50111111111111
19.4355,-155.3327,5.33,2.57,3988,3988,3988,0,64.92888888888889
19.4463,-155.479,9.99,1.88,3989,3989,3989,0,60.58
19.3582,-155.3927,10.55,2.78,3990,3990,3990,0,49.18805555555556
19.3347,-155.2183,5.92,1.77,3991,3991,3991,0,48.725833333333334
19.4885,-155.4585,5.08,2.66,3992,3992,3992,0,43.16305555555556
19.3282,-155.2023,6.34,1.7,3993,3993,3993,0,40.39111111111111
19.4068,-155.2655,22.67,1.69,3994,3994,3994,0,38.87888888888889
19.3987,-155.4478,10.36,2.95,3995,3995,3995,0,12.477222222222222
19.3202,-155.1915,7.4,1.74,3996,3996,3996,0,7.143611111111111
19.4277,-155.4808,9.38,1.69,3997,3997,3997,0,7.120555555555556
19.3993,-155.452,9.11,1.67,3998,3998,3998,0,4.583888888888889
19.333,-155.1948,8.31,2.04,3999,3999,3999,0,3.893611111111111
19.3357,-155.187,8.66,2.28,4000,4000,4000,1,0.0
19.3905,-155.343,9.83,1.87,4001,4001,4001,1,0.0
19.3305,-155.1858,8.34,1.89,4002,4002,4002,1,0.0
19.3952,-155.4453,10.96,1.93,4003,4003,4003,1,0.0
19.3452,-155.383,9.2,1.85,4004,4004,4004,1,0.0
19.339,-155.225,9.0,1.75,4005,4005,4005,1,0.0
19.3322,-155.2007,9.04,1.97,4006,4006,4006,1,0.0
19.365,-155.0387,7.73,1.74,4007,4007,4007,1,0.0
19.3547,-155.482,6.23,1.75,4008,4008,4008,1,0.0
19.2917,-155.4543,9.07,2.07,4009,4009,4009,1,0.0
19.2885,-155.454,9.72,2.02,4010,4010,4010,1,0.0
19.3953,-155.2585,3.09,1.53,4011,4011,4011,1,0.0
19.4042,-155.2642,3.73,1.62,4012,4012,4012,0,701.8688888888889
19.4075,-155.4322,10.63,1.86,4013,4013,4013,0,699.1072222222223
19.3992,-155.2708,2.99,2.16,4014,4014,4014,0,698.1802777777777
19.4138,-155.2817,0.76,1.7,4015,4015,4015,0,697.0783333333334
19.4297,-155.3597,9.39,1.75,4016,4016,4016,0,694.9127777777778
19.3742,-155.4595,9.69,2.53,4017,4017,4017,0,693.6013888888889
19.2955,-155.3418,5.38,1.66,4018,4018,4018,0,682.8483333333334
19.2758,-155.455,9.04,2.55,4019,4019,4019,0,668.5022222222223
19.3278,-155.501,9.76,1.91,4020,4020,4020,0,659.7902777777778
19.3758,-155.5003,9.32,1.57,4021,4021,4021,0,601.4083333333333
19.397,-155.4335,6.66,1.99,4022,4022,4022,0,600.8013888888889
19.3153,-155.2008,4.12,1.57,4023,4023,4023,0,600.1875
19.3953,-155.2868,14.18,2.35,4024,4024,4024,0,597.5308333333334
19.4185,-155.4887,8.06,1.91,4025,4025,4025,0,585.9875
19.3172,-155.1537,4.24,1.6,4026,4026,4026,0,584.6063888888889
19.342,-155.194,8.97,2.11,4027,4027,4027,0,583.6113888888889
19.3232,-155.5072,9.55,2.5,4028,4028,4028,0,580.3205555555555
19.3193,-155.224,7.4,1.93,4029,4029,4029,0,574.0344444444445
19.3328,-155.1965,7.54,1.99,4030,4030,4030,0,573.4977777777777
19.4265,-155.4862,10.29,1.64,4031,4031,4031,0,565.6286111111111
19.4278,-155.4888,9.65,2.3,4032,4032,4032,0,564.745
19.3257,-155.1392,7.88,2.14,4033,4033,4033,0,560.5791666666667
19.4225,-155.322,7.06,2.07,4034,4034,4034,0,556.5766666666667
19.3743,-155.4938,8.88,1.71,4035,4035,4035,0,551.1902777777777
19.444,-155.5235,12.36,2.13,4036,4036,4036,0,545.0616666666666
19.3817,-155.0207,6.58,1.66,4037,4037,4037,0,542.4719444444445
19.5812,-155.4175,10.12,2.92,4038,4038,4038,0,539.4533333333334
19.3352,-155.2228,6.11,1.72,4039,4039,4039,0,536.7441666666666
19.3542,-155.4008,10.44,1.7,4040,4040,4040,0,529.4494444444445
19.3562,-155.289,26.8,2.04,4041,4041,4041,0,526.9508333333333
19.3443,-155.5078,10.15,1.84,4042,4042,4042,0,522.8766666666667
19.3068,-155.2588,6.94,1.69,4043,4043,4043,0,514.8444444444444
19.3222,-155.1943,6.12,2.07,4044,4044,4044,0,512.7458333333333
19.3703,-155.5015,11.11,2.06,4045,4045,4045,0,512.6427777777777
19.428,-155.5005,10.7,1.63,4046,4046,4046,0,505.39944444444444
19.4173,-155.3202,6.53,1.58,4047,4047,4047,0,503.9025
19.3275,-155.2147,6.15,1.59,4048,4048,4048,0,489.6138888888889
19.3732,-155.4817,9.54,1.6,4049,4049,4049,0,483.5083333333333
19.3658,-155.0425,5.24,1.53,4050,4050,4050,0,470.4688888888889
19.3492,-155.1062,6.43,1.69,4051,4051,4051,0,465.85055555555556
19.3663,-155.4098,12.71,1.98,4052,4052,4052,0,458.5475
19.3652,-155.0618,6.9,1.53,4053,4053,4053,0,445.1277777777778
19.2877,-155.2697,8.13,1.93,4054,4054,4054,0,436.74833333333333
19.3783,-155.4463,9.75,1.69,4055,4055,4055,0,425.65777777777777
19.4698,-155.4788,9.94,1.64,4056,4056,4056,0,425.0763888888889
19.3202,-155.2203,6.29,1.54,4057,4057,4057,0,421.19138888888887
19.3147,-155.4405,10.02,1.52,4058,4058,4058,0,417.6761111111111
19.3113,-155.2208,9.44,2.99,4059,4059,4059,0,414.1563888888889
19.3062,-155.218,4.14,1.61,4060,4060,4060,0,414.10277777777776
19.3043,-155.2178,5.79,1.62,4061,4061,4061,0,413.94916666666666
19.3198,-155.1812,4.59,1.59,4062,4062,4062,0,413.5472222222222
19.3212,-155.2202,8.78,2.45,4063,4063,4063,0,412.15416666666664
19.3038,-155.2208,5.89,1.92,4064,4064,4064,0,408.9197222222222
19.4193,-155.3312,5.2,1.55,4065,4065,4065,0,402.90305555555557
19.3642,-155.4088,12.54,1.68,4066,4066,4066,0,401.2816666666667
19.4393,-155.4998,9.26,1.59,4067,4067,4067,0,399.97027777777777
19.278,-155.4592,8.11,2.29,4068,4068,4068,0,398.5697222222222
19.3717,-155.4723,10.06,1.72,4069,4069,4069,0,397.01694444444445
19.3477,-155.2177,7.92,2.56,4070,4070,4070,0,389.8963888888889
19.2925,-155.5055,3.81,2.32,4071,4071,4071,0,386.7127777777778
19.338,-155.1315,7.15,1.86,4072,4072,4072,0,381.64194444444445
19.3562,-155.103,5.83,2.01,4073,4073,4073,0,369.35305555555556
19.4842,-155.4658,3.52,2.09,4074,4074,4074,0,368.20972222222224
19.371,-155.0773,8.05,2.6,4075,4075,4075,0,353.4216666666667
19.3052,-155.2177,6.89,1.97,4076,4076,4076,0,348.65222222222224
19.3295,-155.2052,6.55,1.96,4077,4077,4077,0,347.79333333333335
19.36,-155.0412,8.16,1.84,4078,4078,4078,0,347.07472222222225
19.3692,-155.4843,9.69,2.47,4079,4079,4079,0,329.0675
19.3747,-155.4952,6.67,2.22,4080,4080,4080,0,300.8713888888889
19.3208,-155.1973,8.89,2.71,4081,4081,4081,0,300.8336111111111
19.4038,-155.2742,16.7,1.87,4082,4082,4082,0,271.10555555555555
19.3797,-155.0587,6.93,1.82,4083,4083,4083,0,259.8572222222222
19.3633,-155.0673,5.75,1.83,4084,4084,4084,0,257.5111111111111
19.3448,-155.1908,7.38,1.87,4085,4085,4085,0,254.30527777777777
19.3438,-155.0488,6.4,1.85,4086,4086,4086,0,253.33583333333334
19.2675,-155.3802,7.67,3.23,4087,4087,4087,0,247.7613888888889
19.2598,-155.3757,7.57,2.87,4088,4088,4088,0,247.73
19.2673,-155.3827,5.93,1.76,4089,4089,4089,0,247.2161111111111
19.2697,-155.3733,5.93,1.75,4090,4090,4090,0,247.20055555555555
19.2672,-155.3842,5.84,1.76,4091,4091,4091,0,247.1675
19.2622,-155.3845,4.98,2.3,4092,4092,4092,0,246.79444444444445
19.2617,-155.3857,5.78,2.37,4093,4093,4093,0,246.7375
19.2633,-155.3827,5.43,1.77,4094,4094,4094,0,246.57
19.269,-155.3758,3.24,1.64,4095,4095,4095,0,246.28333333333333
19.2728,-155.3807,7.58,3.2,4096,4096,4096,0,246.22805555555556
19.2722,-155.3882,3.11,2.06,4097,4097,4097,0,245.64833333333334
19.2638,-155.3818,5.44,2.0,4098,4098,4098,0,245.0638888888889
19.2628,-155.3822,5.76,1.51,4099,4099,4099,0,244.99194444444444
19.2675,-155.379,3.33,2.12,4100,4100,4100,0,243.91583333333332
19.2768,-155.375,5.13,1.86,4101,4101,4101,0,243.00805555555556
19.2705,-155.3893,4.8,2.24,4102,4102,4102,0,242.75305555555556
19.342,-155.1953,7.58,2.27,4103,4103,4103,0,225.6725
19.3775,-155.0468,4.41,1.51,4104,4104,4104,0,217.16305555555556
19.4143,-155.3355,7.22,2.04,4105,4105,4105,0,213.34694444444443
19.3358,-155.2135,7.26,1.52,4106,4106,4106,0,204.77388888888888
19.4215,-155.5153,10.72,1.92,4107,4107,4107,0,188.35972222222222
19.4053,-155.4945,8.04,1.71,4108,4108,4108,0,187.5388888888889
19.4128,-155.3208,5.32,2.03,4109,4109,4109,0,183.28083333333333
19.3675,-155.4435,9.6,1.7,4110,4110,4110,0,179.43416666666667
19.4678,-155.443,10.43,2.79,4111,4111,4111,0,175.01416666666665
19.3273,-155.2317,7.95,2.44,4112,4112,4112,0,172.42527777777778
19.325,-155.1677,5.46,1.86,4113,4113,4113,0,156.35861111111112
19.3458,-155.103,7.89,2.4,4114,4114,4114,0,151.6652777777778
19.262,-155.3795,5.01,1.67,4115,4115,4115,0,122.18944444444445
19.3137,-155.2198,5.11,1.69,4116,4116,4116,0,118.99166666666666
19.4267,-155.4902,9.92,2.51,4117,4117,4117,0,100.87611111111111
19.3287,-155.201,6.63,1.8,4118,4118,4118,0,97.99666666666667
19.4152,-155.2668,14.77,1.85,4119,4119,4119,0,91.45027777777777
19.4212,-155.5088,7.85,1.93,4120,4120,4120,0,77.90638888888888
19.3588,-155.0805,6.62,1.84,4121,4121,4121,0,75.19722222222222
19.3147,-155.507,9.25,2.12,4122,4122,4122,0,73.69944444444444
19.3678,-155.079,7.53,2.37,4123,4123,4123,0,53.306111111111115
19.3635,-155.0788,8.71,2.61,4124,4124,4124,0,48.473055555555554
19.2933,-155.4677,9.02,1.87,4125,4125,4125,0,47.66555555555556
19.3795,-155.0282,8.07,2.6,4126,4126,4126,0,35.6375
19.4005,-155.425,8.99,1.65,4127,4127,4127,0,31.184166666666666
19.3302,-155.2213,7.92,1.89,4128,4128,4128,0,27.380555555555556
19.2987,-155.3667,6.85,2.01,4129,4129,4129,0,26.10361111111111
19.4282,-155.3123,7.16,1.54,4130,4130,4130,0,20.52722222222222
19.3137,-155.259,6.84,1.93,4131,4131,4131,0,12.510555555555555
19.422,-155.288,11.41,1.59,4132,4132,4132,0,2.7066666666666666
19.3302,-155.1645,6.48,2.18,4133,4133,4133,0,2.6908333333333334
19.3603,-155.0735,8.22,2.01,4134,4134,4134,1,0.0
19.4362,-155.3235,7.83,2.01,4135,4135,4135,1,0.0
19.3462,-155.0395,7.11,2.85,4136,4136,4136,1,0.0
19.3737,-155.4607,9.3,1.82,4137,4137,4137,1,0.0
19.3248,-155.1352,7.19,1.84,4138,4138,4138,1,0.0
19.3247,-155.199,5.16,1.89,4139,4139,4139,1,0.0
19.401,-155.2722,2.88,1.83,4140,4140,4140,1,0.0
19.4622,-155.3957,3.84,1.56,4141,4141,4141,0,727.3433333333334
19.3723,-155.3568,7.87,1.58,4142,4142,4142,0,717.9397222222223
19.321,-155.1742,7.43,1.91,4143,4143,4143,0,715.655
19.3123,-155.1793,7.87,1.9,4144,4144,4144,0,699.8563888888889
19.4555,-155.3445,11.53,1.85,4145,4145,4145,0,699.0444444444445
19.3283,-155.2093,5.67,1.53,4146,4146,4146,0,697.7969444444444
19.3497,-155.1377,7.34,2.03,4147,4147,4147,0,690.7061111111111
19.2145,-155.3667,14.33,1.74,4148,4148,4148,0,688.0741666666667
19.3718,-155.4785,9.82,3.15,4149,4149,4149,0,676.35
19.3362,-155.21,7.03,1.88,4150,4150,4150,0,662.6194444444444
19.3508,-155.2205,7.92,2.05,4151,4151,4151,0,661.2166666666667
19.3723,-155.0365,7.81,2.0,4152,4152,4152,0,637.2033333333334
19.3337,-155.1788,5.44,1.57,4153,4153,4153,0,636.8563888888889
19.2955,-155.475,9.53,1.8,4154,4154,4154,0,628.0994444444444
19.3215,-155.2058,2.73,1.72,4155,4155,4155,0,605.9863888888889
19.322,-155.1917,7.69,1.59,4156,4156,4156,0,593.6694444444445
19.323,-155.2552,8.01,2.31,4157,4157,4157,0,592.1833333333333
19.2808,-155.379,7.4,1.97,4158,4158,4158,0,587.6461111111112
19.5055,-155.482,3.89,1.91,4159,4159,4159,0,574.1119444444445
19.3332,-155.2137,7.84,1.59,4160,4160,4160,0,568.6652777777778
19.4277,-155.3652,8.17,1.87,4161,4161,4161,0,564.4688888888888
19.3773,-155.3463,9.06,1.61,4162,4162,4162,0,561.9133333333333
19.5042,-155.0587,11.72,1.89,4163,4163,4163,0,540.6661111111111
19.3405,-155.1988,9.08,2.69,4164,4164,4164,0,530.1097222222222
19.2927,-155.2392,7.13,2.24,4165,4165,4165,0,492.3305555555556
19.3597,-155.0882,7.78,3.09,4166,4166,4166,0,486.5783333333333
19.3272,-155.2035,5.61,1.67,4167,4167,4167,0,458.5825
19.3335,-155.2173,9.46,3.31,4168,4168,4168,0,458.34277777777777
19.3267,-155.222,8.36,2.38,4169,4169,4169,0,455.5886111111111
19.3172,-155.222,4.17,1.6,4170,4170,4170,0,455.0391666666667
19.3225,-155.145,6.12,1.58,4171,4171,4171,0,452.62888888888887
19.3612,-155.0803,5.86,1.83,4172,4172,4172,0,451.96194444444444
19.503,-155.381,8.39,2.53,4173,4173,4173,0,450.5997222222222
19.3505,-155.3835,9.88,1.85,4174,4174,4174,0,438.2527777777778
19.4775,-155.4437,6.36,1.6,4175,4175,4175,0,436.38055555555553
19.3583,-155.5017,8.65,1.53,4176,4176,4176,0,434.9163888888889
19.3027,-155.2762,7.41,2.12,4177,4177,4177,0,433.41
19.3795,-155.0355,8.72,1.52,4178,4178,4178,0,421.8338888888889
19.3135,-155.2167,5.62,1.61,4179,4179,4179,0,417.81194444444446
19.2918,-155.462,8.57,1.8,4180,4180,4180,0,400.09694444444443
19.4437,-155.4772,8.56,1.66,4181,4181,4181,0,389.5111111111111
19.4608,-155.4188,10.45,1.59,4182,4182,4182,0,387.3375
19.3995,-155.2612,3.32,1.71,4183,4183,4183,0,372.5516666666667
19.5043,-155.4473,4.82,1.58,4184,4184,4184,0,369.4247222222222
19.3413,-155.2197,7.08,1.58,4185,4185,4185,0,368.42833333333334
19.3338,-155.2058,7.16,2.06,4186,4186,4186,0,362.63944444444445
19.3345,-155.0643,6.97,1.86,4187,4187,4187,0,357.16055555555556
19.3278,-155.2045,5.68,1.59,4188,4188,4188,0,354.9819444444444
19.3198,-155.227,5.41,2.2,4189,4189,4189,0,350.6016666666667
19.342,-155.5013,3.7,1.78,4190,4190,4190,0,336.29805555555555
19.3797,-155.3508,9.48,1.61,4191,4191,4191,0,332.3233333333333
19.3267,-155.1888,8.85,2.85,4192,4192,4192,0,322.77666666666664
19.3317,-155.1962,6.49,1.88,4193,4193,4193,0,318.7055555555556
19.3513,-155.3628,8.79,1.84,4194,4194,4194,0,315.10527777777776
19.4698,-155.4398,3.16,1.67,4195,4195,4195,0,313.9169444444444
19.4303,-155.4537,7.72,1.95,4196,4196,4196,0,296.2913888888889
19.3603,-155.0153,7.11,2.44,4197,4197,4197,0,281.1533333333333
19.3657,-155.0482,7.57,2.31,4198,4198,4198,0,278.7638888888889
19.3385,-155.0603,8.63,2.81,4199,4199,4199,0,225.81666666666666
19.3925,-155.302,16.25,1.59,4200,4200,4200,0,213.2463888888889
19.391,-155.2773,5.86,1.55,4201,4201,4201,0,212.22972222222222
19.3198,-155.255,7.13,1.62,4202,4202,4202,0,210.0511111111111
19.2832,-155.3658,4.93,1.8,4203,4203,4203,0,208.39444444444445
19.3298,-155.128,8.12,1.57,4204,4204,4204,0,206.4975
19.3143,-155.2535,6.86,1.62,4205,4205,4205,0,206.39305555555555
19.3365,-155.1295,6.44,1.56,4206,4206,4206,0,204.44583333333333
19.4283,-155.3668,8.69,1.57,4207,4207,4207,0,204.11138888888888
19.3502,-155.4872,4.73,1.82,4208,4208,4208,0,197.63555555555556
19.3182,-155.2528,5.91,1.61,4209,4209,4209,0,194.18805555555556
19.3187,-155.2615,5.46,1.62,4210,4210,4210,0,188.44916666666666
19.3607,-155.1067,6.71,2.01,4211,4211,4211,0,181.34055555555557
19.3937,-155.2867,11.42,1.56,4212,4212,4212,0,165.57416666666666
19.3375,-155.2067,7.03,1.53,4213,4213,4213,0,162.61444444444444
19.3267,-155.1935,6.5,1.89,4214,4214,4214,0,159.94472222222223
19.3498,-155.2128,7.25,1.87,4215,4215,4215,0,156.225
19.2865,-155.2247,11.41,2.85,4216,4216,4216,0,154.31472222222223
19.3827,-155.031,7.87,2.0,4217,4217,4217,0,142.93083333333334
19.3418,-155.1792,7.13,2.04,4218,4218,4218,0,142.01638888888888
19.335,-155.2165,6.18,1.58,4219,4219,4219,0,137.39083333333335
19.261,-155.3773,6.15,2.16,4220,4220,4220,0,135.0336111111111
19.2943,-155.5035,9.85,1.85,4221,4221,4221,0,129.4177777777778
19.364,-155.0197,7.97,2.44,4222,4222,4222,0,117.94055555555556
19.3188,-155.2305,6.65,1.91,4223,4223,4223,0,112.76944444444445
19.3802,-155.0063,5.12,2.42,4224,4224,4224,0,105.79722222222222
19.4297,-155.3625,8.99,2.35,4225,4225,4225,0,104.93333333333334
19.2675,-155.3795,6.27,1.76,4226,4226,4226,0,104.19611111111111
19.3633,-155.2003,3.0,1.54,4227,4227,4227,0,87.17444444444445
19.289,-155.4308,8.65,2.23,4228,4228,4228,0,83.77444444444444
19.3273,-155.2075,7.92,1.59,4229,4229,4229,0,83.61194444444445
19.3427,-155.1978,8.94,3.0,4230,4230,4230,0,68.04666666666667
19.4758,-155.4777,10.63,1.64,4231,4231,4231,0,64.27527777777777
19.4635,-155.4673,10.03,2.61,4232,4232,4232,0,28.544722222222223
19.3638,-155.3053,2.37,1.52,4233,4233,4233,0,24.5325
19.3335,-155.2172,6.5,1.89,4234,4234,4234,0,22.857777777777777
19.3818,-155.4447,10.8,2.64,4235,4235,4235,0,22.558055555555555
19.335,-155.158,7.21,1.79,4236,4236,4236,0,18.041666666666668
19.3603,-155.0847,6.03,1.83,4237,4237,4237,0,8.296944444444444
19.3265,-155.507,8.49,1.62,4238,4238,4238,1,0.0
19.364,-155.2125,3.07,1.54,4239,4239,4239,1,0.0
19.3103,-155.2045,5.05,1.6,4240,4240,4240,1,0.0
19.3955,-155.2618,2.85,1.53,4241,4241,4241,1,0.0
19.3355,-155.1925,6.99,1.58,4242,4242,4242,1,0.0
19.3993,-155.2695,2.99,1.98,4243,4243,4243,1,0.0
19.4095,-155.2888,1.5,1.92,4244,4244,4244,1,0.0
19.4297,-155.4823,8.34,1.68,4245,4245,4245,0,842.175
19.3923,-155.5022,8.1,1.79,4246,4246,4246,0,838.8477777777778
19.3572,-155.0777,6.72,1.59,4247,4247,4247,0,837.755
19.3718,-155.4997,8.89,2.6,4248,4248,4248,0,823.4855555555556
19.3795,-155.5043,8.42,2.54,4249,4249,4249,0,822.4661111111111
19.367,-155.039,0.03,1.57,4250,4250,4250,0,821.0261111111112
19.4525,-155.4923,9.08,1.56,4251,4251,4251,0,820.2383333333333
19.432,-155.3637,9.9,1.57,4252,4252,4252,0,815.0305555555556
19.3863,-155.4545,9.45,1.52,4253,4253,4253,0,801.2480555555555
19.323,-155.173,9.22,2.92,4254,4254,4254,0,798.8761111111111
19.3143,-155.2208,6.19,1.91,4255,4255,4255,0,797.9730555555556
19.3435,-155.1072,7.38,2.46,4256,4256,4256,0,792.9991666666666
19.2265,-155.4632,8.18,2.19,4257,4257,4257,0,777.4961111111111
19.3747,-155.5015,9.72,2.05,4258,4258,4258,0,761.3019444444444
19.4438,-155.4805,8.59,1.66,4259,4259,4259,0,759.1183333333333
19.5103,-155.384,8.41,2.31,4260,4260,4260,0,758.6072222222223
19.337,-155.2118,7.5,1.88,4261,4261,4261,0,755.0125
19.3517,-155.0283,0.8,1.84,4262,4262,4262,0,753.8466666666667
19.3718,-155.4823,10.6,3.06,4263,4263,4263,0,749.2738888888889
19.3503,-155.467,9.53,1.87,4264,4264,4264,0,747.0077777777777
19.3328,-155.2118,5.95,1.58,4265,4265,4265,0,739.8836111111111
19.3462,-155.223,6.27,1.87,4266,4266,4266,0,717.2622222222222
19.4362,-155.5103,8.78,1.75,4267,4267,4267,0,715.5269444444444
19.3212,-155.1982,6.27,1.51,4268,4268,4268,0,697.9113888888888
19.4247,-155.4863,9.03,1.58,4269,4269,4269,0,692.0263888888888
19.3282,-155.2067,8.57,2.84,4270,4270,4270,0,690.1283333333333
19.3745,-155.5007,9.23,1.58,4271,4271,4271,0,689.6180555555555
19.3348,-155.2063,8.06,2.63,4272,4272,4272,0,689.405
19.3683,-155.0532,8.52,2.01,4273,4273,4273,0,685.9497222222222
19.3253,-155.2073,8.22,1.59,4274,4274,4274,0,683.6741666666667
19.328,-155.1308,7.61,2.05,4275,4275,4275,0,681.3877777777777
19.3285,-155.1717,7.58,1.66,4276,4276,4276,0,672.9352777777777
19.322,-155.2547,6.61,1.64,4277,4277,4277,0,664.6094444444444
19.3333,-155.1895,7.86,1.58,4278,4278,4278,0,663.1911111111111
19.4612,-155.4042,9.91,1.58,4279,4279,4279,0,657.1013888888889
19.3808,-155.0232,5.29,1.52,4280,4280,4280,0,651.8902777777778
19.3382,-155.1967,8.17,2.35,4281,4281,4281,0,648.3275
19.4048,-155.2745,8.99,1.55,4282,4282,4282,0,632.6319444444445
19.3415,-155.1402,7.36,1.59,4283,4283,4283,0,631.9788888888888
19.3247,-155.197,6.09,1.59,4284,4284,4284,0,606.1097222222222
19.2643,-155.363,6.92,1.66,4285,4285,4285,0,594.6038888888888
19.3423,-155.1667,7.74,1.56,4286,4286,4286,0,592.4291666666667
19.3615,-155.1137,7.41,1.66,4287,4287,4287,0,585.9608333333333
19.3468,-155.4917,6.51,2.24,4288,4288,4288,0,583.4180555555556
19.4335,-155.3265,6.27,1.54,4289,4289,4289,0,563.7347222222222
19.3418,-155.1945,7.49,1.87,4290,4290,4290,0,562.5855555555555
19.3285,-155.1787,9.28,2.79,4291,4291,4291,0,562.4575
19.4123,-155.2828,6.78,1.53,4292,4292,4292,0,559.7638888888889
19.415,-155.2683,14.48,1.55,4293,4293,4293,0,553.4513888888889
19.3767,-155.0488,8.44,2.13,4294,4294,4294,0,552.7825
19.2832,-155.4167,8.56,1.71,4295,4295,4295,0,546.9925
19.4227,-155.346,9.22,2.5,4296,4296,4296,0,545.0233333333333
19.4545,-155.2668,12.45,1.51,4297,4297,4297,0,542.6969444444444
19.4092,-155.2812,3.54,1.53,4298,4298,4298,0,542.6341666666667
19.3433,-155.2162,9.08,1.58,4299,4299,4299,0,542.2952777777778
19.3368,-155.1898,8.6,2.48,4300,4300,4300,0,542.2755555555556
19.3737,-155.4483,9.98,2.92,4301,4301,4301,0,535.9083333333333
19.3253,-155.2072,5.38,1.59,4302,4302,4302,0,515.6072222222223
19.3133,-155.2532,5.71,1.92,4303,4303,4303,0,512.5647222222223
19.3065,-155.2185,5.94,1.75,4304,4304,4304,0,510.0836111111111
19.3467,-155.0482,6.93,2.53,4305,4305,4305,0,508.81361111111113
19.3415,-155.2128,6.51,1.51,4306,4306,4306,0,503.59277777777777
19.2935,-155.3932,8.75,1.98,4307,4307,4307,0,499.8938888888889
19.3335,-155.121,7.72,2.47,4308,4308,4308,0,496.49555555555554
19.3635,-155.1158,8.96,2.01,4309,4309,4309,0,490.11277777777775
19.3728,-155.496,9.65,2.81,4310,4310,4310,0,483.44416666666666
19.4245,-155.5043,9.37,2.54,4311,4311,4311,0,480.90722222222223
19.3053,-155.2223,7.12,1.92,4312,4312,4312,0,480.6436111111111
19.3933,-155.4512,9.76,1.56,4313,4313,4313,0,470.80444444444447
19.3397,-155.2153,8.01,2.06,4314,4314,4314,0,461.0697222222222
19.3858,-155.4245,10.02,1.96,4315,4315,4315,0,460.55833333333334
19.3268,-155.211,9.37,4.85,4316,4316,4316,0,450.19194444444446
19.323,-155.2015,6.98,1.89,4317,4317,4317,0,450.04527777777776
19.4255,-155.3538,10.02,1.87,4318,4318,4318,0,450.0027777777778
19.3408,-155.205,7.92,2.48,4319,4319,4319,0,449.90833333333336
19.337,-155.2005,4.27,1.64,4320,4320,4320,0,449.84777777777776
19.3402,-155.198,8.49,2.27,4321,4321,4321,0,449.49055555555555
19.3203,-155.2007,7.31,1.61,4322,4322,4322,0,449.1816666666667
19.3353,-155.2012,7.89,1.95,4323,4323,4323,0,448.33666666666664
19.3237,-155.2233,5.3,1.54,4324,4324,4324,0,447.8697222222222
19.3947,-155.0103,8.62,2.42,4325,4325,4325,0,447.0475
19.3203,-155.218,6.7,1.9,4326,4326,4326,0,446.94
19.3127,-155.2242,6.88,1.61,4327,4327,4327,0,444.755
19.3292,-155.1977,7.87,1.89,4328,4328,4328,0,444.09583333333336
19.259,-155.3812,3.76,1.65,4329,4329,4329,0,443.0341666666667
19.3247,-155.1937,7.14,1.86,4330,4330,4330,0,442.4488888888889
19.2725,-155.3852,2.26,1.83,4331,4331,4331,0,440.7577777777778
19.2648,-155.3843,4.5,2.54,4332,4332,4332,0,440.7102777777778
19.3307,-155.1222,7.3,1.71,4333,4333,4333,0,439.9558333333333
19.4348,-155.387,4.53,2.05,4334,4334,4334,0,439.22305555555556
19.3812,-155.0353,7.55,2.0,4335,4335,4335,0,431.3041666666667
19.4015,-155.2608,3.91,2.05,4336,4336,4336,0,423.9225
19.3073,-155.2188,7.94,1.54,4337,4337,4337,0,422.0125
19.3028,-155.2167,8.9,2.24,4338,4338,4338,0,413.2677777777778
19.2778,-155.3708,8.29,2.8,4339,4339,4339,0,412.03055555555557
19.322,-155.2007,5.97,1.59,4340,4340,4340,0,407.2447222222222
19.4313,-155.5025,10.0,1.76,4341,4341,4341,0,406.9447222222222
19.3207,-155.1475,7.32,1.98,4342,4342,4342,0,406.89222222222224
19.3045,-155.2262,6.84,1.53,4343,4343,4343,0,405.96416666666664
19.478,-155.4485,3.32,1.9,4344,4344,4344,0,403.9583333333333
19.31,-155.2142,8.49,1.92,4345,4345,4345,0,389.32472222222225
19.3368,-155.1995,7.52,2.76,4346,4346,4346,0,382.855
19.398,-155.4503,9.86,2.15,4347,4347,4347,0,375.23305555555555
19.3668,-155.0353,7.01,1.83,4348,4348,4348,0,374.99833333333333
19.3107,-155.2222,9.09,2.32,4349,4349,4349,0,374.4872222222222
19.3755,-155.0455,4.9,1.82,4350,4350,4350,0,373.0127777777778
19.5927,-155.4073,13.74,2.13,4351,4351,4351,0,366.0444444444444
19.4145,-155.3228,6.3,1.75,4352,4352,4352,0,335.2994444444444
19.3913,-155.3397,9.89,2.23,4353,4353,4353,0,331.1325
19.3977,-155.2913,3.44,2.46,4354,4354,4354,0,330.53694444444443
19.4225,-155.3267,4.34,1.51,4355,4355,4355,0,280.8
19.3752,-155.033,7.81,2.2,4356,4356,4356,0,269.4997222222222
19.3663,-155.034,5.94,1.56,4357,4357,4357,0,254.22194444444443
19.333,-155.1917,8.96,2.11,4358,4358,4358,0,243.46
19.3162,-155.2325,8.76,1.94,4359,4359,4359,0,240.7488888888889
19.3192,-155.2677,6.2,1.84,4360,4360,4360,0,223.38194444444446
19.3232,-155.1968,8.92,3.22,4361,4361,4361,0,205.23416666666665
19.3228,-155.197,7.27,1.72,4362,4362,4362,0,205.1677777777778
19.368,-155.482,9.97,3.16,4363,4363,4363,0,184.84916666666666
19.328,-155.204,6.18,1.93,4364,4364,4364,0,183.81305555555556
19.335,-155.2227,7.65,2.11,4365,4365,4365,0,183.05777777777777
19.4023,-155.2657,10.0,1.74,4366,4366,4366,0,182.68194444444444
19.345,-155.1983,7.88,2.27,4367,4367,4367,0,180.2925
19.3507,-155.4932,4.7,1.76,4368,4368,4368,0,168.46444444444444
19.3427,-155.1963,7.44,2.63,4369,4369,4369,0,163.7722222222222
19.3252,-155.1848,6.07,2.08,4370,4370,4370,0,163.29583333333332
19.3427,-155.1912,7.99,2.56,4371,4371,4371,0,150.20194444444445
19.3305,-155.2123,5.07,2.02,4372,4372,4372,0,149.3336111111111
19.4138,-155.5093,12.15,2.62,4373,4373,4373,0,145.97972222222222
19.3377,-155.1782,7.2,2.53,4374,4374,4374,0,143.67777777777778
19.3897,-155.0332,8.82,1.83,4375,4375,4375,0,142.0222222222222
19.3298,-155.1962,7.72,2.32,4376,4376,4376,0,136.94666666666666
19.369,-155.4772,10.38,3.09,4377,4377,4377,0,135.54361111111112
19.2828,-155.377,4.64,2.6,4378,4378,4378,0,134.5125
19.399,-155.2577,3.19,2.55,4379,4379,4379,0,134.47972222222222
19.2957,-155.2173,6.23,1.75,4380,4380,4380,0,131.29222222222222
19.4392,-155.5022,9.62,2.77,4381,4381,4381,0,124.20194444444445
19.3377,-155.199,8.77,2.65,4382,4382,4382,0,119.48027777777777
19.4932,-155.5037,22.28,2.73,4383,4383,4383,0,90.71916666666667
19.3563,-155.3763,11.34,1.97,4384,4384,4384,0,84.62777777777778
19.3147,-155.2148,6.25,1.8,4385,4385,4385,0,77.62361111111112
19.3245,-155.194,6.51,1.75,4386,4386,4386,0,72.7375
19.3588,-155.4693,10.45,1.63,4387,4387,4387,0,65.77805555555555
19.4312,-155.2683,8.25,1.51,4388,4388,4388,0,61.0075
19.3405,-155.2227,7.84,2.03,4389,4389,4389,0,48.75111111111111
19.3485,-155.2003,7.82,2.21,4390,4390,4390,0,42.91416666666667
19.3427,-155.2302,5.66,1.56,4391,4391,4391,0,31.621666666666666
19.3485,-155.039,7.58,3.43,4392,4392,4392,0,29.6375
19.3602,-155.031,5.82,1.76,4393,4393,4393,0,21.970833333333335
19.3802,-155.4485,9.52,1.7,4394,4394,4394,0,8.385
19.2967,-155.217,8.74,2.0,4395,4395,4395,0,1.4927777777777778
19.3312,-155.1375,7.36,1.73,4396,4396,4396,1,0.0
19.3943,-155.2598,2.5,1.75,4397,4397,4397,1,0.0
19.4103,-155.2893,2.02,1.87,4398,4398,4398,1,0.0
19.4008,-155.269,3.21,1.75,4399,4399,4399,1,0.0
19.4387,-155.2923,5.21,1.61,4400,4400,4400,1,0.0
19.32,-155.2135,6.64,2.04,4401,4401,4401,1,0.0
19.4128,-155.2767,0.89,1.75,4402,4402,4402,0,888.6197222222222
19.3237,-155.512,24.75,2.15,4403,4403,4403,0,882.0225
19.3102,-155.4398,9.62,1.6,4404,4404,4404,0,881.1836111111111
19.3242,-155.2062,6.44,1.85,4405,4405,4405,0,877.2227777777778
19.301,-155.2392,9.42,2.77,4406,4406,4406,0,873.0755555555555
19.343,-155.1882,8.98,2.05,4407,4407,4407,0,865.165
19.3645,-155.5003,9.57,2.25,4408,4408,4408,0,860.1788888888889
19.397,-155.2832,8.48,1.56,4409,4409,4409,0,852.3
19.4198,-155.5073,9.78,1.76,4410,4410,4410,0,850.3519444444445
19.3337,-155.2035,7.21,2.0,4411,4411,4411,0,847.4575
19.4482,-155.3275,6.88,1.83,4412,4412,4412,0,829.2408333333333
19.3288,-155.1958,7.6,2.43,4413,4413,4413,0,817.4644444444444
19.3348,-155.2207,5.23,1.58,4414,4414,4414,0,808.4375
19.3187,-155.1623,6.64,1.63,4415,4415,4415,0,797.1627777777778
19.346,-155.1072,6.02,1.57,4416,4416,4416,0,790.3102777777777
19.4688,-155.416,10.18,3.1,4417,4417,4417,0,790.0791666666667
19.3052,-155.2575,7.25,1.63,4418,4418,4418,0,786.2677777777777
19.3335,-155.1223,7.62,1.55,4419,4419,4419,0,786.0291666666667
19.3345,-155.1382,7.79,2.02,4420,4420,4420,0,779.6980555555556
19.4398,-155.4797,9.57,1.53,4421,4421,4421,0,766.6
19.3233,-155.2485,7.65,2.25,4422,4422,4422,0,765.7955555555556
19.3375,-155.1827,7.86,1.76,4423,4423,4423,0,759.4536111111111
19.332,-155.1895,7.93,1.58,4424,4424,4424,0,750.9758333333333
19.3545,-155.0215,7.61,2.15,4425,4425,4425,0,742.1641666666667
19.3265,-155.1995,6.56,1.59,4426,4426,4426,0,740.2363888888889
19.33,-155.1475,5.69,1.82,4427,4427,4427,0,732.5716666666667
19.338,-155.1405,8.87,2.82,4428,4428,4428,0,691.2761111111112
19.3517,-155.0398,8.34,2.39,4429,4429,4429,0,645.5547222222223
19.4773,-155.466,8.15,1.74,4430,4430,4430,0,632.1019444444445
19.3537,-155.4047,9.58,1.98,4431,4431,4431,0,613.7552777777778
19.3797,-155.4458,10.59,2.72,4432,4432,4432,0,611.9238888888889
19.3638,-155.0722,7.77,1.57,4433,4433,4433,0,602.0461111111111
19.3323,-155.2037,7.08,2.09,4434,4434,4434,0,586.6411111111111
19.3328,-155.1395,6.58,1.63,4435,4435,4435,0,573.3058333333333
19.372,-155.082,5.94,1.7,4436,4436,4436,0,570.8952777777778
19.3338,-155.198,7.93,1.99,4437,4437,4437,0,559.7627777777777
19.4197,-155.2617,14.69,1.93,4438,4438,4438,0,557.3377777777778
19.4268,-155.4582,5.14,1.56,4439,4439,4439,0,547.7377777777778
19.3382,-155.1928,9.23,3.31,4440,4440,4440,0,539.0375
19.4347,-155.4865,8.36,1.69,4441,4441,4441,0,532.5358333333334
19.2882,-155.2453,6.55,1.64,4442,4442,4442,0,530.6386111111111
19.2955,-155.49,6.92,1.71,4443,4443,4443,0,516.2922222222222
19.3377,-155.1957,8.61,2.95,4444,4444,4444,0,510.66027777777776
19.334,-155.1975,7.6,2.11,4445,4445,4445,0,493.7561111111111
19.2853,-155.5107,8.08,2.02,4446,4446,4446,0,491.82722222222225
19.3067,-155.2487,6.44,1.93,4447,4447,4447,0,486.06361111111113
19.4643,-155.4183,9.46,3.31,4448,4448,4448,0,477.905
19.4222,-155.324,6.0,1.62,4449,4449,4449,0,473.3413888888889
19.3905,-155.4995,9.44,1.66,4450,4450,4450,0,469.9125
19.3378,-155.061,6.01,1.61,4451,4451,4451,0,468.6936111111111
19.3595,-155.0847,9.1,4.33,4452,4452,4452,0,458.47833333333335
19.3533,-155.0973,6.99,1.97,4453,4453,4453,0,451.9897222222222
19.4133,-155.3288,7.25,1.73,4454,4454,4454,0,450.5311111111111
19.3452,-155.2153,9.39,1.92,4455,4455,4455,0,440.4788888888889
19.4053,-155.4442,9.9,1.71,4456,4456,4456,0,401.15722222222223
19.3357,-155.143,6.51,2.02,4457,4457,4457,0,401.05444444444447
19.2638,-155.388,8.1,1.64,4458,4458,4458,0,400.0366666666667
19.333,-155.201,7.61,1.94,4459,4459,4459,0,394.4486111111111
19.3395,-155.216,6.03,1.91,4460,4460,4460,0,392.3411111111111
19.293,-155.345,7.67,1.99,4461,4461,4461,0,390.4125
19.3025,-155.274,7.59,1.8,4462,4462,4462,0,388.7061111111111
19.3415,-155.1992,7.16,1.74,4463,4463,4463,0,380.1980555555556
19.3923,-155.499,8.79,1.61,4464,4464,4464,0,371.81361111111113
19.3857,-155.4268,10.46,1.8,4465,4465,4465,0,370.3233333333333
19.3292,-155.2087,7.65,1.66,4466,4466,4466,0,369.59805555555556
19.3857,-155.5065,8.47,1.92,4467,4467,4467,0,362.03055555555557
19.3453,-155.213,7.17,1.82,4468,4468,4468,0,361.74361111111114
19.3725,-155.037,8.08,1.83,4469,4469,4469,0,350.1947222222222
19.321,-155.2188,5.83,1.53,4470,4470,4470,0,345.19972222222225
19.3758,-155.4978,9.09,1.78,4471,4471,4471,0,336.5936111111111
19.3227,-155.1995,8.65,1.6,4472,4472,4472,0,329.57416666666666
19.3213,-155.2562,7.37,2.08,4473,4473,4473,0,324.475
19.3387,-155.1955,7.58,1.83,4474,4474,4474,0,320.50055555555554
19.3297,-155.1927,8.3,2.53,4475,4475,4475,0,316.24694444444447
19.3552,-155.5008,11.41,1.52,4476,4476,4476,0,315.93333333333334
19.2918,-155.219,6.36,1.81,4477,4477,4477,0,306.3383333333333
19.3008,-155.219,4.23,1.77,4478,4478,4478,0,300.7286111111111
19.4088,-155.4988,7.77,1.52,4479,4479,4479,0,292.715
19.3388,-155.2015,7.04,1.97,4480,4480,4480,0,289.245
19.4357,-155.4862,10.44,2.68,4481,4481,4481,0,279.3466666666667
19.373,-155.0545,5.41,1.61,4482,4482,4482,0,273.80444444444447
19.4462,-155.4998,8.25,1.99,4483,4483,4483,0,252.70833333333334
19.4455,-155.4943,9.78,2.53,4484,4484,4484,0,241.96027777777778
19.4487,-155.2685,24.35,2.06,4485,4485,4485,0,234.8347222222222
19.2887,-155.2538,6.1,1.65,4486,4486,4486,0,231.11027777777778
19.3957,-155.2635,3.2,1.66,4487,4487,4487,0,210.655
19.3438,-155.1812,8.3,1.64,4488,4488,4488,0,207.11916666666667
19.3345,-155.2,8.48,1.98,4489,4489,4489,0,199.04805555555555
19.4372,-155.502,7.53,1.85,4490,4490,4490,0,186.4763888888889
19.4288,-155.321,3.78,1.54,4491,4491,4491,0,183.8177777777778
19.3942,-155.4492,9.99,1.68,4492,4492,4492,0,161.98166666666665
19.4443,-155.488,8.95,1.72,4493,4493,4493,0,158.975
19.3583,-155.473,5.6,1.57,4494,4494,4494,0,145.075
19.2663,-155.385,6.28,1.75,4495,4495,4495,0,128.18583333333333
19.3442,-155.1975,7.79,1.87,4496,4496,4496,0,127.72111111111111
19.2617,-155.3897,5.41,1.59,4497,4497,4497,0,117.98416666666667
19.4673,-155.443,4.24,1.68,4498,4498,4498,0,98.62666666666667
19.3417,-155.1932,8.08,1.69,4499,4499,4499,0,95.98166666666667
19.3318,-155.1323,7.18,1.98,4500,4500,4500,0,92.10972222222222
19.3265,-155.1948,7.91,1.8,4501,4501,4501,0,79.78777777777778
19.313,-155.2583,6.4,1.62,4502,4502,4502,0,78.65916666666666
19.415,-155.278,9.99,1.56,4503,4503,4503,0,78.18472222222222
19.4268,-155.4888,9.84,3.18,4504,4504,4504,0,74.05222222222223
19.2972,-155.2197,6.8,1.91,4505,4505,4505,0,52.59444444444444
19.3665,-155.4677,9.5,1.55,4506,4506,4506,0,51.353611111111114
19.3403,-155.1925,8.12,2.53,4507,4507,4507,0,49.20611111111111
19.3648,-155.037,8.03,2.22,4508,4508,4508,0,35.96472222222222
19.3398,-155.3397,11.72,1.91,4509,4509,4509,0,23.684444444444445
19.3497,-155.3608,10.45,1.78,4510,4510,4510,0,16.069166666666668
19.3338,-155.2243,6.55,1.82,4511,4511,4511,0,12.95
19.323,-155.146,6.72,1.88,4512,4512,4512,0,8.762222222222222
19.3765,-155.447,10.16,1.96,4513,4513,4513,0,7.233055555555556
19.3232,-155.221,4.94,1.67,4514,4514,4514,0,2.8183333333333334
19.3433,-155.2132,8.61,1.98,4515,4515,4515,0,1.9469444444444444
19.4175,-155.284,7.82,1.55,4516,4516,4516,1,0.0
19.3345,-155.1977,7.47,1.93,4517,4517,4517,1,0.0
19.3217,-155.2252,6.3,2.6,4518,4518,4518,1,0.0
19.3408,-155.2132,6.99,2.04,4519,4519,4519,1,0.0
19.3998,-155.2623,3.42,1.78,4520,4520,4520,1,0.0
19.3965,-155.2608,2.96,2.95,4521,4521,4521,1,0.0
19.4085,-155.2885,1.76,1.54,4522,4522,4522,1,0.0
19.411,-155.292,1.89,1.65,4523,4523,4523,0,1205.4775
19.4093,-155.286,2.24,1.88,4524,4524,4524,0,1204.5941666666668
19.3415,-155.18,8.71,2.05,4525,4525,4525,0,1192.32
19.3085,-155.2313,8.48,1.83,4526,4526,4526,0,1158.7780555555555
19.4562,-155.4297,5.77,1.79,4527,4527,4527,0,1155.2188888888888
19.3768,-155.447,10.3,1.7,4528,4528,4528,0,1142.4602777777777
19.3255,-155.2235,8.52,2.3,4529,4529,4529,0,1141.973888888889
19.342,-155.1403,6.83,2.85,4530,4530,4530,0,1132.5227777777777
19.4115,-155.2935,2.21,1.51,4531,4531,4531,0,1121.6852777777779
19.4092,-155.2842,9.24,1.54,4532,4532,4532,0,1118.648888888889
19.3158,-155.2493,8.52,2.62,4533,4533,4533,0,1117.3272222222222
19.4018,-155.2842,1.95,1.84,4534,4534,4534,0,1113.8761111111112
19.377,-155.446,10.34,1.8,4535,4535,4535,0,1107.8266666666666
19.4298,-155.4952,8.89,1.99,4536,4536,4536,0,1104.2072222222223
19.3687,-155.4748,10.57,1.73,4537,4537,4537,0,1085.3741666666667
19.3297,-155.1287,5.34,1.57,4538,4538,4538,0,1077.391111111111
19.4213,-155.2597,14.88,1.62,4539,4539,4539,0,1072.268611111111
19.315,-155.2495,6.78,1.62,4540,4540,4540,0,1044.7675
19.3297,-155.1942,7.61,1.89,4541,4541,4541,0,1041.5594444444444
19.3413,-155.2202,6.8,1.63,4542,4542,4542,0,1025.0241666666666
19.3337,-155.1918,7.99,2.69,4543,4543,4543,0,1016.8761111111111
19.3943,-155.2982,10.02,1.57,4544,4544,4544,0,999.1794444444445
19.4098,-155.2837,10.24,1.54,4545,4545,4545,0,997.7866666666666
19.3638,-155.0467,8.04,2.64,4546,4546,4546,0,992.4858333333333
19.3675,-155.038,8.17,2.06,4547,4547,4547,0,992.1972222222222
19.2907,-155.235,8.19,2.5,4548,4548,4548,0,991.0169444444444
19.4152,-155.2765,10.38,1.84,4549,4549,4549,0,988.1519444444444
19.3667,-155.4327,9.96,2.62,4550,4550,4550,0,982.6858333333333
19.4125,-155.2787,6.9,1.79,4551,4551,4551,0,951.3527777777778
19.4128,-155.2875,9.15,1.65,4552,4552,4552,0,942.3211111111111
19.2907,-155.3592,6.13,2.08,4553,4553,4553,0,935.5786111111111
19.4188,-155.2888,7.15,1.53,4554,4554,4554,0,915.4741666666666
19.4058,-155.295,8.47,1.64,4555,4555,4555,0,914.2505555555556
19.3807,-155.445,9.48,1.77,4556,4556,4556,0,914.1302777777778
19.413,-155.2898,7.94,1.87,4557,4557,4557,0,905.1472222222222
19.3263,-155.1853,7.53,1.91,4558,4558,4558,0,902.8141666666667
19.405,-155.287,8.2,1.7,4559,4559,4559,0,901.8147222222223
19.4188,-155.285,8.33,1.53,4560,4560,4560,0,899.3433333333334
19.3433,-155.104,7.03,1.93,4561,4561,4561,0,898.7463888888889
19.3193,-155.2253,8.14,2.08,4562,4562,4562,0,892.4652777777778
19.4175,-155.2822,8.66,1.53,4563,4563,4563,0,890.8922222222222
19.3215,-155.1042,4.5,1.57,4564,4564,4564,0,886.6702777777778
19.3393,-155.195,8.74,1.91,4565,4565,4565,0,846.8258333333333
19.379,-155.448,9.62,2.17,4566,4566,4566,0,838.3097222222223
19.3348,-155.1943,8.84,1.83,4567,4567,4567,0,825.3994444444445
19.341,-155.2083,8.67,1.83,4568,4568,4568,0,787.0677777777778
19.418,-155.3267,5.23,1.74,4569,4569,4569,0,759.1819444444444
19.3742,-155.407,12.67,1.85,4570,4570,4570,0,757.4194444444445
19.3617,-155.0303,5.44,2.03,4571,4571,4571,0,754.7438888888889
19.4685,-155.456,3.15,1.68,4572,4572,4572,0,744.5138888888889
19.3293,-155.1918,9.0,2.06,4573,4573,4573,0,740.9225
19.3108,-155.2518,9.36,2.47,4574,4574,4574,0,725.6652777777778
19.3158,-155.2512,7.26,2.28,4575,4575,4575,0,718.5486111111111
19.4145,-155.3227,5.98,1.87,4576,4576,4576,0,717.3647222222222
19.4513,-155.486,9.72,1.7,4577,4577,4577,0,707.1202777777778
19.3217,-155.1953,7.41,1.89,4578,4578,4578,0,695.4672222222222
19.3637,-155.0362,5.36,1.67,4579,4579,4579,0,683.3633333333333
19.4742,-155.4568,4.22,1.74,4580,4580,4580,0,678.8352777777778
19.3193,-155.1955,7.55,1.91,4581,4581,4581,0,671.4225
19.3927,-155.431,8.3,1.87,4582,4582,4582,0,670.4461111111111
19.3262,-155.1958,7.29,1.69,4583,4583,4583,0,667.5263888888888
19.3677,-155.0503,7.82,1.64,4584,4584,4584,0,666.8636111111111
19.481,-155.4417,5.47,1.85,4585,4585,4585,0,666.1938888888889
19.3188,-155.1432,6.94,1.65,4586,4586,4586,0,665.1280555555555
19.4098,-155.3267,6.03,2.21,4587,4587,4587,0,661.4016666666666
19.3285,-155.2043,7.36,2.19,4588,4588,4588,0,660.7283333333334
19.3198,-155.2257,7.69,1.65,4589,4589,4589,0,660.4113888888888
19.321,-155.2283,5.88,1.62,4590,4590,4590,0,659.4436111111111
19.3857,-155.3412,9.66,2.0,4591,4591,4591,0,590.9388888888889
19.3353,-155.2037,6.94,1.85,4592,4592,4592,0,587.3258333333333
19.3088,-155.2482,7.18,1.63,4593,4593,4593,0,568.1641666666667
19.3485,-155.3602,10.34,1.76,4594,4594,4594,0,559.635
19.3327,-155.1417,7.51,2.35,4595,4595,4595,0,553.3891666666667
19.3333,-155.2032,7.06,1.73,4596,4596,4596,0,550.4594444444444
19.3247,-155.1945,7.61,1.89,4597,4597,4597,0,541.2122222222222
19.4218,-155.3207,5.62,2.92,4598,4598,4598,0,535.5869444444445
19.4202,-155.3258,4.74,2.83,4599,4599,4599,0,534.1205555555556
19.4203,-155.3222,4.25,1.91,4600,4600,4600,0,533.8233333333334
19.3423,-155.1012,6.94,2.68,4601,4601,4601,0,528.5927777777778
19.3482,-155.4942,5.64,1.99,4602,4602,4602,0,526.1477777777778
19.4175,-155.322,6.44,1.66,4603,4603,4603,0,526.0308333333334
19.3993,-155.2922,1.34,1.78,4604,4604,4604,0,517.4397222222223
19.3695,-155.4782,10.01,2.06,4605,4605,4605,0,502.54805555555555
19.4505,-155.4027,10.67,2.2,4606,4606,4606,0,482.03555555555556
19.488,-155.4447,6.93,1.63,4607,4607,4607,0,470.0108333333333
19.3,-155.2207,6.85,2.1,4608,4608,4608,0,466.7683333333333
19.3517,-155.4565,9.57,2.0,4609,4609,4609,0,462.4472222222222
19.3707,-155.4833,9.43,1.63,4610,4610,4610,0,449.1558333333333
19.3778,-155.4993,9.0,1.59,4611,4611,4611,0,441.80083333333334
19.3523,-155.1032,6.68,1.84,4612,4612,4612,0,433.2366666666667
19.3828,-155.047,7.83,2.26,4613,4613,4613,0,430.95166666666665
19.4142,-155.4492,5.89,1.55,4614,4614,4614,0,407.0855555555556
19.3388,-155.1798,8.92,1.72,4615,4615,4615,0,392.3475
19.3193,-155.2275,7.23,2.02,4616,4616,4616,0,384.3936111111111
19.3273,-155.2063,5.81,1.74,4617,4617,4617,0,381.80944444444447
19.2758,-155.3692,8.0,3.2,4618,4618,4618,0,377.3888888888889
19.276,-155.3638,5.82,1.64,4619,4619,4619,0,377.34444444444443
19.2778,-155.3645,6.91,2.12,4620,4620,4620,0,376.73
19.4408,-155.4838,8.3,1.84,4621,4621,4621,0,367.37611111111113
19.3705,-155.0095,6.68,1.85,4622,4622,4622,0,366.4633333333333
19.3183,-155.2205,6.45,1.9,4623,4623,4623,0,326.5425
19.3945,-155.2753,2.88,1.88,4624,4624,4624,0,323.06666666666666
19.412,-155.3328,6.56,2.04,4625,4625,4625,0,322.5133333333333
19.394,-155.2817,3.06,1.64,4626,4626,4626,0,310.56055555555554
19.3918,-155.35,8.87,1.96,4627,4627,4627,0,303.06444444444446
19.2768,-155.4403,9.17,1.93,4628,4628,4628,0,301.00666666666666
19.4182,-155.2618,15.95,2.84,4629,4629,4629,0,299.24305555555554
19.4045,-155.2802,9.18,1.54,4630,4630,4630,0,295.92861111111114
19.3418,-155.1925,6.81,2.1,4631,4631,4631,0,292.8666666666667
19.4572,-155.395,11.64,2.73,4632,4632,4632,0,291.04583333333335
19.3753,-155.0437,6.34,1.55,4633,4633,4633,0,281.2375
19.3852,-155.4575,10.08,2.11,4634,4634,4634,0,269.10805555555555
19.4592,-155.3935,11.33,2.68,4635,4635,4635,0,258.7036111111111
19.371,-155.498,8.86,2.24,4636,4636,4636,0,257.36555555555555
19.3808,-155.4263,10.8,1.66,4637,4637,4637,0,256.2783333333333
19.2815,-155.3683,4.78,1.61,4638,4638,4638,0,240.57638888888889
19.4298,-155.3597,10.18,2.89,4639,4639,4639,0,238.10888888888888
19.421,-155.4888,9.12,1.65,4640,4640,4640,0,233.90944444444443
19.3373,-155.2148,5.72,1.59,4641,4641,4641,0,231.74277777777777
19.3105,-155.2602,6.79,1.63,4642,4642,4642,0,218.20111111111112
19.3598,-155.0447,7.01,1.74,4643,4643,4643,0,215.18722222222223
19.3078,-155.2215,5.25,1.61,4644,4644,4644,0,211.2275
19.3195,-155.477,9.51,1.77,4645,4645,4645,0,211.0063888888889
19.3592,-155.0315,8.02,2.79,4646,4646,4646,0,203.30833333333334
19.3585,-155.0298,6.31,1.65,4647,4647,4647,0,203.2811111111111
19.3598,-155.035,6.86,2.84,4648,4648,4648,0,201.7552777777778
19.364,-155.1185,7.35,1.81,4649,4649,4649,0,179.35583333333332
19.3642,-155.5035,4.54,1.81,4650,4650,4650,0,176.25583333333333
19.3513,-155.4927,4.62,2.67,4651,4651,4651,0,174.275
19.3428,-155.2025,7.05,1.71,4652,4652,4652,0,161.315
19.4118,-155.3198,5.66,1.63,4653,4653,4653,0,155.14083333333335
19.3837,-155.4498,9.66,1.65,4654,4654,4654,0,155.1161111111111
19.4107,-155.5063,10.93,1.59,4655,4655,4655,0,153.68722222222223
19.3152,-155.2233,7.06,1.61,4656,4656,4656,0,134.08194444444445
19.4243,-155.4812,10.02,1.69,4657,4657,4657,0,134.01611111111112
19.3207,-155.1502,7.76,1.99,4658,4658,4658,0,119.06694444444445
19.3237,-155.2725,8.04,2.22,4659,4659,4659,0,117.5125
19.324,-155.1945,6.7,1.59,4660,4660,4660,0,105.17111111111112
19.3188,-155.2515,4.36,1.61,4661,4661,4661,0,103.54305555555555
19.3293,-155.4143,11.8,2.02,4662,4662,4662,0,86.3488888888889
19.3723,-155.4983,9.83,1.75,4663,4663,4663,0,82.48638888888888
19.327,-155.1865,6.71,1.88,4664,4664,4664,0,69.28305555555555
19.353,-155.0467,6.69,2.24,4665,4665,4665,0,68.99722222222222
19.403,-155.2653,2.83,1.53,4666,4666,4666,0,68.24055555555556
19.374,-155.4468,10.29,1.7,4667,4667,4667,0,62.95666666666666
19.3362,-155.1718,8.72,2.27,4668,4668,4668,0,60.199444444444445
19.3777,-155.0148,7.49,1.84,4669,4669,4669,0,57.179722222222225
19.3892,-155.044,7.82,1.54,4670,4670,4670,0,47.954166666666666
19.3133,-155.4377,9.42,1.57,4671,4671,4671,0,37.65638888888889
19.3212,-155.157,4.41,1.67,4672,4672,4672,0,34.034166666666664
19.4468,-155.5003,10.5,3.08,4673,4673,4673,0,32.25194444444445
19.3262,-155.2018,5.72,1.83,4674,4674,4674,0,30.418055555555554
19.3325,-155.1988,9.37,2.96,4675,4675,4675,0,30.197222222222223
19.3237,-155.1953,5.55,2.14,4676,4676,4676,0,29.37611111111111
19.3358,-155.196,7.39,2.13,4677,4677,4677,0,23.386666666666667
19.3333,-155.1398,5.47,2.15,4678,4678,4678,0,22.17527777777778
19.3633,-155.0852,7.19,1.54,4679,4679,4679,0,22.10472222222222
19.4333,-155.3033,5.19,1.52,4680,4680,4680,0,18.356666666666666
19.413,-155.3025,7.65,1.54,4681,4681,4681,0,14.621944444444445
19.4077,-155.2923,16.78,2.89,4682,4682,4682,0,13.557777777777778
19.2985,-155.2153,8.7,2.01,4683,4683,4683,0,8.679166666666667
19.3323,-155.1975,7.12,1.87,4684,4684,4684,0,5.336666666666667
19.4353,-155.4825,8.36,2.02,4685,4685,4685,0,0.9730555555555556
19.317,-155.2233,8.76,2.21,4686,4686,4686,0,0.35055555555555556
19.3102,-155.2228,4.77,1.67,4687,4687,4687,0,0.18333333333333332
19.3085,-155.2193,7.24,1.8,4688,4688,4688,0,0.041944444444444444
19.306,-155.2208,7.34,1.82,4689,4689,4689,1,0.0
19.3042,-155.2188,8.09,1.7,4690,4690,4690,1,0.0
19.3355,-155.0623,6.34,2.14,4691,4691,4691,1,0.0
19.3113,-155.2228,7.53,1.71,4692,4692,4692,1,0.0
19.3207,-155.2205,6.43,1.79,4693,4693,4693,1,0.0
19.4028,-155.276,9.47,1.54,4694,4694,4694,1,0.0
19.359,-155.0407,6.11,1.87,4695,4695,4695,1,0.0
19.3305,-155.1765,7.19,1.95,4696,4696,4696,1,0.0
19.4025,-155.2878,16.07,2.8,4697,4697,4697,1,0.0
19.4835,-155.4532,5.21,1.6,4698,4698,4698,1,0.0
19.358,-155.4733,10.3,2.11,4699,4699,4699,0,536.5388888888889
19.3115,-155.217,9.42,3.0,4700,4700,4700,0,530.7697222222222
19.2922,-155.2168,7.87,2.26,4701,4701,4701,0,530.5038888888889
19.3052,-155.2142,9.75,2.87,4702,4702,4702,0,530.0480555555556
19.3018,-155.2135,9.66,1.93,4703,4703,4703,0,529.5205555555556
19.304,-155.214,10.29,2.76,4704,4704,4704,0,529.5186111111111
19.2965,-155.2715,8.01,1.95,4705,4705,4705,0,528.205
19.2942,-155.215,7.75,2.11,4706,4706,4706,0,525.3527777777778
19.2947,-155.2142,7.22,1.7,4707,4707,4707,0,525.0230555555555
19.327,-155.4833,9.87,1.69,4708,4708,4708,0,517.86
19.3317,-155.4865,9.39,1.69,4709,4709,4709,0,517.6786111111111
19.5608,-155.1685,24.42,2.89,4710,4710,4710,0,501.21722222222223
19.4347,-155.485,9.72,2.25,4711,4711,4711,0,490.13444444444445
19.34,-155.21,5.88,1.97,4712,4712,4712,0,487.6047222222222
19.3172,-155.222,8.85,2.53,4713,4713,4713,0,469.8102777777778
19.3093,-155.2213,6.35,2.09,4714,4714,4714,0,469.795
19.3073,-155.222,6.39,1.62,4715,4715,4715,0,468.9711111111111
19.307,-155.2193,7.99,1.92,4716,4716,4716,0,468.75138888888887
19.3825,-155.4555,10.13,2.0,4717,4717,4717,0,460.28194444444443
19.3327,-155.1867,6.93,1.88,4718,4718,4718,0,440.8619444444444
19.4073,-155.2923,16.8,2.91,4719,4719,4719,0,438.92583333333334
19.3705,-155.4785,10.05,3.26,4720,4720,4720,0,438.3713888888889
19.3278,-155.1725,8.02,1.58,4721,4721,4721,0,428.2825
19.4103,-155.5048,11.47,1.82,4722,4722,4722,0,424.34777777777776
19.4332,-155.3017,7.3,1.53,4723,4723,4723,0,423.9716666666667
19.3725,-155.3552,9.79,2.27,4724,4724,4724,0,421.28694444444443
19.3403,-155.1968,6.8,2.35,4725,4725,4725,0,418.8594444444444
19.4335,-155.4898,8.76,1.6,4726,4726,4726,0,417.37305555555554
19.3215,-155.2142,6.95,1.9,4727,4727,4727,0,398.74055555555555
19.3397,-155.2032,8.67,2.6,4728,4728,4728,0,394.0486111111111
19.3288,-155.2027,6.8,1.91,4729,4729,4729,0,393.7727777777778
19.3137,-155.1927,6.72,1.63,4730,4730,4730,0,380.6361111111111
19.358,-155.4805,8.23,1.6,4731,4731,4731,0,379.6586111111111
19.3488,-155.4823,6.79,1.63,4732,4732,4732,0,371.7888888888889
19.4655,-155.4237,8.39,1.8,4733,4733,4733,0,371.2705555555556
19.3345,-155.1277,6.81,2.02,4734,4734,4734,0,355.91805555555555
19.3165,-155.2137,7.11,1.65,4735,4735,4735,0,353.6125
19.4725,-155.459,5.07,1.69,4736,4736,4736,0,353.37944444444446
19.4495,-155.4818,9.91,1.73,4737,4737,4737,0,351.62888888888887
19.4068,-155.3133,6.07,1.55,4738,4738,4738,0,347.98305555555555
19.4047,-155.4265,10.27,2.77,4739,4739,4739,0,347.2005555555556
19.381,-155.2868,9.22,1.77,4740,4740,4740,0,334.7266666666667
19.3318,-155.1173,6.43,1.95,4741,4741,4741,0,331.1138888888889
19.3902,-155.0457,6.9,1.61,4742,4742,4742,0,330.42805555555555
19.332,-155.139,6.76,1.61,4743,4743,4743,0,319.6566666666667
19.3225,-155.1912,7.1,1.59,4744,4744,4744,0,314.7633333333333
19.3538,-155.0445,6.15,2.14,4745,4745,4745,0,311.7988888888889
19.2797,-155.5045,9.61,1.86,4746,4746,4746,0,297.1327777777778
19.4072,-155.2697,4.05,1.83,4747,4747,4747,0,295.41527777777776
19.4182,-155.503,7.56,1.71,4748,4748,4748,0,294.0386111111111
19.3187,-155.2552,6.49,1.62,4749,4749,4749,0,284.08166666666665
19.3348,-155.1413,6.85,1.74,4750,4750,4750,0,282.96944444444443
19.3345,-155.161,6.83,1.87,4751,4751,4751,0,276.45444444444445
19.3258,-155.1948,6.74,1.59,4752,4752,4752,0,273.3713888888889
19.3308,-155.1313,5.96,2.04,4753,4753,4753,0,272.075
19.2555,-155.451,7.73,1.55,4754,4754,4754,0,259.31666666666666
19.3668,-155.0407,8.13,1.61,4755,4755,4755,0,257.20444444444445
19.3113,-155.2145,8.39,1.91,4756,4756,4756,0,236.87722222222223
19.3093,-155.2162,6.08,1.61,4757,4757,4757,0,235.4438888888889
19.5285,-155.476,6.02,2.2,4758,4758,4758,0,230.16083333333333
19.3645,-155.4432,10.84,2.18,4759,4759,4759,0,225.76888888888888
19.3192,-155.1955,6.26,1.59,4760,4760,4760,0,225.57861111111112
19.3587,-155.045,7.1,2.32,4761,4761,4761,0,215.3011111111111
19.3218,-155.1922,4.51,1.63,4762,4762,4762,0,208.80777777777777
19.4128,-155.2828,9.79,1.54,4763,4763,4763,0,206.16416666666666
19.412,-155.2852,8.79,1.84,4764,4764,4764,0,201.5402777777778
19.4265,-155.2882,10.81,1.53,4765,4765,4765,0,201.18694444444444
19.412,-155.2925,5.83,1.84,4766,4766,4766,0,185.1038888888889
19.3998,-155.2643,3.34,1.63,4767,4767,4767,0,184.35361111111112
19.3782,-155.0077,8.34,2.18,4768,4768,4768,0,158.84194444444444
19.3297,-155.1382,7.7,1.81,4769,4769,4769,0,158.43666666666667
19.3395,-155.107,7.63,2.26,4770,4770,4770,0,152.44361111111112
19.3392,-155.1887,8.7,2.05,4771,4771,4771,0,133.32361111111112
19.4353,-155.4927,10.17,2.18,4772,4772,4772,0,131.76222222222222
19.3117,-155.2548,5.8,1.87,4773,4773,4773,0,131.6822222222222
19.4435,-155.4907,8.2,1.91,4774,4774,4774,0,128.9427777777778
19.4195,-155.2853,9.75,1.53,4775,4775,4775,0,126.97583333333333
19.3377,-155.1362,7.85,1.56,4776,4776,4776,0,123.65916666666666
19.3732,-155.2978,26.89,4.51,4777,4777,4777,0,122.79333333333334
19.3315,-155.1428,8.22,2.85,4778,4778,4778,0,107.13055555555556
19.3348,-155.1097,7.19,1.56,4779,4779,4779,0,102.55916666666667
19.357,-155.0333,5.08,1.56,4780,4780,4780,0,99.82
19.341,-155.1847,7.15,1.53,4781,4781,4781,0,98.21138888888889
19.2653,-155.2248,5.54,1.89,4782,4782,4782,0,95.16388888888889
19.3378,-155.4023,12.98,1.59,4783,4783,4783,0,91.00694444444444
19.3295,-155.201,7.28,1.58,4784,4784,4784,0,90.14444444444445
19.3437,-155.5025,7.29,2.08,4785,4785,4785,0,87.47694444444444
19.3997,-155.4525,10.03,1.8,4786,4786,4786,0,85.68944444444445
19.3782,-155.3442,9.98,1.97,4787,4787,4787,0,58.759166666666665
19.4888,-155.4617,3.66,2.83,4788,4788,4788,0,57.01611111111111
19.4245,-155.331,4.71,1.59,4789,4789,4789,0,46.160555555555554
19.4193,-155.5085,11.25,2.13,4790,4790,4790,0,32.409166666666664
19.3092,-155.4572,7.96,1.87,4791,4791,4791,0,31.641666666666666
19.3312,-155.1967,8.3,2.19,4792,4792,4792,0,31.235555555555557
19.3265,-155.1832,6.98,1.9,4793,4793,4793,0,24.894166666666667
19.2778,-155.372,7.54,2.36,4794,4794,4794,0,20.9375
19.3765,-155.016,7.6,1.88,4795,4795,4795,0,9.313611111111111
19.3913,-155.4493,9.99,2.28,4796,4796,4796,1,0.0
19.3817,-155.3075,5.81,1.57,4797,4797,4797,1,0.0
19.3312,-155.177,7.2,2.05,4798,4798,4798,1,0.0
19.4,-155.2953,8.09,2.16,4799,4799,4799,1,0.0
19.3382,-155.2163,6.9,1.8,4800,4800,4800,1,0.0
19.4378,-155.4855,10.21,3.0,4801,4801,4801,1,0.0
19.346,-155.1988,8.34,2.57,4802,4802,4802,1,0.0
19.3352,-155.196,7.41,1.96,4803,4803,4803,1,0.0
19.3428,-155.1933,8.64,2.05,4804,4804,4804,1,0.0
19.4158,-155.2798,8.12,1.53,4805,4805,4805,1,0.0
19.414,-155.2878,7.94,1.54,4806,4806,4806,1,0.0
19.3988,-155.268,2.91,2.59,4807,4807,4807,0,441.9375
19.3358,-155.209,8.81,2.49,4808,4808,4808,0,441.4488888888889
19.3307,-155.1428,8.02,2.75,4809,4809,4809,0,419.4136111111111
19.3767,-155.0307,5.42,1.6,4810,4810,4810,0,376.46527777777777
19.3608,-155.3198,26.25,1.61,4811,4811,4811,0,365.7575
19.3173,-155.216,8.18,2.08,4812,4812,4812,0,346.6297222222222
19.39,-155.4547,10.36,2.13,4813,4813,4813,0,343.09222222222223
19.3438,-155.1488,8.19,2.01,4814,4814,4814,0,332.56666666666666
19.3285,-155.1987,8.14,1.91,4815,4815,4815,0,295.9238888888889
19.3277,-155.2075,7.49,2.11,4816,4816,4816,0,294.6697222222222
19.356,-155.0452,5.72,1.52,4817,4817,4817,0,289.60555555555555
19.3692,-155.4478,9.2,2.5,4818,4818,4818,0,287.8238888888889
19.4778,-155.4687,9.49,1.77,4819,4819,4819,0,286.3822222222222
19.3242,-155.1325,6.48,1.59,4820,4820,4820,0,265.71555555555557
19.3392,-155.1903,7.68,1.87,4821,4821,4821,0,256.5511111111111
19.311,-155.2523,7.65,1.7,4822,4822,4822,0,251.1472222222222
19.3265,-155.144,8.23,1.79,4823,4823,4823,0,226.52583333333334
19.344,-155.1935,9.62,2.27,4824,4824,4824,0,223.4663888888889
19.3375,-155.2157,7.27,1.84,4825,4825,4825,0,213.36194444444445
19.3232,-155.1612,6.43,1.8,4826,4826,4826,0,206.86194444444445
19.3425,-155.1705,8.36,2.34,4827,4827,4827,0,206.3738888888889
19.3292,-155.192,7.72,1.69,4828,4828,4828,0,197.99305555555554
19.3393,-155.2155,7.29,1.76,4829,4829,4829,0,182.86666666666667
19.3757,-155.0747,8.39,2.08,4830,4830,4830,0,182.4477777777778
19.3982,-155.4602,10.47,2.85,4831,4831,4831,0,179.69194444444443
19.5248,-155.2463,25.42,2.52,4832,4832,4832,0,178.54861111111111
19.3855,-155.3495,10.92,2.08,4833,4833,4833,0,173.74083333333334
19.2758,-155.4717,7.93,1.83,4834,4834,4834,0,165.5222222222222
19.3332,-155.195,6.86,1.63,4835,4835,4835,0,163.50305555555556
19.4267,-155.364,8.52,1.57,4836,4836,4836,0,162.0638888888889
19.3315,-155.1277,8.96,2.05,4837,4837,4837,0,149.23083333333332
19.2707,-155.2118,7.18,1.59,4838,4838,4838,0,127.41
19.3713,-155.0728,7.64,1.8,4839,4839,4839,0,126.36833333333334
19.3972,-155.4428,10.53,2.03,4840,4840,4840,0,120.24666666666667
19.328,-155.1942,7.07,1.86,4841,4841,4841,0,100.7625
19.3275,-155.1042,5.04,1.87,4842,4842,4842,0,80.4325
19.29,-155.4522,8.85,1.63,4843,4843,4843,0,79.9186111111111
19.4117,-155.3208,7.07,1.73,4844,4844,4844,0,76.1836111111111
19.4038,-155.2775,15.65,1.57,4845,4845,4845,0,68.68222222222222
19.3327,-155.123,8.45,2.16,4846,4846,4846,0,59.925
19.372,-155.4572,11.13,1.98,4847,4847,4847,0,55.549166666666665
19.4213,-155.3297,6.09,1.85,4848,4848,4848,0,52.28194444444444
19.3407,-155.2093,7.6,1.7,4849,4849,4849,0,46.477222222222224
19.3708,-155.4822,9.59,1.72,4850,4850,4850,1,0.0
19.5308,-155.1987,23.94,2.56,4851,4851,4851,1,0.0
19.425,-155.3205,6.46,1.54,4852,4852,4852,1,0.0
19.382,-155.4598,10.19,2.09,4853,4853,4853,1,0.0
19.3048,-155.217,9.47,2.1,4854,4854,4854,1,0.0
19.3538,-155.4067,10.55,1.74,4855,4855,4855,1,0.0
19.3615,-155.5043,8.97,1.54,4856,4856,4856,1,0.0
19.4037,-155.2693,18.91,1.88,4857,4857,4857,1,0.0
19.342,-155.1937,8.59,2.35,4858,4858,4858,1,0.0
19.3297,-155.192,8.17,1.96,4859,4859,4859,1,0.0
19.324,-155.2522,8.6,2.2,4860,4860,4860,1,0.0
19.364,-155.0275,6.06,2.53,4861,4861,4861,1,0.0
19.3082,-155.2558,8.64,2.11,4862,4862,4862,1,0.0
19.4173,-155.3183,5.32,1.65,4863,4863,4863,1,0.0
19.3243,-155.1875,6.82,1.86,4864,4864,4864,1,0.0
19.3205,-155.1603,7.63,2.24,4865,4865,4865,1,0.0
19.2967,-155.4635,9.13,1.76,4866,4866,4866,1,0.0
19.4173,-155.3207,5.46,2.71,4867,4867,4867,1,0.0
19.332,-155.1415,5.59,1.87,4868,4868,4868,1,0.0
19.3332,-155.1255,7.28,1.87,4869,4869,4869,1,0.0
19.3605,-155.1107,7.7,1.79,4870,4870,4870,1,0.0
19.3797,-155.032,8.08,2.53,4871,4871,4871,1,0.0
19.3918,-155.3852,10.13,1.62,4872,4872,4872,1,0.0
19.3462,-155.2177,7.16,1.87,4873,4873,4873,1,0.0
19.4003,-155.267,3.08,1.93,4874,4874,4874,1,0.0
19.3312,-155.199,6.79,1.88,4875,4875,4875,1,0.0
19.3578,-155.4302,9.49,2.02,4876,4876,4876,1,0.0
19.3178,-155.2177,5.57,1.86,4877,4877,4877,1,0.0
19.202,-155.4483,2.47,1.66,4878,4878,4878,1,0.0
19.3148,-155.2257,5.35,1.86,4879,4879,4879,1,0.0
19.2782,-155.3738,7.51,2.11,4880,4880,4880,1,0.0
19.3248,-155.195,8.89,1.59,4881,4881,4881,1,0.0
19.363,-155.1097,7.62,2.05,4882,4882,4882,1,0.0
19.3167,-155.2215,9.5,2.61,4883,4883,4883,1,0.0
19.2973,-155.2168,7.69,2.36,4884,4884,4884,1,0.0
19.4242,-155.3262,5.74,1.79,4885,4885,4885,1,0.0
19.3618,-155.4425,9.66,1.82,4886,4886,4886,1,0.0
19.3608,-155.4425,10.18,2.25,4887,4887,4887,1,0.0
19.3548,-155.3875,9.8,1.6,4888,4888,4888,1,0.0
19.3752,-155.0685,8.31,2.06,4889,4889,4889,1,0.0
19.2945,-155.2172,6.78,2.04,4890,4890,4890,1,0.0
19.3033,-155.2477,6.6,1.64,4891,4891,4891,1,0.0
19.3317,-155.1692,6.71,1.82,4892,4892,4892,0,474.4472222222222
19.3277,-155.136,6.93,1.57,4893,4893,4893,0,470.0622222222222
19.4657,-155.4455,9.12,2.62,4894,4894,4894,0,462.53222222222223
19.3292,-155.1953,7.76,2.36,4895,4895,4895,0,458.7969444444444
19.3345,-155.262,6.45,1.63,4896,4896,4896,0,447.6675
19.3542,-155.2775,26.0,2.55,4897,4897,4897,0,437.3463888888889
19.363,-155.4993,9.58,2.06,4898,4898,4898,0,426.6763888888889
19.326,-155.1933,6.58,1.59,4899,4899,4899,0,425.9813888888889
19.3382,-155.2208,6.81,1.72,4900,4900,4900,0,403.32166666666666
19.336,-155.1222,8.47,2.29,4901,4901,4901,0,395.0463888888889
19.3652,-155.0145,2.41,1.65,4902,4902,4902,0,386.1958333333333
19.3562,-155.1065,6.78,1.58,4903,4903,4903,0,383.73527777777775
19.369,-155.095,7.65,1.86,4904,4904,4904,0,382.21305555555557
19.3527,-155.1083,5.4,1.62,4905,4905,4905,0,380.03055555555557
19.4555,-155.4727,8.65,1.83,4906,4906,4906,0,379.4161111111111
19.3308,-155.2043,6.84,1.67,4907,4907,4907,0,378.9952777777778
19.2802,-155.2548,10.23,2.24,4908,4908,4908,0,353.96722222222223
19.4448,-155.487,10.6,2.15,4909,4909,4909,0,340.31694444444446
19.3617,-155.0993,7.19,1.86,4910,4910,4910,0,339.91083333333336
19.3928,-155.4345,10.97,2.0,4911,4911,4911,0,334.3625
19.4292,-155.3645,9.07,2.23,4912,4912,4912,0,322.065
19.2605,-155.4997,8.86,2.18,4913,4913,4913,0,320.49888888888887
19.2752,-155.3705,7.33,2.86,4914,4914,4914,0,294.63194444444446
19.3242,-155.2,7.41,1.89,4915,4915,4915,0,291.49916666666667
19.3417,-155.2142,7.09,1.75,4916,4916,4916,0,284.73777777777775
19.3362,-155.1978,8.1,2.36,4917,4917,4917,0,275.8536111111111
19.3423,-155.1328,7.24,2.03,4918,4918,4918,0,272.30027777777775
19.3387,-155.1982,8.47,1.58,4919,4919,4919,0,267.8988888888889
19.3215,-155.1713,6.24,1.68,4920,4920,4920,0,263.2372222222222
19.3285,-155.2052,7.11,2.29,4921,4921,4921,0,244.1886111111111
19.3115,-155.2198,8.62,2.22,4922,4922,4922,0,227.57638888888889
19.3173,-155.2193,9.13,2.69,4923,4923,4923,0,225.98083333333332
19.345,-155.2063,8.0,1.87,4924,4924,4924,0,214.94861111111112
19.493,-155.4607,5.96,2.08,4925,4925,4925,0,198.03555555555556
19.3827,-155.4448,10.11,2.19,4926,4926,4926,0,184.3336111111111
19.3358,-155.1965,7.63,1.91,4927,4927,4927,0,181.20694444444445
19.3428,-155.2,7.93,3.07,4928,4928,4928,0,179.10055555555556
19.3732,-155.076,6.71,2.0,4929,4929,4929,0,178.01722222222222
19.2842,-155.3785,5.13,2.04,4930,4930,4930,0,177.28305555555556
19.3415,-155.1808,7.53,2.69,4931,4931,4931,0,174.81472222222223
19.3042,-155.2248,7.73,1.62,4932,4932,4932,0,165.8425
19.372,-155.2317,3.44,1.52,4933,4933,4933,0,162.39055555555555
19.3188,-155.1653,6.73,1.88,4934,4934,4934,0,151.89166666666668
19.4162,-155.323,5.3,1.55,4935,4935,4935,0,150.97027777777777
19.3387,-155.1222,8.14,2.33,4936,4936,4936,0,146.48416666666665
19.351,-155.1015,7.53,1.73,4937,4937,4937,0,138.55583333333334
19.3573,-155.0978,7.07,1.54,4938,4938,4938,0,138.45833333333334
19.2928,-155.2537,6.73,1.65,4939,4939,4939,0,132.20916666666668
19.415,-155.3333,6.7,2.04,4940,4940,4940,0,126.91555555555556
19.3545,-155.0423,7.22,2.02,4941,4941,4941,0,120.29805555555555
19.339,-155.1993,8.11,1.8,4942,4942,4942,0,118.57805555555555
19.3325,-155.1452,5.94,1.87,4943,4943,4943,0,114.61277777777778
19.3452,-155.1127,6.8,2.11,4944,4944,4944,0,102.18861111111111
19.3305,-155.1353,7.38,1.99,4945,4945,4945,0,75.28861111111111
19.3172,-155.2548,6.77,1.92,4946,4946,4946,0,56.903333333333336
19.3443,-155.2142,7.47,2.05,4947,4947,4947,0,56.32805555555556
19.3982,-155.283,16.2,1.54,4948,4948,4948,0,51.95361111111111
19.3678,-155.4652,6.86,2.63,4949,4949,4949,0,51.77361111111111
19.3598,-155.5015,9.28,2.1,4950,4950,4950,0,51.50416666666667
19.3957,-155.2597,3.09,2.71,4951,4951,4951,0,50.44166666666667
19.399,-155.2632,3.54,1.7,4952,4952,4952,0,49.01611111111111
19.3663,-155.0965,6.56,1.65,4953,4953,4953,0,38.95916666666667
19.3328,-155.2047,6.67,1.79,4954,4954,4954,0,37.522222222222226
19.3258,-155.1365,8.02,1.85,4955,4955,4955,0,37.13916666666667
19.3675,-155.484,9.9,1.65,4956,4956,4956,0,35.50861111111111
19.42,-155.3175,5.87,2.87,4957,4957,4957,0,32.445277777777775
19.415,-155.3213,6.2,1.77,4958,4958,4958,0,32.42388888888889
19.3592,-155.1032,7.02,1.72,4959,4959,4959,0,31.683055555555555
19.4437,-155.438,4.59,1.57,4960,4960,4960,0,21.9475
19.2842,-155.2515,6.11,1.87,4961,4961,4961,0,20.413611111111113
19.3735,-155.045,6.61,1.52,4962,4962,4962,0,15.752222222222223
19.3725,-155.5002,9.29,1.63,4963,4963,4963,0,14.973888888888888
19.3525,-155.0455,4.6,1.54,4964,4964,4964,0,5.056388888888889
19.4508,-155.4935,9.64,1.72,4965,4965,4965,1,0.0
19.367,-155.1143,7.73,1.57,4966,4966,4966,1,0.0
19.4558,-155.4953,8.89,1.67,4967,4967,4967,1,0.0
19.448,-155.4758,8.75,1.81,4968,4968,4968,1,0.0
19.327,-155.2298,9.69,3.44,4969,4969,4969,1,0.0
19.5908,-155.368,8.34,2.61,4970,4970,4970,1,0.0
19.4038,-155.2703,3.46,1.81,4971,4971,4971,0,490.69944444444445
19.398,-155.2672,3.16,1.63,4972,4972,4972,0,481.9166666666667
19.2703,-155.252,7.16,1.68,4973,4973,4973,0,470.88388888888886
19.344,-155.218,8.1,1.66,4974,4974,4974,0,469.245
19.3572,-155.0533,7.56,2.88,4975,4975,4975,0,456.54305555555555
19.3722,-155.5022,9.53,1.76,4976,4976,4976,0,453.1827777777778
19.3327,-155.168,7.43,1.85,4977,4977,4977,0,441.6427777777778
19.4308,-155.3303,6.77,2.06,4978,4978,4978,0,435.92555555555555
19.2878,-155.4645,10.64,1.57,4979,4979,4979,0,434.50555555555553
19.3322,-155.1952,9.56,2.93,4980,4980,4980,0,432.9813888888889
19.3308,-155.2028,8.16,1.62,4981,4981,4981,0,432.0808333333333
19.3462,-155.165,6.9,1.69,4982,4982,4982,0,423.46305555555557
19.3305,-155.2142,6.64,1.59,4983,4983,4983,0,420.93555555555554
19.428,-155.4652,8.73,2.38,4984,4984,4984,0,412.6111111111111
19.4212,-155.5083,9.83,1.78,4985,4985,4985,0,401.32194444444445
19.3312,-155.1348,7.98,2.05,4986,4986,4986,0,395.25305555555553
19.3708,-155.4972,9.79,2.42,4987,4987,4987,0,385.6038888888889
19.3228,-155.2188,9.3,2.78,4988,4988,4988,0,383.9197222222222
19.3128,-155.2173,3.98,1.98,4989,4989,4989,0,383.89
19.314,-155.2195,4.11,1.84,4990,4990,4990,0,382.065
19.3308,-155.0643,7.19,1.9,4991,4991,4991,0,372.35777777777776
19.3495,-155.5047,8.81,1.78,4992,4992,4992,0,347.1122222222222
19.4262,-155.3297,7.71,2.94,4993,4993,4993,0,346.06888888888886
19.369,-155.4577,9.72,1.97,4994,4994,4994,0,341.03027777777777
19.3307,-155.1333,7.0,1.67,4995,4995,4995,0,337.9172222222222
19.3223,-155.264,7.42,2.18,4996,4996,4996,0,296.4769444444444
19.3412,-155.055,6.01,1.55,4997,4997,4997,0,289.12305555555554
19.3207,-155.2562,6.64,1.61,4998,4998,4998,0,271.54277777777776
19.3922,-155.4262,11.04,2.04,4999,4999,4999,0,250.87972222222223
19.3732,-155.4783,9.51,1.73,5000,5000,5000,0,249.63194444444446
19.3728,-155.4797,10.55,1.54,5001,5001,5001,0,219.0038888888889
19.3335,-155.1955,9.67,3.19,5002,5002,5002,0,206.0088888888889
19.3472,-155.0435,6.38,2.73,5003,5003,5003,0,204.9125
19.4695,-155.449,7.56,1.54,5004,5004,5004,0,201.3827777777778
19.2988,-155.2613,8.77,2.35,5005,5005,5005,0,188.69333333333333
19.3695,-155.4898,9.72,1.74,5006,5006,5006,0,188.24666666666667
19.3308,-155.1248,6.67,1.62,5007,5007,5007,0,180.65416666666667
19.3532,-155.0515,5.15,1.64,5008,5008,5008,0,172.96
19.3308,-155.1885,6.12,1.88,5009,5009,5009,0,170.29694444444445
19.3318,-155.1955,6.99,1.85,5010,5010,5010,0,168.685
19.3098,-155.2525,6.57,1.99,5011,5011,5011,0,167.07888888888888
19.3085,-155.221,5.57,1.87,5012,5012,5012,0,163.25305555555556
19.3067,-155.2223,5.56,1.75,5013,5013,5013,0,163.2175
19.3173,-155.2208,7.82,2.6,5014,5014,5014,0,162.89416666666668
19.3515,-155.0403,5.28,2.0,5015,5015,5015,0,149.805
19.3608,-155.0845,4.96,1.69,5016,5016,5016,0,148.4088888888889
19.362,-155.5087,9.63,1.77,5017,5017,5017,0,128.91083333333333
19.3367,-155.1918,7.61,2.42,5018,5018,5018,0,103.76555555555555
19.318,-155.255,7.56,2.33,5019,5019,5019,0,103.73333333333333
19.3177,-155.1447,6.05,1.63,5020,5020,5020,0,87.50138888888888
19.427,-155.4907,8.66,1.91,5021,5021,5021,0,82.23277777777778
19.418,-155.3227,6.36,1.89,5022,5022,5022,0,81.85055555555556
19.414,-155.3245,6.15,1.83,5023,5023,5023,0,76.29888888888888
19.3842,-155.046,8.27,2.12,5024,5024,5024,0,67.69361111111111
19.343,-155.2125,7.45,2.0,5025,5025,5025,0,59.836666666666666
19.3247,-155.1262,7.06,1.64,5026,5026,5026,0,41.37888888888889
19.3652,-155.0585,5.23,1.83,5027,5027,5027,0,33.15
19.425,-155.3328,6.9,1.97,5028,5028,5028,0,33.12833333333333
19.3243,-155.1915,6.52,1.69,5029,5029,5029,0,23.331944444444446
19.3368,-155.2148,7.28,1.81,5030,5030,5030,0,21.90888888888889
19.3322,-155.1915,6.08,1.88,5031,5031,5031,0,13.114444444444445
19.3267,-155.1947,7.21,1.7,5032,5032,5032,0,9.7375
19.3352,-155.174,8.04,1.95,5033,5033,5033,0,7.3025
19.328,-155.1887,8.32,1.59,5034,5034,5034,1,0.0
19.3525,-155.1152,6.02,1.84,5035,5035,5035,1,0.0
19.3452,-155.1922,8.07,1.87,5036,5036,5036,1,0.0
19.4903,-155.4597,4.36,1.78,5037,5037,5037,1,0.0
19.3947,-155.2607,3.5,1.78,5038,5038,5038,0,608.7894444444445
19.397,-155.2667,2.96,2.15,5039,5039,5039,0,606.4213888888889
19.3698,-155.4447,8.94,1.91,5040,5040,5040,0,589.93
19.3822,-155.4395,9.2,1.98,5041,5041,5041,0,577.5497222222223
19.3373,-155.0663,6.88,1.56,5036,5042,5042,0,570.2336111111111
19.3487,-155.2155,7.8,1.87,5018,5043,5043,0,538.8505555555555
19.3087,-155.2573,5.81,1.89,4822,5044,5044,0,472.43833333333333
19.3125,-155.258,5.74,1.68,4823,5045,5045,0,472.28222222222223
19.3123,-155.2225,5.75,1.61,4822,5046,5046,0,469.7866666666667
19.3515,-155.3568,9.53,1.87,4810,5047,5047,0,462.06055555555554
19.3302,-155.176,6.8,1.85,4807,5048,5048,0,460.12194444444447
19.4292,-155.4872,8.72,1.85,4808,5049,5049,0,455.4241666666667
19.418,-155.322,6.91,1.52,4809,5050,5050,0,453.5275
19.2758,-155.3863,6.26,1.78,4810,5051,5051,0,448.4638888888889
19.3097,-155.2587,8.15,1.93,4811,5052,5052,0,446.9580555555556
19.3087,-155.235,8.59,1.98,4786,5053,5053,0,422.7058333333333
19.3297,-155.1357,5.38,1.76,4787,5054,5054,0,422.3594444444444
19.3033,-155.2193,6.08,1.62,4739,5055,5055,0,416.6766666666667
19.335,-155.4753,9.38,1.87,4728,5056,5056,0,415.8313888888889
19.3365,-155.2102,6.78,1.71,4657,5057,5057,0,379.7975
19.375,-155.0205,6.42,1.52,4657,5058,5058,0,378.1144444444444
19.2635,-155.5013,9.58,1.87,4655,5059,5059,0,370.33666666666664
19.2852,-155.1928,1.69,1.63,4655,5060,5060,0,367.90305555555557
19.2853,-155.1935,1.7,1.63,4656,5061,5061,0,367.8777777777778
19.2787,-155.1927,1.94,1.64,4655,5062,5062,0,366.61555555555555
19.2807,-155.2053,2.67,1.58,4655,5063,5063,0,364.0391666666667
19.3157,-155.486,8.69,1.87,4655,5064,5064,0,362.1016666666667
19.3225,-155.2187,5.98,1.6,4649,5065,5065,0,352.7975
19.3355,-155.1825,7.46,2.27,4647,5066,5066,0,344.3569444444444
19.3803,-155.4255,10.56,1.73,4648,5067,5067,0,344.0488888888889
19.2957,-155.214,6.43,1.7,4647,5068,5068,0,341.6816666666667
19.4242,-155.4855,9.5,1.78,4648,5069,5069,0,341.58916666666664
19.3012,-155.2165,5.74,2.0,4648,5070,5070,0,334.4147222222222
19.2898,-155.215,7.65,1.78,4649,5071,5071,0,334.38166666666666
19.2875,-155.22,6.15,1.86,4650,5072,5072,0,332.3358333333333
19.2848,-155.2158,5.23,1.8,4651,5073,5073,0,332.3077777777778
19.2747,-155.2158,7.8,1.86,4652,5074,5074,0,332.24861111111113
19.2873,-155.2223,4.51,1.94,4653,5075,5075,0,330.39694444444444
19.3427,-155.1803,7.92,1.87,4654,5076,5076,0,329.2636111111111
19.2865,-155.2232,5.55,1.94,4651,5077,5077,0,314.8927777777778
19.362,-155.0113,7.34,1.63,4652,5078,5078,0,312.6672222222222
19.325,-155.258,8.88,2.92,4651,5079,5079,0,310.5938888888889
19.327,-155.1395,6.02,2.02,4651,5080,5080,0,309.27416666666664
19.3098,-155.2432,6.58,1.92,4647,5081,5081,0,302.4263888888889
19.2375,-155.2258,0.37,1.73,4648,5082,5082,0,299.11861111111114
19.2287,-155.2082,0.09,1.86,4649,5083,5083,0,298.8616666666667
19.2915,-155.2178,5.93,1.99,4648,5084,5084,0,292.49083333333334
19.2795,-155.201,1.99,1.86,4649,5085,5085,0,291.3877777777778
19.3982,-155.4462,9.58,1.81,4650,5086,5086,0,288.5597222222222
19.2898,-155.2033,2.42,3.0,4649,5087,5087,0,288.1897222222222
19.3237,-155.2022,6.08,2.02,4649,5088,5088,0,285.81666666666666
19.3872,-155.445,5.86,1.59,4649,5089,5089,0,283.2938888888889
19.3763,-155.3453,10.06,2.17,4649,5090,5090,0,280.65555555555557
19.3518,-155.4888,5.46,2.08,4637,5091,5091,0,248.15694444444443
19.3355,-155.1873,5.79,1.88,4635,5092,5092,0,246.26805555555555
19.3627,-155.5028,8.61,1.62,4632,5093,5093,0,229.47444444444446
19.475,-155.4578,3.52,1.77,4626,5094,5094,0,217.14944444444444
19.2962,-155.3947,8.72,1.93,4627,5095,5095,0,216.2538888888889
19.4413,-155.4798,8.77,1.73,4628,5096,5096,0,215.30333333333334
19.3347,-155.1965,7.41,1.93,4629,5097,5097,0,209.1475
19.2355,-155.3642,1.64,1.55,4625,5098,5098,0,198.4113888888889
19.34,-155.1977,7.19,1.96,4623,5099,5099,0,197.43722222222223
19.3648,-155.3262,28.1,1.76,4624,5100,5100,0,196.95194444444445
19.372,-155.325,29.99,1.97,4625,5101,5101,0,196.31472222222223
19.3437,-155.2128,6.52,1.78,4624,5102,5102,0,188.10555555555555
19.3267,-155.2068,5.89,1.76,4622,5103,5103,0,178.32611111111112
19.4708,-155.4472,8.99,2.25,4622,5104,5104,0,176.44472222222223
19.3383,-155.1268,8.96,2.81,4619,5105,5105,0,150.3088888888889
19.4433,-155.3982,8.96,2.08,4620,5106,5106,0,144.4177777777778
19.4285,-155.4943,8.3,1.63,4619,5107,5107,0,139.61805555555554
19.3468,-155.0498,8.59,3.18,4620,5108,5108,0,138.77194444444444
19.347,-155.0492,7.64,1.93,4621,5109,5109,0,137.74277777777777
19.3762,-155.4577,9.75,1.9,4617,5110,5110,0,130.31444444444443
19.3422,-155.1808,7.15,1.8,4612,5111,5111,0,117.6025
19.337,-155.1897,7.62,1.71,4613,5112,5112,0,117.01138888888889
19.41,-155.325,7.16,2.05,4607,5113,5113,0,103.91444444444444
19.314,-155.2245,7.47,1.87,4608,5114,5114,0,99.12833333333333
19.3363,-155.2165,6.01,1.71,4604,5115,5115,0,91.7
19.3068,-155.2482,5.97,1.63,4604,5116,5116,0,85.9975
19.3967,-155.2603,2.98,1.77,4604,5117,5117,0,84.6913888888889
19.3708,-155.5028,9.71,1.84,4604,5118,5118,0,79.61527777777778
19.3472,-155.3592,9.75,1.82,4601,5119,5119,0,73.31361111111111
19.3513,-155.2132,7.57,1.87,4602,5120,5120,0,71.60472222222222
19.376,-155.1397,3.62,1.71,4603,5121,5121,0,71.36444444444444
19.3375,-155.3922,10.0,2.01,4604,5122,5122,0,64.9588888888889
19.366,-155.0837,7.84,1.77,4603,5123,5123,0,59.906666666666666
19.361,-155.4752,5.18,1.71,4604,5124,5124,0,52.27
19.3248,-155.1808,7.03,1.87,4604,5125,5125,0,45.303333333333335
19.3385,-155.1268,6.99,1.6,4605,5126,5126,0,41.61333333333334
19.304,-155.2555,6.69,1.73,4606,5127,5127,0,41.299166666666665
19.3265,-155.229,6.61,1.97,4607,5128,5128,0,40.240833333333335
19.2172,-155.449,4.94,2.19,4606,5129,5129,0,33.03194444444444
19.4125,-155.3615,10.27,1.99,4599,5130,5130,0,27.102777777777778
19.4943,-155.4643,4.61,1.71,4598,5131,5131,0,23.34638888888889
19.2988,-155.218,6.34,1.73,4593,5132,5132,1,0.0
19.3753,-155.4392,10.74,1.99,4581,5133,5133,1,0.0
19.3697,-155.4425,10.89,1.7,4582,5134,5134,1,0.0
19.3062,-155.2257,5.09,1.62,4582,5135,5135,0,501.8063888888889
19.3345,-155.1363,6.91,1.64,4578,5136,5136,0,478.9411111111111
19.414,-155.5115,11.78,1.64,4578,5137,5137,0,477.1361111111111
19.3203,-155.194,4.94,1.56,4575,5138,5138,0,469.16583333333335
19.3318,-155.1943,6.71,2.06,4575,5139,5139,0,464.3486111111111
19.3157,-155.2278,5.59,1.67,4575,5140,5140,0,457.8261111111111
19.4288,-155.4813,9.79,1.61,4576,5141,5141,0,456.83972222222224
19.3305,-155.1478,5.98,2.05,4576,5142,5142,0,431.62083333333334
19.3487,-155.0682,4.38,1.68,4577,5143,5143,0,430.42583333333334
19.3715,-155.4757,10.99,3.21,4577,5144,5144,0,426.89222222222224
19.4055,-155.2697,14.97,1.98,4578,5145,5145,0,425.97527777777776
19.3343,-155.1528,6.0,1.79,4579,5146,5146,0,414.80055555555555
19.4268,-155.2627,10.71,1.64,4580,5147,5147,0,410.1386111111111
19.3693,-155.0692,7.5,2.03,4580,5148,5148,0,408.6716666666667
19.3792,-155.3438,10.85,2.14,4579,5149,5149,0,398.2836111111111
19.4912,-155.4547,4.83,1.81,4580,5150,5150,0,397.99833333333333
19.3033,-155.26,6.89,2.13,4578,5151,5151,0,382.71666666666664
19.3547,-155.0363,6.57,2.12,4577,5152,5152,0,381.4161111111111
19.3347,-155.1943,6.82,2.42,4577,5153,5153,0,379.8847222222222
19.4233,-155.3508,8.77,1.93,4578,5154,5154,0,376.42527777777775
19.3065,-155.219,7.62,2.38,4578,5155,5155,0,361.63694444444445
19.217,-155.4535,7.6,1.86,4579,5156,5156,0,359.4811111111111
19.4,-155.4275,7.21,1.77,4573,5157,5157,0,343.17083333333335
19.3407,-155.2015,7.17,1.87,4574,5158,5158,0,339.8277777777778
19.3945,-155.0333,8.11,1.77,4574,5159,5159,0,328.0941666666667
19.3443,-155.5002,11.1,1.55,4573,5160,5160,0,321.4963888888889
19.2827,-155.3855,3.24,1.74,4574,5161,5161,0,319.80055555555555
19.3315,-155.163,7.15,1.78,4574,5162,5162,0,316.7944444444444
19.3328,-155.1783,9.26,2.01,4575,5163,5163,0,311.895
19.3662,-155.4385,10.29,1.56,4572,5164,5164,0,287.0511111111111
19.3638,-155.4778,10.13,2.11,4573,5165,5165,0,286.4125
19.5088,-155.455,5.35,1.58,4573,5166,5166,0,280.22444444444443
19.314,-155.2555,6.3,1.6,4573,5167,5167,0,259.5202777777778
19.3352,-155.1907,6.68,1.7,4573,5168,5168,0,239.50194444444443
19.3462,-155.1998,7.48,1.69,4571,5169,5169,0,225.53472222222223
19.2993,-155.305,29.97,1.74,4566,5170,5170,0,211.65083333333334
19.4175,-155.3228,7.13,1.57,4566,5171,5171,0,204.00916666666666
19.3653,-155.0398,7.9,2.07,4567,5172,5172,0,198.9475
19.3327,-155.212,6.07,1.74,4567,5173,5173,0,191.26416666666665
19.3178,-155.2152,6.66,1.9,4566,5174,5174,0,177.35
19.4553,-155.4742,10.39,2.13,4562,5175,5175,0,157.03694444444446
19.33,-155.504,7.93,1.93,4562,5176,5176,0,153.85305555555556
19.395,-155.2622,2.88,1.91,4557,5177,5177,0,121.81361111111111
19.3398,-155.1963,8.5,1.87,4558,5178,5178,0,118.96777777777778
19.3925,-155.5038,9.35,1.67,4557,5179,5179,0,118.37277777777778
19.4178,-155.3293,5.69,1.55,4555,5180,5180,0,108.7725
19.3658,-155.0725,7.6,1.6,4556,5181,5181,0,102.21138888888889
19.3392,-155.2012,7.35,1.97,4556,5182,5182,0,97.6375
19.3763,-155.0543,7.42,1.66,4556,5183,5183,0,96.67166666666667
19.423,-155.325,3.21,1.76,4555,5184,5184,0,81.54194444444444
19.2888,-155.2208,5.92,1.73,4556,5185,5185,0,80.84027777777777
19.3615,-155.0343,5.34,1.84,4556,5186,5186,0,73.58583333333333
19.383,-155.4633,9.43,1.7,4557,5187,5187,0,63.00194444444445
19.3348,-155.197,7.19,2.28,4557,5188,5188,0,53.0
19.3343,-155.1968,7.31,2.64,4558,5189,5189,0,51.31777777777778
19.362,-155.3313,28.93,2.06,4559,5190,5190,0,51.0275
19.3658,-155.0205,6.83,1.99,4560,5191,5191,0,48.71277777777778
19.3712,-155.4053,12.95,1.98,4561,5192,5192,0,43.345
19.33,-155.1897,8.46,1.78,4562,5193,5193,0,40.67444444444445
19.3412,-155.185,7.57,2.17,4560,5194,5194,0,32.17194444444444
19.3543,-155.1113,7.39,1.54,4559,5195,5195,0,20.7725
19.4382,-155.5107,9.13,2.0,4560,5196,5196,0,20.078333333333333
19.334,-155.1788,6.39,1.68,4559,5197,5197,0,15.425
19.4183,-155.2647,14.64,1.52,4560,5198,5198,0,8.835833333333333
19.3258,-155.1815,7.28,1.92,4561,5199,5199,0,5.754166666666666
19.46,-155.4898,11.19,2.82,4562,5200,5200,0,4.627777777777778
19.4502,-155.4902,9.35,1.69,4555,5201,5201,1,0.0
19.2917,-155.511,5.55,1.58,4556,5202,5202,1,0.0
19.4055,-155.285,19.49,3.18,4557,5203,5203,1,0.0
19.4408,-155.4827,10.53,1.71,4558,5204,5204,1,0.0
19.402,-155.269,3.32,1.75,4559,5205,5205,1,0.0
19.3943,-155.2593,2.58,1.53,4560,5206,5206,1,0.0
19.423,-155.3518,8.94,2.17,4560,5207,5207,0,1138.1880555555556
19.3977,-155.2655,2.74,1.56,4561,5208,5208,0,1137.9933333333333
19.3973,-155.2678,3.24,2.78,4562,5209,5209,0,1137.5780555555555
19.384,-155.4575,10.6,1.59,4563,5210,5210,0,1136.6816666666666
19.3153,-155.2167,6.05,1.6,4561,5211,5211,0,1116.4594444444444
19.3187,-155.1857,6.62,1.88,4558,5212,5212,0,1089.733888888889
19.4803,-155.4405,8.03,3.09,4557,5213,5213,0,1069.6872222222223
19.4272,-155.4728,8.14,1.67,4558,5214,5214,0,1067.5225
19.3738,-155.4973,8.99,2.59,4557,5215,5215,0,1057.4158333333332
19.3482,-155.2158,7.23,1.87,4557,5216,5216,0,1053.2211111111112
19.4142,-155.3257,6.37,1.62,4558,5217,5217,0,1049.963888888889
19.3222,-155.1955,5.33,1.89,4559,5218,5218,0,1044.8255555555556
19.3202,-155.2293,6.39,2.03,4560,5219,5219,0,1039.9602777777777
19.325,-155.25,7.16,2.16,4560,5220,5220,0,1037.3738888888888
19.3633,-155.0373,7.86,2.18,4561,5221,5221,0,1036.405
19.3653,-155.4835,9.81,2.09,4562,5222,5222,0,1035.9705555555556
19.3332,-155.1165,5.57,1.56,4563,5223,5223,0,1029.0280555555555
19.3427,-155.19,8.37,2.05,4562,5224,5224,0,1023.7341666666666
19.296,-155.3617,7.73,1.71,4563,5225,5225,0,1015.8533333333334
19.4298,-155.3287,7.53,1.82,4564,5226,5226,0,1009.3163888888889
19.342,-155.1907,8.13,2.89,4565,5227,5227,0,1005.9180555555556
19.4063,-155.2915,11.34,1.54,4564,5228,5228,0,983.8822222222223
19.402,-155.2847,12.22,1.56,4563,5229,5229,0,979.8269444444444
19.4157,-155.2923,9.17,1.54,4564,5230,5230,0,979.7283333333334
19.4092,-155.2943,11.49,1.55,4565,5231,5231,0,979.6888888888889
19.3923,-155.4538,9.79,1.99,4566,5232,5232,0,978.1363888888889
19.4322,-155.4932,10.5,2.13,4566,5233,5233,0,961.5369444444444
19.3778,-155.4448,10.49,1.99,4567,5234,5234,0,959.5538888888889
19.4167,-155.3033,12.63,1.56,4568,5235,5235,0,948.0633333333334
19.4145,-155.2902,10.57,1.54,4569,5236,5236,0,947.1886111111111
19.4143,-155.2868,10.33,1.54,4570,5237,5237,0,940.2786111111111
19.311,-155.2502,7.34,2.23,4570,5238,5238,0,938.4430555555556
19.4143,-155.2845,11.18,1.54,4571,5239,5239,0,936.9855555555556
19.3157,-155.226,8.05,2.21,4572,5240,5240,0,936.4086111111111
19.4078,-155.2755,8.97,1.51,4573,5241,5241,0,936.3688888888889
19.3347,-155.2033,7.24,1.81,4574,5242,5242,0,933.6302777777778
19.4208,-155.2888,11.01,1.84,4575,5243,5243,0,932.3119444444444
19.3632,-155.0185,7.33,1.54,4573,5244,5244,0,917.2836111111111
19.276,-155.4637,8.8,2.86,4574,5245,5245,0,917.1086111111111
19.3402,-155.2013,7.52,2.18,4574,5246,5246,0,914.5875
19.36,-155.0705,7.28,1.97,4575,5247,5247,0,909.8311111111111
19.3257,-155.1945,6.39,1.61,4576,5248,5248,0,906.7488888888889
19.3562,-155.3615,9.95,1.64,4577,5249,5249,0,905.9605555555555
19.4652,-155.4057,3.21,1.57,4577,5250,5250,0,901.8805555555556
19.3382,-155.2258,6.54,1.58,4577,5251,5251,0,892.0311111111112
19.4117,-155.2778,1.6,1.85,4578,5252,5252,0,880.9272222222222
19.3875,-155.3423,10.99,1.62,4578,5253,5253,0,871.8094444444445
19.3962,-155.2885,8.11,1.74,4575,5254,5254,0,853.1136111111111
19.3965,-155.282,13.47,1.77,4576,5255,5255,0,851.9783333333334
19.3255,-155.131,7.15,1.68,4577,5256,5256,0,851.0380555555555
19.3967,-155.2812,9.3,1.55,4578,5257,5257,0,850.7652777777778
19.3208,-155.2232,7.66,1.6,4579,5258,5258,0,836.4647222222222
19.381,-155.424,10.33,2.1,4579,5259,5259,0,830.1230555555555
19.3267,-155.122,7.22,2.29,4579,5260,5260,0,822.6441666666667
19.4012,-155.2673,2.98,1.74,4575,5261,5261,0,812.9180555555556
19.3732,-155.4937,9.04,2.22,4575,5262,5262,0,801.1852777777777
19.4242,-155.4855,9.13,1.9,4575,5263,5263,0,799.0661111111111
19.3067,-155.2777,9.15,3.07,4576,5264,5264,0,797.5033333333333
19.3593,-155.4302,10.71,1.79,4577,5265,5265,0,797.3169444444444
19.3155,-155.2318,7.01,1.88,4578,5266,5266,0,794.5472222222222
19.2443,-155.4535,8.45,1.97,4579,5267,5267,0,794.3030555555556
19.3093,-155.225,7.2,2.39,4573,5268,5268,0,782.8102777777777
19.3197,-155.2208,4.64,1.9,4570,5269,5269,0,776.0183333333333
19.3623,-155.1178,7.43,1.53,4570,5270,5270,0,771.6913888888889
19.3143,-155.2668,6.85,1.63,4569,5271,5271,0,747.0097222222222
19.4082,-155.4972,8.49,1.71,4570,5272,5272,0,743.8858333333334
19.3255,-155.2042,6.3,1.86,4571,5273,5273,0,742.5122222222222
19.308,-155.22,4.96,1.66,4571,5274,5274,0,734.2780555555555
19.4122,-155.3233,6.16,1.97,4572,5275,5275,0,729.2947222222223
19.2898,-155.2173,9.75,2.26,4572,5276,5276,0,714.1333333333333
19.323,-155.2228,6.34,2.2,4570,5277,5277,0,707.3055555555555
19.3258,-155.1988,6.61,1.89,4568,5278,5278,0,683.7694444444444
19.3247,-155.1403,6.2,1.66,4568,5279,5279,0,676.2463888888889
19.356,-155.5017,10.61,1.69,4568,5280,5280,0,670.7375
19.3492,-155.103,7.77,2.68,4566,5281,5281,0,662.2086111111112
19.362,-155.1092,7.09,1.63,4566,5282,5282,0,661.6227777777777
19.3692,-155.4425,9.81,2.53,4566,5283,5283,0,650.4116666666666
19.4512,-155.4992,8.58,1.98,4567,5284,5284,0,647.7780555555555
19.3407,-155.1948,7.63,1.87,4568,5285,5285,0,641.7719444444444
19.2843,-155.2347,7.44,1.65,4568,5286,5286,0,641.3391666666666
19.3467,-155.2143,8.05,2.05,4569,5287,5287,0,635.3713888888889
19.3315,-155.1792,7.78,1.54,4569,5288,5288,0,634.3402777777778
19.3372,-155.181,8.24,2.54,4569,5289,5289,0,629.9530555555556
19.4425,-155.4692,9.01,1.65,4570,5290,5290,0,616.7966666666666
19.3665,-155.5063,9.42,1.76,4570,5291,5291,0,611.0580555555556
19.312,-155.2233,4.84,1.61,4569,5292,5292,0,591.3480555555556
19.379,-155.3455,8.6,1.75,4570,5293,5293,0,589.1125
19.3253,-155.1732,6.85,1.75,4571,5294,5294,0,586.8644444444444
19.3335,-155.201,6.16,1.83,4572,5295,5295,0,586.5655555555555
19.3288,-155.201,6.9,1.61,4573,5296,5296,0,570.3591666666666
19.3,-155.2092,9.92,1.93,4572,5297,5297,0,538.2925
19.3793,-155.4443,9.93,1.61,4573,5298,5298,0,536.9666666666667
19.3978,-155.505,9.45,1.55,4574,5299,5299,0,532.5330555555555
19.3352,-155.2197,6.76,1.69,4573,5300,5300,0,526.7405555555556
19.346,-155.4998,9.3,1.59,4573,5301,5301,0,525.5686111111111
19.3265,-155.2062,6.21,1.76,4573,5302,5302,0,516.5838888888889
19.3087,-155.215,6.67,2.09,4572,5303,5303,0,513.0372222222222
19.313,-155.5078,7.95,2.01,4572,5304,5304,0,499.5577777777778
19.3985,-155.2617,3.07,1.53,4571,5305,5305,0,490.2861111111111
19.3995,-155.2635,3.38,1.63,4572,5306,5306,0,490.24916666666667
19.4328,-155.357,9.29,1.93,4572,5307,5307,0,467.1425
19.3257,-155.1998,7.27,1.89,4571,5308,5308,0,460.62805555555553
19.4705,-155.446,6.22,2.64,4571,5309,5309,0,458.09694444444443
19.3795,-155.0385,6.56,1.6,4572,5310,5310,0,456.4819444444444
19.3628,-155.0448,9.0,3.54,4571,5311,5311,0,447.70444444444445
19.3778,-155.4212,10.02,1.82,4572,5312,5312,0,446.97555555555556
19.3363,-155.2145,6.27,1.58,4573,5313,5313,0,445.8811111111111
19.3702,-155.0805,8.85,3.3,4573,5314,5314,0,441.5138888888889
19.3233,-155.1883,5.64,1.89,4571,5315,5315,0,438.1113888888889
19.3268,-155.1295,9.43,4.21,4572,5316,5316,0,432.6508333333333
19.3295,-155.1348,7.64,2.05,4572,5317,5317,0,424.45166666666665
19.3728,-155.0763,7.15,1.65,4573,5318,5318,0,421.7011111111111
19.3463,-155.4772,10.15,1.56,4574,5319,5319,0,415.44444444444446
19.3217,-155.2273,7.6,1.69,4574,5320,5320,0,414.15555555555557
19.3762,-155.3477,10.31,2.57,4573,5321,5321,0,411.8663888888889
19.3893,-155.3543,9.65,1.91,4573,5322,5322,0,404.9275
19.3978,-155.2693,2.65,1.53,4573,5323,5323,0,404.5577777777778
19.271,-155.3847,7.35,1.66,4571,5324,5324,0,402.1736111111111
19.3307,-155.2027,6.78,1.82,4563,5325,5325,0,393.175
19.3402,-155.1937,7.66,2.81,4563,5326,5326,0,388.52
19.2758,-155.4788,7.95,2.01,4563,5327,5327,0,381.50166666666667
19.3995,-155.4473,10.33,1.92,4564,5328,5328,0,379.0113888888889
19.3978,-155.2613,3.2,1.53,4562,5329,5329,0,372.1094444444444
19.336,-155.179,8.74,1.62,4563,5330,5330,0,370.7733333333333
19.459,-155.4862,9.87,2.88,4564,5331,5331,0,360.7736111111111
19.4192,-155.3282,6.08,2.57,4565,5332,5332,0,352.0313888888889
19.4285,-155.5097,9.47,2.31,4566,5333,5333,0,346.235
19.393,-155.341,9.58,1.56,4567,5334,5334,0,339.22
19.323,-155.2187,6.53,1.6,4568,5335,5335,0,332.5963888888889
19.3328,-155.186,8.01,1.58,4566,5336,5336,0,322.7725
19.3172,-155.2018,4.4,1.6,4567,5337,5337,0,321.80333333333334
19.4453,-155.501,3.62,1.64,4564,5338,5338,0,306.27972222222223
19.318,-155.2235,4.94,1.6,4562,5339,5339,0,294.93083333333334
19.3597,-155.4957,9.57,1.57,4561,5340,5340,0,288.6538888888889
19.341,-155.1912,7.68,1.82,4562,5341,5341,0,282.5861111111111
19.3063,-155.22,5.83,1.62,4562,5342,5342,0,278.6336111111111
19.3433,-155.172,6.5,1.57,4563,5343,5343,0,274.75638888888886
19.4418,-155.4807,9.44,1.84,4563,5344,5344,0,273.18083333333334
19.339,-155.1955,9.09,1.8,4564,5345,5345,0,272.92944444444447
19.4558,-155.4253,4.78,1.89,4565,5346,5346,0,260.70444444444445
19.39,-155.1873,0.57,1.79,4564,5347,5347,0,256.47055555555556
19.3583,-155.5038,8.84,2.25,4560,5348,5348,0,251.29222222222222
19.333,-155.1318,7.45,2.27,4560,5349,5349,0,248.38083333333333
19.3657,-155.4742,9.49,2.75,4561,5350,5350,0,244.82944444444445
19.3422,-155.1915,7.39,2.35,4562,5351,5351,0,242.84166666666667
19.3555,-155.0113,8.86,3.3,4562,5352,5352,0,199.35694444444445
19.3507,-155.011,6.7,1.55,4563,5353,5353,0,199.21944444444443
19.4327,-155.46,6.89,1.65,4564,5354,5354,0,184.42
19.376,-155.4822,9.85,1.73,4565,5355,5355,0,183.52
19.3225,-155.2002,6.0,1.59,4565,5356,5356,0,178.09472222222223
19.3422,-155.1275,8.17,2.93,4566,5357,5357,0,167.9961111111111
19.3885,-155.0437,7.69,2.29,4565,5358,5358,0,151.4138888888889
19.35,-155.2165,8.18,1.53,4564,5359,5359,0,146.92083333333332
19.4147,-155.3262,6.25,1.55,4565,5360,5360,0,135.07416666666666
19.3238,-155.1843,9.2,1.59,4565,5361,5361,0,124.17388888888888
19.3418,-155.215,9.03,2.72,4566,5362,5362,0,124.095
19.3035,-155.4998,6.47,1.83,4563,5363,5363,0,109.28916666666667
19.3163,-155.2283,6.79,1.78,4559,5364,5364,0,95.10527777777777
19.493,-155.4538,13.2,1.75,4560,5365,5365,0,93.84694444444445
19.3423,-155.1875,8.63,1.85,4560,5366,5366,0,75.41666666666667
19.4287,-155.3345,2.45,1.91,4551,5367,5367,1,0.0
19.4303,-155.3272,7.31,1.62,4551,5368,5368,1,0.0
19.4012,-155.2665,2.81,2.18,4549,5369,5369,1,0.0
19.4302,-155.3292,6.46,1.88,4550,5370,5370,1,0.0
19.478,-155.446,0.83,2.07,4550,5371,5371,0,585.8388888888888
19.4288,-155.3167,9.03,1.54,4551,5372,5372,0,585.2875
19.3807,-155.2992,4.06,1.91,4551,5373,5373,0,583.1944444444445
19.4782,-155.3257,4.35,2.16,4552,5374,5374,0,582.3577777777778
19.3963,-155.3162,2.82,2.01,4553,5375,5375,0,578.1261111111111
19.4032,-155.335,3.57,2.15,4554,5376,5376,0,575.6044444444444
19.4312,-155.325,4.59,1.66,4555,5377,5377,0,569.3513888888889
19.4837,-155.4613,5.36,2.51,4556,5378,5378,0,565.6511111111112
19.4897,-155.4572,7.77,3.36,4557,5379,5379,0,564.4277777777778
19.4843,-155.4567,4.56,1.6,4558,5380,5380,0,562.6141666666666
19.4158,-155.3267,7.23,1.61,4559,5381,5381,0,551.2041666666667
19.3415,-155.1348,7.23,2.26,4560,5382,5382,0,550.9072222222222
19.4147,-155.285,2.16,1.72,4561,5383,5383,0,550.5119444444445
19.4813,-155.3723,15.27,1.64,4559,5384,5384,0,543.1447222222222
19.4903,-155.1468,6.12,1.9,4559,5385,5385,0,541.2669444444444
19.404,-155.2873,9.9,1.7,4560,5386,5386,0,538.2675
19.3408,-155.1957,7.95,2.17,4561,5387,5387,0,534.7494444444444
19.3198,-155.2277,5.45,1.9,4562,5388,5388,0,533.625
19.5505,-155.2332,6.03,1.57,4559,5389,5389,0,525.5227777777778
19.33,-155.1905,6.52,1.56,4560,5390,5390,0,523.0919444444445
19.5267,-155.4478,5.83,1.64,4561,5391,5391,0,521.7066666666667
19.3838,-155.2503,27.76,1.84,4561,5392,5392,0,513.1555555555556
19.3987,-155.2845,2.08,1.6,4561,5393,5393,0,509.4136111111111
19.628,-155.2133,12.41,2.12,4562,5394,5394,0,509.2655555555556
19.4738,-155.4052,11.55,1.9,4563,5395,5395,0,507.31694444444446
19.4317,-155.4983,11.21,1.7,4563,5396,5396,0,506.2241666666667
19.3393,-155.1642,5.79,1.58,4564,5397,5397,0,503.87805555555553
19.4003,-155.3623,9.99,1.9,4565,5398,5398,0,503.15972222222223
19.402,-155.3645,10.82,1.81,4565,5399,5399,0,497.4913888888889
19.4248,-155.5002,11.81,1.71,4566,5400,5400,0,494.8308333333333
19.3287,-155.2047,6.72,1.59,4567,5401,5401,0,493.30555555555554
19.3755,-155.4993,9.97,1.75,4568,5402,5402,0,492.1025
19.3535,-155.1192,7.59,1.85,4558,5403,5403,0,447.2763888888889
19.3592,-155.0342,5.87,1.84,4558,5404,5404,0,441.72083333333336
19.3332,-155.5053,7.07,2.0,4555,5405,5405,0,430.2725
19.3238,-155.1453,6.38,1.58,4555,5406,5406,0,427.49083333333334
19.4822,-155.4515,6.27,1.61,4556,5407,5407,0,423.30083333333334
19.3888,-155.3397,10.37,1.77,4557,5408,5408,0,421.7813888888889
19.4865,-155.4357,6.01,1.59,4557,5409,5409,0,419.6669444444444
19.4467,-155.4942,12.11,1.71,4556,5410,5410,0,415.46666666666664
19.3753,-155.0218,0.01,1.52,4553,5411,5411,0,397.53555555555556
19.3593,-155.0443,8.45,2.74,4554,5412,5412,0,396.54805555555555
19.4647,-155.3917,9.38,1.53,4555,5413,5413,0,395.1308333333333
19.4437,-155.4998,9.31,1.68,4556,5414,5414,0,393.5988888888889
19.2982,-155.4665,8.95,1.7,4557,5415,5415,0,392.3413888888889
19.305,-155.207,9.54,1.61,4556,5416,5416,0,381.6066666666667
19.3667,-155.0535,4.78,1.83,4557,5417,5417,0,375.8375
19.3412,-155.0983,7.89,1.86,4557,5418,5418,0,372.29583333333335
19.3715,-155.4865,10.11,1.69,4558,5419,5419,0,370.15722222222223
19.3728,-155.0653,6.33,1.82,4559,5420,5420,0,370.1311111111111
19.4822,-155.4653,10.22,1.62,4560,5421,5421,0,366.47833333333335
19.4047,-155.2832,13.89,1.83,4561,5422,5422,0,365.65222222222224
19.4298,-155.4953,12.36,1.7,4561,5423,5423,0,352.15944444444443
19.4752,-155.412,3.64,2.17,4562,5424,5424,0,351.57
19.4395,-155.475,9.55,1.66,4562,5425,5425,0,344.6355555555556
19.473,-155.4425,3.39,1.57,4563,5426,5426,0,338.5158333333333
19.3642,-155.1065,7.98,1.83,4564,5427,5427,0,337.445
19.3635,-155.5015,9.75,2.06,4565,5428,5428,0,336.62416666666667
19.3943,-155.2872,22.9,1.75,4565,5429,5429,0,332.0830555555556
19.47,-155.4165,9.97,2.84,4565,5430,5430,0,329.38666666666666
19.45,-155.211,13.11,1.58,4566,5431,5431,0,327.2808333333333
19.4878,-155.4353,5.57,1.58,4566,5432,5432,0,316.09944444444443
19.3838,-155.0332,7.47,1.99,4565,5433,5433,0,308.1016666666667
19.339,-155.1968,7.43,1.87,4566,5434,5434,0,296.53527777777776
19.3367,-155.1937,7.66,2.18,4567,5435,5435,0,293.6983333333333
19.2918,-155.2183,5.71,1.93,4567,5436,5436,0,287.41555555555556
19.2682,-155.2262,4.33,1.51,4568,5437,5437,0,287.1508333333333
19.3132,-155.2473,9.17,2.74,4568,5438,5438,0,277.5813888888889
19.3662,-155.0715,8.97,2.38,4566,5439,5439,0,261.0227777777778
19.3507,-155.0357,6.25,1.55,4567,5440,5440,0,260.87083333333334
19.3742,-155.4453,10.03,1.99,4568,5441,5441,0,257.38138888888886
19.3502,-155.0783,7.54,2.5,4559,5442,5442,0,217.1025
19.3797,-155.0768,9.41,3.55,4560,5443,5443,0,216.1911111111111
19.371,-155.0638,8.43,2.89,4561,5444,5444,0,216.1288888888889
19.3293,-155.1793,6.79,1.58,4562,5445,5445,0,211.55805555555557
19.298,-155.2578,7.19,1.94,4563,5446,5446,0,209.36888888888888
19.3075,-155.2192,4.41,1.61,4561,5447,5447,0,200.65666666666667
19.3632,-155.4985,10.1,1.76,4561,5448,5448,0,187.71277777777777
19.3418,-155.1002,7.77,2.59,4562,5449,5449,0,184.6238888888889
19.4202,-155.3163,5.47,1.54,4559,5450,5450,0,170.28583333333333
19.4742,-155.4557,2.22,1.6,4553,5451,5451,0,148.57833333333335
19.326,-155.1912,5.92,1.51,4553,5452,5452,0,141.42305555555555
19.3287,-155.1493,6.54,1.57,4553,5453,5453,0,136.86666666666667
19.3385,-155.2233,6.93,1.58,4552,5454,5454,0,128.19694444444445
19.348,-155.2508,9.15,1.59,4548,5455,5455,0,85.29166666666667
19.356,-155.063,2.29,1.83,4549,5456,5456,0,84.77166666666666
19.3412,-155.1948,9.57,3.52,4549,5457,5457,0,73.40055555555556
19.3377,-155.1868,0.01,2.34,4550,5458,5458,0,71.89722222222223
19.4375,-155.4797,9.47,1.97,4550,5459,5459,0,65.3825
19.3768,-155.43,10.42,1.98,4551,5460,5460,0,62.89194444444445
19.2798,-155.239,7.41,2.54,4552,5461,5461,0,53.07138888888889
19.3318,-155.2077,11.24,1.57,4553,5462,5462,0,51.050555555555555
19.3577,-155.1113,8.52,1.84,4554,5463,5463,0,44.85861111111111
19.3698,-155.0815,7.61,2.23,4552,5464,5464,0,41.13
19.3753,-155.4482,10.45,1.7,4553,5465,5465,0,39.916111111111114
19.3162,-155.2592,7.03,1.62,4554,5466,5466,0,34.9775
19.4683,-155.2282,29.05,2.08,4555,5467,5467,0,33.165
19.3377,-155.2138,7.24,2.06,4556,5468,5468,0,30.307222222222222
19.2998,-155.2498,7.2,1.64,4556,5469,5469,0,15.881944444444445
19.4215,-155.3197,7.91,1.85,4555,5470,5470,0,7.755277777777778
19.4002,-155.2622,2.88,2.73,4554,5471,5471,1,0.0
19.3583,-155.042,5.96,1.84,4555,5472,5472,1,0.0
19.3392,-155.2028,8.0,2.18,4556,5473,5473,1,0.0
19.3233,-155.2253,8.48,3.82,4557,5474,5474,1,0.0
19.316,-155.2245,7.47,2.61,4558,5475,5475,1,0.0
19.3225,-155.2297,4.93,1.6,4559,5476,5476,1,0.0
19.3143,-155.2243,7.86,1.61,4560,5477,5477,1,0.0
19.4735,-155.4675,8.38,1.62,4561,5478,5478,1,0.0
19.3347,-155.1955,0.36,2.42,4562,5479,5479,0,588.3052777777777
19.3308,-155.186,6.87,1.58,4563,5480,5480,0,588.0975
19.3807,-155.5065,9.84,2.05,4564,5481,5481,0,586.1555555555556
19.4022,-155.2687,2.82,2.58,4565,5482,5482,0,584.9433333333334
19.3673,-155.4622,9.91,2.32,4566,5483,5483,0,577.4519444444444
19.389,-155.2688,0.89,1.54,4566,5484,5484,0,569.8777777777777
19.3673,-155.4415,10.06,1.7,4565,5485,5485,0,545.2222222222222
19.3297,-155.2282,9.19,2.44,4565,5486,5486,0,544.3466666666667
19.3423,-155.1318,7.6,1.56,4565,5487,5487,0,539.0402777777778
19.3167,-155.2248,8.7,2.85,4566,5488,5488,0,536.8308333333333
19.3102,-155.2185,8.0,1.61,4567,5489,5489,0,536.6922222222222
19.3178,-155.2203,1.65,1.6,4568,5490,5490,0,536.3
19.305,-155.2212,6.15,1.62,4569,5491,5491,0,535.8922222222222
19.3235,-155.1912,7.22,1.89,4570,5492,5492,0,535.0905555555555
19.3503,-155.0402,5.79,2.02,4571,5493,5493,0,532.6566666666666
19.3652,-155.0437,0.82,1.83,4572,5494,5494,0,532.4308333333333
19.3013,-155.5142,8.51,2.15,4568,5495,5495,0,518.4313888888889
19.3288,-155.127,8.5,2.42,4569,5496,5496,0,516.9591666666666
19.3703,-155.0723,8.36,2.37,4570,5497,5497,0,515.5080555555555
19.3327,-155.148,7.21,1.57,4571,5498,5498,0,514.0647222222223
19.394,-155.4325,10.94,1.66,4571,5499,5499,0,496.2788888888889
19.4735,-155.4613,6.81,2.31,4572,5500,5500,0,493.1380555555556
19.3222,-155.1948,6.27,2.07,4573,5501,5501,0,489.74361111111114
19.354,-155.4968,9.84,2.07,4574,5502,5502,0,486.3561111111111
19.3715,-155.3165,29.47,1.55,4575,5503,5503,0,486.05833333333334
19.444,-155.3683,9.66,2.04,4575,5504,5504,0,478.4091666666667
19.4258,-155.3367,8.3,2.03,4573,5505,5505,0,458.1377777777778
19.4377,-155.48,9.53,2.27,4573,5506,5506,0,449.4013888888889
19.357,-155.022,7.0,4.0,4574,5507,5507,0,444.9772222222222
19.3383,-155.22,7.78,1.58,4575,5508,5508,0,444.3172222222222
19.363,-155.0823,5.87,1.83,4576,5509,5509,0,437.9188888888889
19.3798,-155.0385,6.22,1.52,4577,5510,5510,0,435.93416666666667
19.3545,-155.0232,8.26,3.49,4578,5511,5511,0,434.9772222222222
19.4103,-155.2812,7.5,1.84,4577,5512,5512,0,430.91305555555556
19.4665,-155.4532,9.01,2.63,4577,5513,5513,0,429.62
19.3712,-155.4828,9.0,1.73,4576,5514,5514,0,428.3725
19.4065,-155.269,11.48,1.54,4577,5515,5515,0,427.11861111111114
19.4762,-155.2362,20.35,2.5,4578,5516,5516,0,427.0925
19.4023,-155.2892,9.87,1.85,4579,5517,5517,0,424.6113888888889
19.4322,-155.272,14.84,1.54,4580,5518,5518,0,423.2630555555556
19.3373,-155.0632,7.99,2.5,4581,5519,5519,0,423.23833333333334
19.4205,-155.2818,9.08,1.53,4581,5520,5520,0,420.11861111111114
19.4048,-155.2715,11.43,1.55,4582,5521,5521,0,418.8161111111111
19.4058,-155.309,11.29,1.87,4582,5522,5522,0,416.1125
19.4168,-155.2953,9.61,1.57,4583,5523,5523,0,415.1213888888889
19.4467,-155.298,16.59,1.55,4584,5524,5524,0,415.00138888888887
19.401,-155.2975,10.89,1.58,4585,5525,5525,0,414.71555555555557
19.4048,-155.3278,9.61,1.57,4585,5526,5526,0,413.04
19.3885,-155.326,13.79,1.6,4586,5527,5527,0,413.0230555555556
19.3818,-155.2758,8.41,1.56,4587,5528,5528,0,412.8644444444444
19.3935,-155.3142,15.6,1.59,4588,5529,5529,0,412.51694444444445
19.3797,-155.2962,6.95,1.57,4589,5530,5530,0,412.4786111111111
19.4592,-155.3358,5.28,1.52,4590,5531,5531,0,412.0072222222222
19.383,-155.3173,3.92,1.58,4591,5532,5532,0,411.735
19.3507,-155.3337,6.82,1.62,4592,5533,5533,0,411.18416666666667
19.5458,-155.2375,23.97,3.63,4593,5534,5534,0,411.0575
19.2292,-155.4692,8.33,2.53,4594,5535,5535,0,410.34027777777777
19.3728,-155.4425,10.07,2.69,4590,5536,5536,0,376.5675
19.343,-155.1263,7.17,1.56,4590,5537,5537,0,374.93694444444446
19.3737,-155.4488,9.96,2.17,4591,5538,5538,0,374.0833333333333
19.4645,-155.4032,8.98,2.05,4592,5539,5539,0,361.7916666666667
19.392,-155.2492,12.48,1.55,4592,5540,5540,0,360.9533333333333
19.3277,-155.2162,7.2,1.59,4592,5541,5541,0,350.2413888888889
19.4208,-155.2803,11.72,1.54,4590,5542,5542,0,341.87111111111113
19.4267,-155.2807,12.69,1.54,4591,5543,5543,0,338.04083333333335
19.326,-155.1227,7.29,1.57,4592,5544,5544,0,329.3619444444444
19.3635,-155.3215,6.65,1.9,4593,5545,5545,0,326.9222222222222
19.4095,-155.2825,12.69,1.55,4594,5546,5546,0,326.68861111111113
19.3522,-155.1838,8.22,2.56,4595,5547,5547,0,323.88138888888886
19.3382,-155.0718,6.08,2.03,4596,5548,5548,0,315.51666666666665
19.3907,-155.3093,3.38,1.65,4597,5549,5549,0,315.1775
19.416,-155.2942,5.82,1.53,4592,5550,5550,0,310.82416666666666
19.4105,-155.2782,12.43,1.85,4591,5551,5551,0,300.73555555555555
19.3283,-155.2053,7.61,1.59,4592,5552,5552,0,300.26
19.4092,-155.2598,16.57,1.56,4592,5553,5553,0,294.34166666666664
19.4437,-155.2887,6.87,1.81,4591,5554,5554,0,286.06583333333333
19.3792,-155.2735,3.22,1.55,4592,5555,5555,0,281.0205555555556
19.2965,-155.3525,6.52,1.7,4593,5556,5556,0,278.7086111111111
19.4172,-155.3345,10.37,1.57,4594,5557,5557,0,276.16833333333335
19.4575,-155.4965,9.63,1.97,4594,5558,5558,0,271.61027777777775
19.43,-155.2723,9.2,1.82,4594,5559,5559,0,269.81083333333333
19.4368,-155.2585,6.99,1.8,4592,5560,5560,0,256.0597222222222
19.4422,-155.4843,9.24,1.67,4593,5561,5561,0,253.06305555555556
19.4487,-155.2732,10.87,1.51,4594,5562,5562,0,251.31694444444443
19.4483,-155.2538,14.67,1.82,4595,5563,5563,0,247.1363888888889
19.3437,-155.2168,4.65,1.57,4596,5564,5564,0,244.16611111111112
19.3898,-155.3167,0.48,1.57,4597,5565,5565,0,242.48194444444445
19.4127,-155.2753,14.23,1.55,4597,5566,5566,0,237.87083333333334
19.4153,-155.3317,5.73,2.68,4598,5567,5567,0,236.68194444444444
19.338,-155.1998,7.99,2.51,4598,5568,5568,0,233.2475
19.3788,-155.058,5.39,1.81,4598,5569,5569,0,231.86305555555555
19.4507,-155.3047,23.54,1.59,4599,5570,5570,0,230.84777777777776
19.3998,-155.2633,3.23,1.53,4600,5571,5571,0,228.26055555555556
19.4805,-155.2333,6.39,1.75,4598,5572,5572,0,220.76916666666668
19.4427,-155.4817,9.22,1.97,4596,5573,5573,0,215.54583333333332
19.3668,-155.025,1.68,1.83,4595,5574,5574,0,203.96444444444444
19.4142,-155.3077,0.43,2.14,4589,5575,5575,0,188.17222222222222
19.4158,-155.3268,6.89,3.13,4590,5576,5576,0,184.92583333333334
19.3617,-155.0405,7.94,2.54,4591,5577,5577,0,180.31861111111112
19.3617,-155.1208,8.01,2.31,4592,5578,5578,0,179.2927777777778
19.3382,-155.1965,8.89,3.22,4593,5579,5579,0,177.57583333333332
19.299,-155.4597,10.46,1.79,4594,5580,5580,0,168.975
19.3613,-155.0445,6.58,1.84,4593,5581,5581,0,151.34722222222223
19.4452,-155.4855,9.55,1.97,4593,5582,5582,0,144.7563888888889
19.3112,-155.4327,10.33,2.45,4594,5583,5583,0,138.35888888888888
19.3285,-155.1277,6.24,1.57,4595,5584,5584,0,136.74
19.4448,-155.5007,9.53,1.68,4596,5585,5585,0,134.415
19.4118,-155.3172,5.95,1.55,4596,5586,5586,0,131.02944444444444
19.3787,-155.4413,9.83,1.68,4597,5587,5587,0,129.77138888888888
19.367,-155.0342,5.11,1.53,4598,5588,5588,0,120.63361111111111
19.3263,-155.1947,6.27,1.89,4599,5589,5589,0,119.1211111111111
19.4373,-155.3502,7.98,1.55,4594,5590,5590,0,93.91472222222222
19.2952,-155.243,10.61,1.65,4591,5591,5591,0,69.38
19.3628,-155.1973,2.72,1.54,4588,5592,5592,0,59.95305555555556
19.3137,-155.1907,8.04,3.33,4589,5593,5593,0,40.70333333333333
19.3678,-155.0387,5.89,1.83,4589,5594,5594,0,31.43166666666667
19.324,-155.1693,7.46,1.58,4590,5595,5595,0,27.88361111111111
19.3737,-155.4518,10.32,2.0,4590,5596,5596,0,9.707222222222223
19.2953,-155.34,7.46,1.69,4589,5597,5597,0,5.296111111111111
19.4037,-155.2573,2.72,2.51,4587,5598,5598,1,0.0
19.3148,-155.2607,6.4,1.62,4587,5599,5599,1,0.0
19.3332,-155.1967,6.07,2.08,4583,5600,5600,0,615.7794444444445
19.2677,-155.4665,10.36,2.27,4581,5601,5601,0,608.7655555555556
19.36,-155.0507,7.58,2.65,4582,5602,5602,0,606.1780555555556
19.3157,-155.2595,5.46,1.51,4583,5603,5603,0,603.7586111111111
19.4282,-155.404,9.07,2.08,4581,5604,5604,0,600.0497222222223
19.4945,-155.4628,3.48,1.9,4582,5605,5605,0,593.6652777777778
19.327,-155.1367,5.47,1.57,4582,5606,5606,0,591.2022222222222
19.3302,-155.2083,7.75,2.55,4581,5607,5607,0,572.3333333333334
19.3718,-155.0687,7.48,1.83,4578,5608,5608,0,551.09
19.4357,-155.278,6.6,1.51,4579,5609,5609,0,548.4894444444444
19.3457,-155.2203,6.84,1.87,4580,5610,5610,0,543.8319444444444
19.472,-155.4515,3.04,2.21,4581,5611,5611,0,540.9488888888889
19.3477,-155.1907,7.59,2.16,4581,5612,5612,0,527.8166666666667
19.3305,-155.256,8.06,1.91,4582,5613,5613,0,527.6625
19.3703,-155.4573,9.8,2.01,4583,5614,5614,0,523.3363888888889
19.3212,-155.1905,8.15,3.55,4584,5615,5615,0,520.6458333333334
19.2838,-155.379,5.51,2.56,4583,5616,5616,0,513.5447222222223
19.3455,-155.102,7.42,1.85,4583,5617,5617,0,505.0411111111111
19.3237,-155.1215,8.49,2.53,4584,5618,5618,0,499.05583333333334
19.3167,-155.2318,7.78,2.63,4585,5619,5619,0,492.4633333333333
19.3565,-155.0983,7.52,2.72,4586,5620,5620,0,491.5447222222222
19.4038,-155.2927,16.34,3.47,4587,5621,5621,0,482.8238888888889
19.3568,-155.0388,7.68,2.45,4584,5622,5622,0,462.1413888888889
19.3095,-155.253,7.4,2.8,4585,5623,5623,0,453.84166666666664
19.3065,-155.2332,5.78,1.62,4586,5624,5624,0,451.03055555555557
19.3998,-155.438,9.41,1.66,4587,5625,5625,0,449.2786111111111
19.3315,-155.1337,8.32,2.35,4588,5626,5626,0,441.80555555555554
19.3475,-155.1032,6.98,2.03,4584,5627,5627,0,424.63416666666666
19.3448,-155.0503,6.87,1.85,4585,5628,5628,0,416.8663888888889
19.4425,-155.501,10.39,1.69,4586,5629,5629,0,415.56166666666667
19.3362,-155.1793,8.42,1.57,4586,5630,5630,0,406.9916666666667
19.663,-155.3195,24.24,1.86,4587,5631,5631,0,400.15944444444443
19.3208,-155.1992,4.04,1.59,4587,5632,5632,0,394.2630555555556
19.368,-155.0433,6.53,1.83,4585,5633,5633,0,379.7575
19.3422,-155.3492,29.47,2.57,4585,5634,5634,0,375.25111111111113
19.4072,-155.2788,13.93,1.56,4586,5635,5635,0,368.7463888888889
19.4418,-155.2735,9.97,1.51,4587,5636,5636,0,368.7013888888889
19.3862,-155.2912,9.09,1.57,4588,5637,5637,0,368.17555555555555
19.4572,-155.4733,9.06,1.64,4579,5638,5638,0,308.36027777777775
19.34,-155.1943,8.44,1.87,4580,5639,5639,0,307.8752777777778
19.284,-155.2105,7.37,1.94,4581,5640,5640,0,307.62416666666667
19.3177,-155.1873,4.28,1.59,4582,5641,5641,0,307.13138888888886
19.3225,-155.1982,3.47,1.59,4583,5642,5642,0,306.83222222222224
19.4783,-155.2243,10.53,2.24,4584,5643,5643,0,300.97583333333336
19.3685,-155.4808,9.82,2.04,4585,5644,5644,0,287.58416666666665
19.3402,-155.2062,8.59,2.18,4586,5645,5645,0,278.1163888888889
19.328,-155.2048,6.98,1.59,4586,5646,5646,0,260.57444444444445
19.3267,-155.2527,7.73,2.08,4584,5647,5647,0,253.1511111111111
19.4262,-155.367,10.88,1.88,4585,5648,5648,0,252.29666666666665
19.3297,-155.1863,7.87,1.88,4584,5649,5649,0,245.65222222222224
19.378,-155.4508,9.84,2.3,4585,5650,5650,0,243.17222222222222
19.3107,-155.1988,6.0,2.08,4584,5651,5651,0,241.84777777777776
19.3517,-155.1108,7.58,2.15,4583,5652,5652,0,240.52833333333334
19.3163,-155.2237,11.31,3.77,4581,5653,5653,0,217.50694444444446
19.3173,-155.2237,9.3,2.83,4582,5654,5654,0,217.43555555555557
19.2927,-155.223,8.52,2.12,4583,5655,5655,0,217.0725
19.2993,-155.2235,6.49,1.69,4584,5656,5656,0,216.44472222222223
19.3057,-155.2195,7.69,1.62,4584,5657,5657,0,216.32527777777779
19.2933,-155.2222,5.79,2.11,4585,5658,5658,0,206.4611111111111
19.3667,-155.0817,8.33,2.01,4583,5659,5659,0,189.30666666666667
19.3523,-155.4878,6.13,1.75,4584,5660,5660,0,183.97861111111112
19.2937,-155.5042,8.39,1.84,4585,5661,5661,0,179.195
19.2972,-155.2142,9.25,1.63,4586,5662,5662,0,175.42305555555555
19.3025,-155.2232,8.18,2.1,4587,5663,5663,0,175.31083333333333
19.2988,-155.2163,9.24,1.93,4588,5664,5664,0,175.24944444444444
19.3467,-155.0498,5.86,2.03,4589,5665,5665,0,172.5388888888889
19.296,-155.2203,7.86,1.93,4590,5666,5666,0,156.63333333333333
19.3817,-155.4587,10.1,1.7,4590,5667,5667,0,154.88611111111112
19.3685,-155.043,7.82,2.13,4590,5668,5668,0,147.74194444444444
19.4165,-155.3212,4.4,2.53,4590,5669,5669,0,143.17083333333332
19.3265,-155.1057,8.73,2.48,4591,5670,5670,0,141.64083333333335
19.3557,-155.0677,6.85,2.24,4592,5671,5671,0,140.84777777777776
19.3568,-155.0712,7.84,2.69,4593,5672,5672,0,140.83083333333335
19.3567,-155.0752,7.73,2.54,4594,5673,5673,0,139.4175
19.4232,-155.2992,6.13,2.32,4595,5674,5674,0,124.13166666666666
19.3582,-155.401,12.72,2.77,4591,5675,5675,0,73.18638888888889
19.4117,-155.322,6.27,2.88,4589,5676,5676,0,37.2575
19.4125,-155.3253,6.85,2.74,4590,5677,5677,0,36.655277777777776
19.4102,-155.3198,5.59,2.52,4591,5678,5678,0,36.541111111111114
19.3737,-155.0363,7.81,1.55,4587,5679,5679,0,6.480833333333333
19.315,-155.2492,6.68,1.52,4588,5680,5680,1,0.0
19.302,-155.2205,6.05,1.52,4589,5681,5681,1,0.0
19.3098,-155.2202,6.83,1.61,4589,5682,5682,1,0.0
19.314,-155.2222,4.02,1.61,4590,5683,5683,1,0.0
19.3298,-155.1885,6.95,2.21,4590,5684,5684,1,0.0
19.35,-155.0475,7.5,2.69,4587,5685,5685,0,465.55444444444447
19.3823,-155.0463,1.11,1.81,4587,5686,5686,0,462.84166666666664
19.3008,-155.2248,6.62,1.93,4588,5687,5687,0,457.5177777777778
19.3348,-155.1155,3.59,1.86,4587,5688,5688,0,437.6686111111111
19.3158,-155.2542,7.48,1.62,4588,5689,5689,0,431.01972222222224
19.3783,-155.4793,8.75,2.42,4582,5690,5690,0,398.9888888888889
19.3043,-155.216,9.67,2.84,4583,5691,5691,0,392.7972222222222
19.2982,-155.2183,6.02,1.63,4584,5692,5692,0,392.7441666666667
19.351,-155.1048,7.6,2.5,4585,5693,5693,0,391.9197222222222
19.2962,-155.2218,5.67,1.63,4586,5694,5694,0,391.8938888888889
19.2762,-155.2143,11.73,2.27,4587,5695,5695,0,391.8641666666667
19.3622,-155.0783,6.87,1.83,4588,5696,5696,0,390.8286111111111
19.3328,-155.135,8.95,3.02,4589,5697,5697,0,390.4288888888889
19.4168,-155.339,1.55,1.56,4585,5698,5698,0,368.8727777777778
19.377,-155.0422,8.52,1.82,4584,5699,5699,0,361.50305555555553
19.342,-155.097,7.11,1.86,4584,5700,5700,0,355.5263888888889
19.3302,-155.0668,6.36,2.04,4585,5701,5701,0,351.4372222222222
19.3868,-155.4517,10.35,1.99,4585,5702,5702,0,349.95472222222224
19.3113,-155.2217,7.43,2.31,4585,5703,5703,0,344.05694444444447
19.329,-155.2075,6.99,1.89,4586,5704,5704,0,340.1425
19.3703,-155.0125,6.88,2.01,4587,5705,5705,0,339.98055555555555
19.3363,-155.0642,6.41,1.56,4588,5706,5706,0,338.6175
19.317,-155.1643,8.85,1.59,4589,5707,5707,0,331.8938888888889
19.3173,-155.2262,7.11,1.61,4590,5708,5708,0,329.6141666666667
19.3452,-155.0497,8.87,3.75,4591,5709,5709,0,316.19916666666666
19.344,-155.0992,7.56,2.46,4592,5710,5710,0,314.5208333333333
19.3295,-155.2528,7.88,1.91,4593,5711,5711,0,314.38194444444446
19.4332,-155.3543,10.74,3.63,4594,5712,5712,0,312.38166666666666
19.4243,-155.5137,9.01,1.86,4591,5713,5713,0,288.6277777777778
19.3248,-155.1782,7.28,2.06,4592,5714,5714,0,284.81194444444446
19.3258,-155.2033,7.33,1.89,4587,5715,5715,0,248.10888888888888
19.3358,-155.2027,7.38,1.88,4588,5716,5716,0,235.42305555555555
19.492,-155.491,2.07,1.93,4588,5717,5717,0,229.88861111111112
19.3178,-155.4712,9.09,1.78,4588,5718,5718,0,225.36305555555555
19.3057,-155.2197,7.6,2.33,4585,5719,5719,0,193.0413888888889
19.3043,-155.2155,8.41,1.86,4586,5720,5720,0,193.02944444444444
19.3683,-155.2167,3.26,1.62,4587,5721,5721,0,183.12166666666667
19.3557,-155.053,6.55,2.72,4587,5722,5722,0,175.12916666666666
19.3318,-155.1973,6.47,2.41,4588,5723,5723,0,168.42916666666667
19.4137,-155.3267,7.23,1.54,4589,5724,5724,0,163.92444444444445
19.3595,-155.0465,7.05,1.57,4590,5725,5725,0,158.45166666666665
19.3825,-155.4122,10.82,1.73,4591,5726,5726,0,154.08583333333334
19.3823,-155.4452,10.33,2.71,4591,5727,5727,0,149.89944444444444
19.363,-155.0763,6.7,1.55,4588,5728,5728,0,131.875
19.3348,-155.1398,5.28,1.82,4589,5729,5729,0,126.25694444444444
19.3678,-155.477,10.13,2.03,4590,5730,5730,0,117.44777777777777
19.3468,-155.0437,6.82,1.57,4587,5731,5731,0,86.84388888888888
19.3947,-155.2615,2.75,1.77,4586,5732,5732,0,59.27916666666667
19.3948,-155.2607,2.82,2.03,4587,5733,5733,0,58.464444444444446
19.3002,-155.2505,5.68,1.96,4588,5734,5734,0,57.114444444444445
19.3892,-155.3463,10.6,2.99,4588,5735,5735,0,49.59527777777778
19.3793,-155.4408,9.54,1.66,4586,5736,5736,0,35.425
19.5247,-155.3162,8.49,1.52,4586,5737,5737,0,22.92361111111111
19.4177,-155.0645,7.69,1.7,4584,5738,5738,0,9.385833333333334
19.3488,-155.073,7.79,2.3,4584,5739,5739,0,5.686944444444444
19.3833,-155.4433,10.04,1.88,4580,5740,5740,1,0.0
19.3753,-155.0355,5.8,2.37,4579,5741,5741,1,0.0
19.4012,-155.2655,2.98,2.98,4580,5742,5742,0,540.0958333333333
19.3662,-155.0355,4.9,2.37,4581,5743,5743,0,538.7
19.336,-155.2177,7.17,2.09,4581,5744,5744,0,527.3152777777777
19.2912,-155.2193,7.54,1.85,4578,5745,5745,0,499.1977777777778
19.29,-155.2188,6.2,2.34,4577,5746,5746,0,497.6411111111111
19.2935,-155.2173,6.42,2.69,4578,5747,5747,0,497.26472222222225
19.3248,-155.189,6.64,1.89,4579,5748,5748,0,496.6525
19.4892,-155.4532,6.09,2.74,4580,5749,5749,0,491.9613888888889
19.3527,-155.042,7.39,1.85,4581,5750,5750,0,491.18
19.3538,-155.0455,4.79,2.32,4582,5751,5751,0,489.1791666666667
19.4865,-155.451,2.6,1.82,4582,5752,5752,0,483.23
19.2572,-155.4612,3.43,1.84,4583,5753,5753,0,479.49555555555554
19.3478,-155.2922,27.72,2.72,4584,5754,5754,0,479.4825
19.3412,-155.154,5.7,2.31,4582,5755,5755,0,461.9608333333333
19.3012,-155.5043,11.38,2.14,4583,5756,5756,0,455.9841666666667
19.3212,-155.2002,8.12,2.66,4584,5757,5757,0,451.67805555555555
19.4025,-155.483,10.69,1.7,4584,5758,5758,0,447.44194444444446
19.3253,-155.124,5.58,1.87,4584,5759,5759,0,444.9555555555556
19.5005,-155.4508,6.08,3.15,4584,5760,5760,0,427.55555555555554
19.3222,-155.1995,8.19,2.29,4584,5761,5761,0,415.0388888888889
19.3453,-155.2155,8.61,1.88,4585,5762,5762,0,408.1797222222222
19.2515,-155.4948,8.48,1.89,4585,5763,5763,0,396.1922222222222
19.3273,-155.114,7.16,1.87,4585,5764,5764,0,387.17805555555555
19.3578,-155.11,6.71,1.84,4585,5765,5765,0,377.72833333333335
19.3553,-155.3003,27.59,2.79,4585,5766,5766,0,371.04277777777776
19.3302,-155.1385,7.88,1.87,4585,5767,5767,0,364.4741666666667
19.549,-155.3817,13.13,1.82,4584,5768,5768,0,357.8886111111111
19.3602,-155.1182,7.68,2.32,4585,5769,5769,0,355.81666666666666
19.4255,-155.4887,9.12,1.69,4586,5770,5770,0,334.81388888888887
19.2968,-155.2715,29.6,2.79,4587,5771,5771,0,331.05916666666667
19.3012,-155.266,29.12,1.82,4588,5772,5772,0,330.33166666666665
19.3105,-155.2655,29.81,3.44,4589,5773,5773,0,324.1688888888889
19.4823,-155.4172,4.06,2.26,4590,5774,5774,0,305.2663888888889
19.2762,-155.4705,9.84,1.83,4590,5775,5775,0,296.66833333333335
19.354,-155.0225,7.35,2.15,4589,5776,5776,0,281.4427777777778
19.3215,-155.1845,6.46,1.89,4585,5777,5777,0,264.6558333333333
19.619,-155.1698,7.0,2.11,4583,5778,5778,0,253.25972222222222
19.3003,-155.2297,9.15,2.11,4584,5779,5779,0,251.56833333333333
19.3477,-155.0412,7.1,2.15,4583,5780,5780,0,249.0536111111111
19.2662,-155.4917,10.06,2.47,4582,5781,5781,0,240.055
19.363,-155.0155,3.75,2.01,4580,5782,5782,0,227.23916666666668
19.3298,-155.2002,6.64,2.06,4581,5783,5783,0,221.45833333333334
19.3477,-155.5062,9.64,2.09,4580,5784,5784,0,219.09944444444446
19.3233,-155.122,7.65,2.05,4580,5785,5785,0,216.03583333333333
19.3343,-155.1938,7.83,2.1,4579,5786,5786,0,199.73361111111112
19.3187,-155.1425,5.14,1.51,4578,5787,5787,0,193.4163888888889
19.354,-155.0757,7.46,1.72,4575,5788,5788,0,163.18333333333334
19.3522,-155.1213,5.41,2.02,4574,5789,5789,0,155.4911111111111
19.361,-155.074,7.74,1.84,4574,5790,5790,0,136.77583333333334
19.3653,-155.06,3.87,1.83,4575,5791,5791,0,136.45666666666668
19.3643,-155.0778,6.91,1.83,4575,5792,5792,0,122.37583333333333
19.321,-155.129,7.15,1.88,4576,5793,5793,0,116.52972222222222
19.3707,-155.0445,0.01,1.82,4574,5794,5794,0,95.80611111111111
19.2583,-155.4995,8.89,2.19,4575,5795,5795,0,93.26
19.4735,-155.4457,6.17,3.1,4574,5796,5796,0,70.29666666666667
19.4033,-155.265,3.08,2.16,4575,5797,5797,0,68.1725
19.4817,-155.4125,11.0,1.58,4574,5798,5798,0,56.53777777777778
19.3292,-155.1928,7.34,1.88,4575,5799,5799,0,53.51638888888889
19.3812,-155.0705,7.73,2.12,4575,5800,5800,0,49.04833333333333
19.3377,-155.1773,7.08,2.17,4576,5801,5801,0,46.533055555555556
19.3222,-155.2563,6.91,2.09,4577,5802,5802,0,42.29333333333334
19.3808,-155.4453,9.85,2.58,4577,5803,5803,0,36.09166666666667
19.3302,-155.1377,7.72,1.87,4577,5804,5804,0,28.112222222222222
19.459,-155.4947,11.42,1.97,4577,5805,5805,0,20.679166666666667
19.3843,-155.0572,7.67,1.51,4578,5806,5806,0,19.7075
19.3528,-155.0247,7.01,2.15,4579,5807,5807,0,17.565277777777776
19.3588,-155.0265,5.46,1.54,4580,5808,5808,0,17.139166666666668
19.5152,-155.3865,13.67,2.55,4578,5809,5809,0,6.813888888888889
19.3403,-155.2137,8.82,3.08,4578,5810,5810,1,0.0
19.5155,-155.3878,13.78,2.99,4579,5811,5811,1,0.0
19.3262,-155.1393,7.08,1.98,4580,5812,5812,1,0.0
19.3622,-155.1995,2.56,1.61,4581,5813,5813,1,0.0
19.5132,-155.3853,13.56,2.55,4582,5814,5814,1,0.0
19.5152,-155.3907,13.78,2.73,4583,5815,5815,1,0.0
19.3747,-155.4843,9.49,2.33,4584,5816,5816,1,0.0
19.2988,-155.2348,11.19,3.27,4582,5817,5817,1,0.0
19.2852,-155.2348,7.93,2.65,4583,5818,5818,1,0.0
19.4197,-155.3225,4.73,1.55,4583,5819,5819,0,584.2097222222222
19.4065,-155.286,1.84,1.77,4584,5820,5820,0,578.2088888888889
19.4053,-155.2735,0.65,1.6,4585,5821,5821,0,573.0527777777778
19.318,-155.2265,8.81,2.21,4586,5822,5822,0,567.1811111111111
19.432,-155.501,9.55,1.65,4586,5823,5823,0,561.5783333333334
19.5118,-155.3917,13.87,2.8,4587,5824,5824,0,558.7002777777777
19.3993,-155.2572,3.61,1.81,4588,5825,5825,0,555.1313888888889
19.3725,-155.4843,9.73,2.04,4589,5826,5826,0,553.3552777777778
19.5132,-155.385,13.23,2.24,4585,5827,5827,0,535.4363888888889
19.3303,-155.1272,6.62,1.57,4585,5828,5828,0,532.6672222222222
19.3475,-155.1113,6.87,1.85,4583,5829,5829,0,517.1527777777778
19.3022,-155.2223,5.74,1.51,4576,5830,5830,0,489.22305555555556
19.5113,-155.3893,13.79,2.68,4577,5831,5831,0,487.6791666666667
19.4042,-155.4233,8.86,2.64,4573,5832,5832,0,484.15777777777777
19.2908,-155.2592,8.96,1.73,4571,5833,5833,0,475.8886111111111
19.3668,-155.0847,6.36,1.54,4570,5834,5834,0,471.07694444444445
19.419,-155.2677,16.75,3.45,4571,5835,5835,0,462.85583333333335
19.4248,-155.4888,9.87,2.17,4564,5836,5836,0,402.54777777777775
19.369,-155.4847,10.01,1.99,4563,5837,5837,0,397.5097222222222
19.312,-155.2172,5.88,1.61,4564,5838,5838,0,392.28694444444443
19.3267,-155.2037,6.46,1.51,4564,5839,5839,0,383.58194444444445
19.519,-155.388,13.7,2.5,4562,5840,5840,0,372.6408333333333
19.4263,-155.3323,7.93,1.85,4563,5841,5841,0,367.12083333333334
19.3248,-155.1838,8.8,1.59,4563,5842,5842,0,354.8672222222222
19.3427,-155.187,8.26,2.17,4562,5843,5843,0,339.76666666666665
19.2833,-155.4643,8.85,1.72,4563,5844,5844,0,338.14972222222224
19.3025,-155.263,8.18,2.12,4559,5845,5845,0,312.1716666666667
19.402,-155.2642,3.14,1.63,4560,5846,5846,0,310.1977777777778
19.309,-155.4403,8.62,1.85,4561,5847,5847,0,309.5283333333333
19.4228,-155.383,8.9,1.89,4561,5848,5848,0,303.59055555555557
19.3098,-155.2235,7.23,1.92,4562,5849,5849,0,301.6202777777778
19.325,-155.2052,3.76,1.59,4563,5850,5850,0,301.5697222222222
19.3205,-155.2487,6.57,1.61,4564,5851,5851,0,300.34055555555557
19.2823,-155.374,8.71,2.21,4565,5852,5852,0,299.5436111111111
19.3663,-155.273,27.51,2.13,4565,5853,5853,0,291.3161111111111
19.3898,-155.3027,29.28,3.09,4562,5854,5854,0,269.3786111111111
19.3542,-155.0185,8.17,2.03,4563,5855,5855,0,263.2758333333333
19.325,-155.1273,6.69,1.54,4560,5856,5856,0,239.53444444444443
19.3373,-155.1213,6.81,1.56,4560,5857,5857,0,235.5572222222222
19.324,-155.19,8.95,2.94,4561,5858,5858,0,233.91916666666665
19.3262,-155.1845,7.77,1.59,4562,5859,5859,0,233.69611111111112
19.4683,-155.4445,6.2,1.6,4561,5860,5860,0,227.47805555555556
19.392,-155.5037,9.24,1.73,4561,5861,5861,0,213.6838888888889
19.512,-155.3928,13.43,1.85,4562,5862,5862,0,213.20194444444445
19.4038,-155.2615,3.3,3.2,4552,5863,5863,0,132.96166666666667
19.364,-155.2108,2.85,1.54,4549,5864,5864,0,99.3086111111111
19.3043,-155.4348,11.14,2.07,4550,5865,5865,0,97.07138888888889
19.3275,-155.1337,6.85,2.05,4548,5866,5866,0,86.8313888888889
19.3227,-155.2275,8.72,2.08,4549,5867,5867,0,79.34361111111112
19.3352,-155.1888,7.37,1.88,4550,5868,5868,0,75.03305555555555
19.3328,-155.2098,8.31,2.06,4550,5869,5869,0,74.58777777777777
19.3413,-155.2122,7.85,1.58,4550,5870,5870,0,72.45777777777778
19.3248,-155.2093,6.51,1.89,4550,5871,5871,0,67.74722222222222
19.3405,-155.1055,7.87,2.63,4551,5872,5872,0,66.48777777777778
19.4222,-155.3318,6.68,1.55,4552,5873,5873,0,59.50055555555556
19.3633,-155.2097,3.39,1.85,4553,5874,5874,0,49.194722222222225
19.3902,-155.2433,28.26,1.94,4554,5875,5875,0,47.45388888888889
19.3602,-155.2002,2.34,1.76,4555,5876,5876,0,44.18333333333333
19.3417,-155.2132,7.66,1.58,4556,5877,5877,0,41.75833333333333
19.319,-155.2545,8.31,1.62,4557,5878,5878,0,40.34583333333333
19.3913,-155.2525,3.13,2.03,4556,5879,5879,0,9.575555555555555
19.3417,-155.2097,7.19,1.57,4557,5880,5880,1,0.0
19.3728,-155.0232,7.97,1.83,4556,5881,5881,1,0.0
19.3493,-155.1943,8.05,2.59,4556,5882,5882,1,0.0
19.3975,-155.2587,2.97,1.63,4556,5883,5883,1,0.0
19.3988,-155.2658,3.24,2.04,4557,5884,5884,1,0.0
19.3995,-155.265,2.74,2.65,4558,5885,5885,1,0.0
19.2715,-155.362,7.35,1.84,4559,5886,5886,1,0.0
19.282,-155.3632,3.17,1.78,4560,5887,5887,1,0.0
19.4132,-155.3315,6.99,2.58,4560,5888,5888,1,0.0
19.3042,-155.2207,6.87,1.62,4561,5889,5889,1,0.0
19.3287,-155.5068,5.56,2.1,4562,5890,5890,0,537.1644444444445
19.3443,-155.2158,7.06,1.57,4562,5891,5891,0,533.5580555555556
19.3438,-155.0677,5.63,1.85,4561,5892,5892,0,529.1216666666667
19.3607,-155.1172,6.39,1.83,4561,5893,5893,0,524.1386111111111
19.2127,-155.4683,11.2,1.92,4560,5894,5894,0,517.8586111111111
19.3263,-155.1962,6.87,2.19,4561,5895,5895,0,505.68444444444447
19.3232,-155.1395,6.64,1.69,4562,5896,5896,0,504.9841666666667
19.4582,-155.4633,10.73,1.64,4563,5897,5897,0,502.85055555555556
19.487,-155.4617,7.41,3.39,4564,5898,5898,0,502.54583333333335
19.3545,-155.0288,6.44,2.15,4565,5899,5899,0,496.8352777777778
19.3325,-155.175,5.28,2.05,4566,5900,5900,0,496.18361111111113
19.3828,-155.5043,9.27,1.74,4567,5901,5901,0,495.35833333333335
19.3262,-155.1788,8.26,1.58,4554,5902,5902,0,473.68055555555554
19.4035,-155.448,9.78,1.67,4555,5903,5903,0,469.5675
19.379,-155.0498,8.02,2.42,4555,5904,5904,0,467.4613888888889
19.5372,-155.2622,21.75,2.61,4553,5905,5905,0,457.6872222222222
19.365,-155.4398,10.53,2.0,4553,5906,5906,0,452.0941666666667
19.3608,-155.0793,7.91,2.49,4554,5907,5907,0,450.61305555555555
19.4285,-155.3743,8.27,2.28,4552,5908,5908,0,446.26722222222224
19.3645,-155.0847,6.16,1.83,4553,5909,5909,0,435.8208333333333
19.3365,-155.174,8.19,1.57,4553,5910,5910,0,431.7294444444444
19.4203,-155.3028,15.0,1.89,4554,5911,5911,0,425.76916666666665
19.3433,-155.0212,9.25,3.32,4553,5912,5912,0,410.4472222222222
19.3652,-155.0245,5.75,1.83,4554,5913,5913,0,410.3861111111111
19.4193,-155.3412,0.83,1.86,4555,5914,5914,0,410.28833333333336
19.3648,-155.0265,8.21,1.54,4552,5915,5915,0,401.54833333333335
19.3103,-155.4797,29.09,1.86,4553,5916,5916,0,394.4894444444444
19.357,-155.0755,7.6,2.38,4553,5917,5917,0,384.5441666666667
19.3582,-155.5023,9.73,2.88,4554,5918,5918,0,371.195
19.4223,-155.2725,12.61,1.54,4555,5919,5919,0,367.60833333333335
19.4123,-155.2765,12.71,1.55,4556,5920,5920,0,364.5463888888889
19.3662,-155.4343,10.54,3.01,4554,5921,5921,0,344.5308333333333
19.4003,-155.4382,9.72,1.66,4555,5922,5922,0,344.0825
19.3113,-155.217,8.65,2.31,4555,5923,5923,0,334.6644444444444
19.3598,-155.0487,5.29,1.83,4554,5924,5924,0,328.235
19.5158,-155.39,13.79,2.25,4546,5925,5925,0,301.29527777777776
19.2492,-155.4412,7.81,1.84,4546,5926,5926,0,295.6166666666667
19.3377,-155.3817,9.36,1.68,4547,5927,5927,0,295.6022222222222
19.3452,-155.2132,7.84,1.87,4545,5928,5928,0,273.20916666666665
19.4243,-155.4877,9.55,1.69,4546,5929,5929,0,273.0438888888889
19.3282,-155.116,7.8,2.35,4544,5930,5930,0,260.78333333333336
19.3513,-155.2193,8.26,2.85,4545,5931,5931,0,260.49083333333334
19.3438,-155.212,7.7,1.87,4546,5932,5932,0,258.61694444444447
19.3568,-155.0262,7.58,2.15,4545,5933,5933,0,241.28416666666666
19.4335,-155.485,9.64,1.98,4542,5934,5934,0,223.54472222222222
19.3735,-155.4838,9.47,2.33,4543,5935,5935,0,222.04416666666665
19.3715,-155.0233,0.02,1.82,4543,5936,5936,0,215.76611111111112
19.331,-155.1225,4.07,1.56,4534,5937,5937,0,161.54916666666668
19.322,-155.1738,7.11,2.19,4532,5938,5938,0,148.5888888888889
19.3127,-155.228,5.79,1.82,4532,5939,5939,0,130.26333333333332
19.3322,-155.126,4.81,1.96,4533,5940,5940,0,127.29055555555556
19.213,-155.3278,9.6,2.11,4533,5941,5941,0,108.73305555555555
19.2982,-155.2142,10.36,2.74,4533,5942,5942,0,85.06361111111111
19.2928,-155.2145,10.86,2.79,4533,5943,5943,0,82.15222222222222
19.3257,-155.1255,7.19,1.71,4534,5944,5944,0,76.36916666666667
19.354,-155.0337,6.55,2.02,4534,5945,5945,0,66.27833333333334
19.3618,-155.2155,2.92,1.61,4535,5946,5946,0,65.11277777777778
19.4285,-155.322,6.93,1.54,4535,5947,5947,0,64.22694444444444
19.4692,-155.4498,9.35,3.27,4532,5948,5948,0,40.76416666666667
19.369,-155.1005,7.07,2.13,4531,5949,5949,0,22.3275
19.3005,-155.2102,10.47,2.11,4531,5950,5950,0,11.799166666666666
19.4168,-155.3113,5.43,3.32,4532,5951,5951,0,11.766666666666667
19.44,-155.2835,16.85,2.76,4532,5952,5952,1,0.0
19.3323,-155.1918,9.12,2.89,4531,5953,5953,1,0.0
19.3207,-155.258,8.42,2.32,4532,5954,5954,0,521.8502777777778
19.324,-155.1048,8.32,1.88,4533,5955,5955,0,519.3730555555555
19.315,-155.2455,6.24,1.62,4528,5956,5956,0,470.6461111111111
19.3298,-155.2008,8.46,1.59,4524,5957,5957,0,444.7966666666667
19.311,-155.4175,10.28,1.56,4525,5958,5958,0,437.75694444444446
19.3253,-155.1967,8.77,2.37,4520,5959,5959,0,412.28805555555556
19.3228,-155.1215,8.47,1.58,4521,5960,5960,0,410.33944444444444
19.496,-155.4617,5.16,3.53,4522,5961,5961,0,408.15833333333336
19.3432,-155.2133,8.95,2.99,4523,5962,5962,0,407.14444444444445
19.3397,-155.2107,8.22,1.58,4522,5963,5963,0,389.04555555555555
19.3563,-155.035,6.32,2.02,4521,5964,5964,0,367.50638888888886
19.3397,-155.2127,8.15,1.53,4522,5965,5965,0,361.6463888888889
19.4267,-155.3217,7.96,1.85,4520,5966,5966,0,341.34194444444444
19.3927,-155.2765,11.04,1.88,4520,5967,5967,0,337.32055555555553
19.3228,-155.1192,7.28,1.55,4521,5968,5968,0,310.11611111111114
19.327,-155.1242,8.29,2.57,4521,5969,5969,0,296.5572222222222
19.3263,-155.1748,8.21,1.88,4522,5970,5970,0,290.62
19.33,-155.1692,10.04,1.58,4523,5971,5971,0,289.5933333333333
19.4217,-155.333,7.11,1.86,4524,5972,5972,0,288.7752777777778
19.402,-155.2623,2.87,1.63,4524,5973,5973,0,283.34944444444443
19.4012,-155.2633,3.53,1.92,4522,5974,5974,0,269.70222222222225
19.4212,-155.2778,13.6,1.78,4523,5975,5975,0,269.5777777777778
19.3255,-155.1205,7.44,1.57,4524,5976,5976,0,265.32944444444445
19.272,-155.4367,9.24,1.87,4523,5977,5977,0,239.01444444444445
19.3207,-155.1882,5.0,1.59,4522,5978,5978,0,206.04722222222222
19.4545,-155.4778,7.85,1.95,4520,5979,5979,0,190.30805555555557
19.2955,-155.213,10.17,1.94,4521,5980,5980,0,187.29222222222222
19.2968,-155.2195,5.76,1.68,4522,5981,5981,0,186.86305555555555
19.4162,-155.3158,7.97,2.77,4523,5982,5982,0,186.3827777777778
19.2765,-155.213,8.64,1.56,4524,5983,5983,0,185.4736111111111
19.4187,-155.3147,6.1,1.54,4525,5984,5984,0,184.0247222222222
19.4132,-155.319,6.79,1.55,4525,5985,5985,0,174.9388888888889
19.2902,-155.2197,7.48,1.94,4526,5986,5986,0,173.53555555555556
19.4867,-155.4515,8.8,1.9,4527,5987,5987,0,172.89222222222222
19.4413,-155.4748,8.76,1.66,4527,5988,5988,0,164.74027777777778
19.31,-155.2205,9.41,2.82,4528,5989,5989,0,164.57444444444445
19.4347,-155.4893,9.45,1.68,4527,5990,5990,0,157.02277777777778
19.3352,-155.14,7.22,1.54,4526,5991,5991,0,147.1186111111111
19.3862,-155.0172,6.43,2.12,4523,5992,5992,0,123.90416666666667
19.3405,-155.2082,7.6,1.58,4523,5993,5993,0,123.20861111111111
19.3872,-155.1427,4.29,1.66,4521,5994,5994,0,113.25305555555556
19.3478,-155.2268,1.56,2.13,4522,5995,5995,0,107.35888888888888
19.3268,-155.205,5.21,1.59,4522,5996,5996,0,103.34666666666666
19.3075,-155.5085,10.62,2.14,4521,5997,5997,0,98.00611111111111
19.3987,-155.4492,10.0,1.97,4519,5998,5998,0,73.6661111111111
19.3608,-155.1957,2.94,1.62,4519,5999,5999,0,71.74694444444444
19.3802,-155.0402,7.13,1.82,4518,6000,6000,0,60.39666666666667
19.3362,-155.2128,6.53,1.58,4516,6001,6001,0,37.00833333333333
19.3875,-155.2458,2.88,2.01,4514,6002,6002,0,27.54388888888889
19.3273,-155.1923,7.57,2.36,4512,6003,6003,0,9.554444444444444
19.3228,-155.1828,6.24,1.59,4512,6004,6004,0,1.6355555555555557
19.3537,-155.0352,6.1,1.84,4513,6005,6005,1,0.0
19.3585,-155.107,8.04,2.14,4509,6006,6006,1,0.0
19.3525,-155.0562,7.19,1.87,4509,6007,6007,1,0.0
19.3403,-155.214,8.17,2.68,4510,6008,6008,1,0.0
19.3388,-155.1953,8.09,3.7,4511,6009,6009,1,0.0
19.3172,-155.2298,6.25,1.52,4512,6010,6010,1,0.0
19.483,-155.4743,10.72,2.19,4513,6011,6011,1,0.0
19.3252,-155.5088,9.38,2.72,4513,6012,6012,1,0.0
19.3323,-155.1985,7.6,1.84,4514,6013,6013,1,0.0
19.333,-155.1938,9.07,1.55,4515,6014,6014,1,0.0
19.3558,-155.0228,7.68,2.53,4516,6015,6015,1,0.0
19.37,-155.482,8.75,1.56,4513,6016,6016,1,0.0
19.4045,-155.2898,2.03,2.15,4514,6017,6017,1,0.0
19.3253,-155.1802,6.93,2.21,4514,6018,6018,1,0.0
19.3875,-155.0497,7.41,1.73,4515,6019,6019,1,0.0
19.3152,-155.2172,4.8,1.8,4515,6020,6020,1,0.0
19.3308,-155.2018,6.4,2.2,4516,6021,6021,1,0.0
19.371,-155.0718,8.28,1.83,4513,6022,6022,1,0.0
19.2913,-155.2192,8.96,2.12,4513,6023,6023,1,0.0
19.3987,-155.2512,1.82,1.61,4514,6024,6024,1,0.0
19.4103,-155.4453,5.94,1.95,4510,6025,6025,1,0.0
19.3637,-155.0198,4.52,1.83,4510,6026,6026,1,0.0
19.2943,-155.3618,8.16,2.01,4511,6027,6027,1,0.0
19.3278,-155.1245,5.33,1.57,4512,6028,6028,1,0.0
19.4305,-155.4018,9.09,1.6,4512,6029,6029,1,0.0
19.4495,-155.497,7.54,1.67,4512,6030,6030,1,0.0
19.3683,-155.0512,3.37,1.52,4513,6031,6031,1,0.0
19.3498,-155.1025,8.34,3.09,4514,6032,6032,1,0.0
19.3187,-155.2288,4.91,1.6,4514,6033,6033,1,0.0
19.2897,-155.4955,9.87,2.14,4514,6034,6034,1,0.0
19.2257,-155.4643,6.98,1.89,4515,6035,6035,1,0.0
19.4248,-155.4885,9.0,1.69,4516,6036,6036,1,0.0
19.3635,-155.4775,10.16,1.74,4512,6037,6037,1,0.0
19.3972,-155.4273,10.81,1.66,4513,6038,6038,1,0.0
19.259,-155.38,6.61,2.07,4513,6039,6039,1,0.0
19.3897,-155.3417,10.81,1.9,4512,6040,6040,1,0.0
19.4277,-155.4852,8.52,1.98,4513,6041,6041,1,0.0
19.3265,-155.1208,7.03,2.05,4513,6042,6042,1,0.0
19.3877,-155.0195,7.88,1.82,4514,6043,6043,1,0.0
19.3232,-155.2495,5.75,1.91,4515,6044,6044,1,0.0
19.4047,-155.2878,1.3,1.89,4514,6045,6045,1,0.0
19.337,-155.1973,7.52,1.58,4511,6046,6046,1,0.0
19.3103,-155.408,10.95,1.56,4512,6047,6047,1,0.0
19.3478,-155.0428,7.02,1.85,4509,6048,6048,1,0.0
19.3687,-155.4433,10.28,2.0,4509,6049,6049,1,0.0
19.4043,-155.2912,2.0,2.26,4510,6050,6050,1,0.0
19.3472,-155.0412,7.8,2.25,4511,6051,6051,1,0.0
19.3358,-155.0988,7.33,2.26,4511,6052,6052,1,0.0
19.368,-155.486,10.06,1.58,4512,6053,6053,1,0.0
19.3245,-155.1908,6.27,1.59,4512,6054,6054,1,0.0
19.3477,-155.18,7.72,1.86,4513,6055,6055,1,0.0
19.3195,-155.44,9.77,2.62,4512,6056,6056,1,0.0
19.3012,-155.2795,8.87,2.25,4507,6057,6057,1,0.0
19.4123,-155.3197,5.55,1.55,4508,6058,6058,1,0.0
19.3307,-155.1015,8.16,1.87,4504,6059,6059,1,0.0
19.4273,-155.3298,6.72,1.55,4500,6060,6060,1,0.0
19.3708,-155.0212,7.29,2.23,4499,6061,6061,1,0.0
19.3558,-155.0808,8.95,3.31,4497,6062,6062,1,0.0
19.3523,-155.0485,8.59,3.66,4494,6063,6063,1,0.0
19.333,-155.2085,8.11,2.06,4495,6064,6064,1,0.0
19.3763,-155.0597,7.96,1.82,4495,6065,6065,1,0.0
19.3753,-155.0282,4.95,1.82,4496,6066,6066,1,0.0
19.325,-155.131,7.28,1.88,4469,6067,6067,1,0.0
19.4173,-155.2737,1.1,2.02,4381,6068,6068,1,0.0
19.4467,-155.5027,9.54,1.6,4278,6069,6069,1,0.0
19.4717,-155.448,2.2,2.53,4147,6070,6070,1,0.0
19.2925,-155.4727,7.08,1.54,4067,6071,6071,1,0.0
19.3265,-155.2365,8.09,2.2,4059,6072,6072,1,0.0
19.2658,-155.4147,9.39,1.63,4020,6073,6073,1,0.0
19.4513,-155.4972,9.15,2.59,4018,6074,6074,1,0.0
19.373,-155.3425,11.89,1.62,3983,6075,6075,1,0.0
19.3368,-155.182,8.46,1.57,3924,6076,6076,1,0.0
19.3317,-155.215,15.49,2.09,3909,6077,6077,1,0.0
19.3702,-155.0372,10.79,1.84,3889,6078,6078,1,0.0
19.2918,-155.2183,6.32,1.94,3866,6079,6079,1,0.0
19.319,-155.1897,9.26,1.9,3866,6080,6080,1,0.0
19.6198,-155.157,10.57,2.31,3862,6081,6081,1,0.0
19.3273,-155.1393,3.7,1.57,3847,6082,6082,1,0.0
19.6277,-155.1582,18.39,3.61,3831,6083,6083,1,0.0
19.2513,-155.4463,9.47,1.84,3827,6084,6084,1,0.0
19.3173,-155.2348,7.79,2.31,3828,6085,6085,1,0.0
19.3625,-155.0777,7.13,1.53,3815,6086,6086,1,0.0
19.3222,-155.214,1.46,2.29,3808,6087,6087,1,0.0
19.326,-155.2038,4.99,1.89,3808,6088,6088,1,0.0
19.3475,-155.2207,6.8,1.57,3793,6089,6089,1,0.0
19.369,-155.4587,10.8,1.66,3783,6090,6090,1,0.0
19.3232,-155.2757,6.87,1.92,3784,6091,6091,1,0.0
19.3757,-155.4937,9.67,2.99,3772,6092,6092,1,0.0
19.3783,-155.4963,7.75,1.56,3770,6093,6093,1,0.0
19.3728,-155.484,8.41,1.73,3764,6094,6094,1,0.0
19.2653,-155.4957,3.04,2.34,3765,6095,6095,1,0.0
19.3262,-155.1827,7.8,1.89,3766,6096,6096,1,0.0
19.3298,-155.192,8.76,2.19,3762,6097,6097,1,0.0
19.422,-155.4932,8.41,1.69,3754,6098,6098,1,0.0
19.3215,-155.201,5.57,1.51,3754,6099,6099,1,0.0
19.3957,-155.4537,10.64,2.72,3755,6100,6100,1,0.0
19.349,-155.4938,7.92,1.55,3756,6101,6101,1,0.0
19.3302,-155.2045,6.62,1.58,3753,6102,6102,1,0.0
19.2698,-155.4498,7.46,1.82,3753,6103,6103,1,0.0
19.3867,-155.51,7.53,2.05,3739,6104,6104,1,0.0
19.3332,-155.1108,7.33,1.57,3728,6105,6105,1,0.0
19.3168,-155.1883,4.18,1.59,3729,6106,6106,1,0.0
19.3153,-155.2708,7.53,1.63,3730,6107,6107,1,0.0
19.4095,-155.3298,6.83,1.56,3731,6108,6108,1,0.0
19.3273,-155.2015,7.73,1.59,3726,6109,6109,1,0.0
19.4467,-155.4787,9.28,1.66,3723,6110,6110,1,0.0
19.2998,-155.4335,9.19,2.59,3724,6111,6111,1,0.0
19.3533,-155.0967,8.21,2.8,3723,6112,6112,1,0.0
19.3245,-155.2,5.09,2.06,3722,6113,6113,1,0.0
19.3277,-155.144,2.52,1.87,3717,6114,6114,1,0.0
19.3082,-155.2588,6.78,1.93,3714,6115,6115,1,0.0
19.3387,-155.5085,3.72,2.51,3660,6116,6116,1,0.0
19.4362,-155.4982,10.17,2.29,3658,6117,6117,1,0.0
19.3518,-155.4995,9.35,3.35,3650,6118,6118,1,0.0
19.3463,-155.4983,9.96,2.02,3651,6119,6119,1,0.0
19.3965,-155.2613,3.14,1.78,3651,6120,6120,1,0.0
19.3333,-155.1983,7.23,1.58,3652,6121,6121,1,0.0
19.3373,-155.0622,6.31,1.56,3648,6122,6122,1,0.0
19.3437,-155.1752,8.69,1.57,3647,6123,6123,1,0.0
19.444,-155.4803,9.61,2.14,3644,6124,6124,1,0.0
19.3203,-155.2163,6.22,1.6,3643,6125,6125,1,0.0
19.3275,-155.2017,7.53,2.07,3643,6126,6126,1,0.0
19.4452,-155.4708,8.73,1.58,3636,6127,6127,1,0.0
19.3908,-155.4292,10.48,1.66,3636,6128,6128,1,0.0
19.3613,-155.075,7.71,2.14,3632,6129,6129,1,0.0
19.3635,-155.0235,4.16,1.83,3632,6130,6130,1,0.0
19.2385,-155.4948,10.93,1.91,3619,6131,6131,1,0.0
19.3495,-155.043,7.11,1.85,3614,6132,6132,1,0.0
19.3843,-155.4537,11.13,1.69,3612,6133,6133,1,0.0
19.3973,-155.1117,2.64,1.97,3611,6134,6134,1,0.0
19.3403,-155.1945,8.55,2.18,3612,6135,6135,1,0.0
19.3228,-155.135,8.04,1.58,3610,6136,6136,1,0.0
19.3202,-155.2032,9.81,3.13,3611,6137,6137,1,0.0
19.3162,-155.1988,6.27,1.6,3612,6138,6138,1,0.0
19.3483,-155.0437,7.37,2.15,3605,6139,6139,1,0.0
19.3303,-155.1902,8.66,1.58,3600,6140,6140,1,0.0
19.3245,-155.1963,5.88,1.59,3601,6141,6141,1,0.0
19.3415,-155.2287,7.7,1.58,3599,6142,6142,1,0.0
19.3385,-155.1862,7.32,1.87,3581,6143,6143,1,0.0
19.325,-155.1447,6.89,1.88,3582,6144,6144,1,0.0
19.4458,-155.473,9.78,1.59,3578,6145,6145,1,0.0
19.31,-155.2328,6.91,1.62,3579,6146,6146,1,0.0
19.422,-155.3267,7.12,1.55,3569,6147,6147,1,0.0
19.4218,-155.5063,9.17,2.11,3567,6148,6148,1,0.0
19.325,-155.1237,8.25,2.28,3560,6149,6149,1,0.0
19.4283,-155.3245,7.04,3.31,3556,6150,6150,1,0.0
19.4302,-155.3238,7.34,2.84,3556,6151,6151,1,0.0
19.4348,-155.3173,7.97,2.81,3555,6152,6152,1,0.0
19.4198,-155.3283,6.76,2.98,3556,6153,6153,1,0.0
19.4237,-155.3222,7.45,2.76,3557,6154,6154,1,0.0
19.4227,-155.3237,8.38,2.03,3558,6155,6155,1,0.0
19.426,-155.3213,8.16,2.02,3558,6156,6156,1,0.0
19.4262,-155.3217,6.83,1.54,3557,6157,6157,1,0.0
19.4213,-155.3248,6.61,1.85,3557,6158,6158,1,0.0
19.4233,-155.3163,8.87,1.55,3558,6159,6159,1,0.0
19.4812,-155.4195,4.14,1.57,3557,6160,6160,1,0.0
19.353,-155.2517,9.82,1.58,3554,6161,6161,1,0.0
19.328,-155.126,8.0,2.05,3555,6162,6162,1,0.0
19.3878,-155.3402,10.16,1.6,3551,6163,6163,1,0.0
19.3155,-155.2292,5.63,1.61,3550,6164,6164,1,0.0
19.4263,-155.317,7.63,1.72,3547,6165,6165,1,0.0
19.373,-155.4967,10.98,1.75,3548,6166,6166,1,0.0
19.3527,-155.0497,6.92,2.02,3549,6167,6167,1,0.0
19.2642,-155.5192,7.76,2.37,3549,6168,6168,1,0.0
19.3373,-155.214,7.19,1.58,3550,6169,6169,1,0.0
19.3257,-155.2023,5.55,1.59,3550,6170,6170,1,0.0
19.3022,-155.2407,7.67,2.11,3549,6171,6171,1,0.0
19.3472,-155.1368,8.55,2.03,3541,6172,6172,1,0.0
19.3223,-155.2007,6.68,1.59,3532,6173,6173,1,0.0
19.3175,-155.2227,7.49,2.31,3533,6174,6174,1,0.0
19.3272,-155.1153,6.89,1.87,3534,6175,6175,1,0.0
19.3433,-155.1027,6.89,1.85,3535,6176,6176,1,0.0
19.3327,-155.2138,8.09,2.06,3532,6177,6177,1,0.0
19.4345,-155.5115,11.4,1.71,3533,6178,6178,1,0.0
19.333,-155.2242,5.95,2.06,3534,6179,6179,1,0.0
19.4452,-155.4782,8.95,1.96,3533,6180,6180,1,0.0
19.3192,-155.1712,7.92,1.54,3534,6181,6181,1,0.0
19.3268,-155.3152,29.54,1.82,3530,6182,6182,1,0.0
19.2685,-155.3823,1.55,1.77,3521,6183,6183,1,0.0
19.3382,-155.3473,29.31,1.63,3522,6184,6184,1,0.0
19.348,-155.0438,6.08,1.85,3523,6185,6185,1,0.0
19.3842,-155.041,7.57,1.51,3524,6186,6186,1,0.0
19.4557,-155.4893,6.78,1.66,3522,6187,6187,1,0.0
19.3187,-155.2557,8.27,2.91,3521,6188,6188,1,0.0
19.335,-155.1943,7.12,2.05,3522,6189,6189,1,0.0
19.366,-155.0342,6.4,1.83,3523,6190,6190,1,0.0
19.3302,-155.1085,8.81,2.57,3511,6191,6191,1,0.0
19.378,-155.3437,10.43,1.61,3509,6192,6192,1,0.0
19.3648,-155.0722,9.09,1.84,3508,6193,6193,1,0.0
19.2358,-155.4358,8.19,1.85,3506,6194,6194,1,0.0
19.372,-155.4782,10.03,1.58,3497,6195,6195,1,0.0
19.4005,-155.2692,2.92,1.99,3497,6196,6196,1,0.0
19.3208,-155.1923,7.51,1.53,3497,6197,6197,1,0.0
19.343,-155.0445,6.41,1.86,3498,6198,6198,1,0.0
19.3342,-155.196,6.45,2.5,3496,6199,6199,1,0.0
19.3228,-155.1967,6.6,1.59,3497,6200,6200,1,0.0
19.3408,-155.1967,8.67,2.05,3493,6201,6201,1,0.0
19.3348,-155.1918,8.26,1.58,3493,6202,6202,1,0.0
19.4868,-155.4517,5.0,2.07,3494,6203,6203,1,0.0
19.295,-155.2205,7.02,1.69,3494,6204,6204,1,0.0
19.3947,-155.265,2.85,1.84,3494,6205,6205,1,0.0
19.533,-155.1238,25.67,2.79,3489,6206,6206,1,0.0
19.3958,-155.2582,3.81,2.53,3490,6207,6207,1,0.0
19.4608,-155.4573,9.24,1.59,3484,6208,6208,1,0.0
19.3657,-155.0807,8.47,2.31,3484,6209,6209,1,0.0
19.3263,-155.5123,9.89,2.29,3474,6210,6210,1,0.0
19.3907,-155.027,8.31,2.21,3470,6211,6211,1,0.0
19.324,-155.2102,5.96,1.59,3468,6212,6212,1,0.0
19.37,-155.4993,9.34,1.75,3462,6213,6213,1,0.0
19.3833,-155.0408,6.26,1.81,3462,6214,6214,1,0.0
19.4335,-155.4845,9.46,1.68,3462,6215,6215,1,0.0
19.3105,-155.2467,5.74,1.92,3457,6216,6216,1,0.0
19.4163,-155.2947,5.96,2.5,3455,6217,6217,1,0.0
19.4045,-155.2663,1.37,1.83,3456,6218,6218,1,0.0
19.3772,-155.31,0.43,1.57,3455,6219,6219,1,0.0
19.4285,-155.3582,10.91,1.88,3456,6220,6220,1,0.0
19.4448,-155.0363,4.91,2.63,3457,6221,6221,1,0.0
19.4922,-155.2643,10.02,1.77,3458,6222,6222,1,0.0
19.3028,-155.2203,5.42,1.62,3459,6223,6223,1,0.0
19.3713,-155.4805,10.01,3.09,3447,6224,6224,1,0.0
19.3147,-155.169,6.37,1.89,3439,6225,6225,1,0.0
19.3283,-155.1198,8.41,2.58,3427,6226,6226,1,0.0
19.478,-155.4238,2.14,2.05,3421,6227,6227,1,0.0
19.4005,-155.4522,9.67,1.97,3418,6228,6228,1,0.0
19.3427,-155.115,7.36,2.03,3417,6229,6229,1,0.0
19.306,-155.2225,6.54,1.62,3415,6230,6230,1,0.0
19.3208,-155.2565,7.67,1.92,3415,6231,6231,1,0.0
19.3265,-155.1348,8.82,2.42,3413,6232,6232,1,0.0
19.3302,-155.132,7.12,1.57,3414,6233,6233,1,0.0
19.3368,-155.0537,6.8,1.56,3409,6234,6234,1,0.0
19.3308,-155.1463,6.79,1.87,3407,6235,6235,1,0.0
19.2682,-155.4783,8.42,1.85,3404,6236,6236,1,0.0
19.3622,-155.482,3.86,1.66,3404,6237,6237,1,0.0
19.3252,-155.1907,6.14,1.89,3403,6238,6238,1,0.0
19.4562,-155.491,8.88,1.96,3403,6239,6239,1,0.0
19.3705,-155.475,9.72,3.05,3404,6240,6240,1,0.0
19.366,-155.2375,13.49,2.05,3404,6241,6241,1,0.0
19.4355,-155.479,6.52,1.96,3404,6242,6242,1,0.0
19.4745,-155.4468,3.62,1.9,3404,6243,6243,1,0.0
19.3245,-155.1207,7.66,1.88,3404,6244,6244,1,0.0
19.3623,-155.0438,3.66,1.83,3401,6245,6245,1,0.0
19.3683,-155.4788,10.25,2.21,3402,6246,6246,1,0.0
19.3235,-155.255,7.37,2.21,3402,6247,6247,1,0.0
19.3402,-155.1408,7.25,1.86,3400,6248,6248,1,0.0
19.3328,-155.1393,6.99,1.57,3401,6249,6249,1,0.0
19.399,-155.2603,3.02,2.66,3400,6250,6250,1,0.0
19.3972,-155.2678,3.02,1.63,3399,6251,6251,1,0.0
19.3153,-155.2513,5.17,1.62,3393,6252,6252,1,0.0
19.3317,-155.1347,6.84,1.57,3393,6253,6253,1,0.0
19.3292,-155.2063,8.02,1.59,3394,6254,6254,1,0.0
19.4408,-155.5043,10.26,1.69,3395,6255,6255,1,0.0
19.2838,-155.5023,8.25,1.85,3391,6256,6256,1,0.0
19.3288,-155.1335,7.69,2.65,3386,6257,6257,1,0.0
19.3635,-155.067,7.95,2.23,3386,6258,6258,1,0.0
19.3407,-155.2135,7.78,1.88,3386,6259,6259,1,0.0
19.299,-155.2195,6.99,1.93,3385,6260,6260,1,0.0
19.4798,-155.447,3.46,2.07,3386,6261,6261,1,0.0
19.3985,-155.2665,2.93,1.72,3387,6262,6262,1,0.0
19.4025,-155.2697,3.02,1.54,3388,6263,6263,1,0.0
19.4033,-155.269,3.2,1.63,3389,6264,6264,1,0.0
19.3617,-155.0773,6.84,2.01,3390,6265,6265,1,0.0
19.3963,-155.3648,10.67,1.61,3388,6266,6266,1,0.0
19.366,-155.081,8.34,2.31,3388,6267,6267,1,0.0
19.4998,-155.4877,3.95,1.62,3388,6268,6268,1,0.0
19.3838,-155.285,11.59,2.05,3387,6269,6269,1,0.0
19.3957,-155.5073,24.4,1.78,3387,6270,6270,1,0.0
19.4415,-155.3725,9.97,1.57,3383,6271,6271,1,0.0
19.4143,-155.3172,6.27,2.5,3384,6272,6272,1,0.0
19.4818,-155.4478,1.86,2.19,3381,6273,6273,1,0.0
19.3352,-155.2018,7.43,1.88,3381,6274,6274,1,0.0
19.3623,-155.0405,4.76,1.53,3377,6275,6275,1,0.0
19.3338,-155.205,7.33,2.06,3378,6276,6276,1,0.0
19.3312,-155.1808,6.81,1.88,3379,6277,6277,1,0.0
19.3508,-155.032,8.1,3.05,3380,6278,6278,1,0.0
19.3565,-155.0318,7.72,2.5,3381,6279,6279,1,0.0
19.3262,-155.1932,6.99,1.52,3382,6280,6280,1,0.0
19.236,-155.4612,10.7,2.18,3382,6281,6281,1,0.0
19.4165,-155.2632,14.65,1.85,3380,6282,6282,1,0.0
19.379,-155.2828,8.35,1.57,3380,6283,6283,1,0.0
19.3727,-155.012,7.84,2.13,3378,6284,6284,1,0.0
19.5383,-155.26,4.05,1.71,3379,6285,6285,1,0.0
19.3897,-155.2808,12.32,1.87,3379,6286,6286,1,0.0
19.3713,-155.0708,8.13,2.13,3380,6287,6287,1,0.0
19.4442,-155.2585,8.66,1.8,3381,6288,6288,1,0.0
19.3985,-155.2668,3.11,1.53,3380,6289,6289,1,0.0
19.401,-155.2697,3.0,2.69,3381,6290,6290,1,0.0
19.3,-155.2262,5.71,1.93,3381,6291,6291,1,0.0
19.3447,-155.2127,8.38,1.57,3382,6292,6292,1,0.0
19.4315,-155.497,9.7,1.99,3383,6293,6293,1,0.0
19.4278,-155.4975,8.93,2.27,3384,6294,6294,1,0.0
19.4367,-155.5105,9.42,2.0,3385,6295,6295,1,0.0
19.4287,-155.3225,7.59,1.55,3384,6296,6296,1,0.0
19.3733,-155.4982,9.64,2.54,3385,6297,6297,1,0.0
19.3158,-155.2507,8.32,1.62,3383,6298,6298,1,0.0
19.3138,-155.228,7.63,1.61,3383,6299,6299,1,0.0
19.3788,-155.0273,7.63,1.52,3381,6300,6300,1,0.0
19.3698,-155.0855,7.78,2.13,3381,6301,6301,1,0.0
19.3953,-155.2825,2.86,2.55,3382,6302,6302,1,0.0
19.2875,-155.2102,10.56,1.95,3383,6303,6303,1,0.0
19.3992,-155.0198,7.77,1.98,3383,6304,6304,1,0.0
19.418,-155.506,11.26,1.72,3384,6305,6305,1,0.0
19.464,-155.4703,10.31,2.34,3384,6306,6306,1,0.0
19.3853,-155.2475,29.23,3.24,3384,6307,6307,1,0.0
19.3377,-155.1968,8.51,2.57,3383,6308,6308,1,0.0
19.3877,-155.5107,8.98,2.22,3383,6309,6309,1,0.0
19.2892,-155.2158,6.86,1.94,3384,6310,6310,1,0.0
19.2862,-155.2178,6.76,1.64,3384,6311,6311,1,0.0
19.3422,-155.2002,8.28,2.55,3383,6312,6312,1,0.0
19.3023,-155.2188,9.24,2.1,3381,6313,6313,1,0.0
19.3068,-155.2165,3.5,1.61,3382,6314,6314,1,0.0
19.3572,-155.1258,8.25,2.14,3383,6315,6315,1,0.0
19.4325,-155.4838,8.54,1.67,3379,6316,6316,1,0.0
19.3478,-155.0825,7.11,2.15,3380,6317,6317,1,0.0
19.43,-155.357,10.12,1.87,3381,6318,6318,1,0.0
19.3225,-155.1275,8.92,2.06,3378,6319,6319,1,0.0
19.4523,-155.4318,8.04,1.61,3379,6320,6320,1,0.0
19.3227,-155.1755,6.57,1.89,3378,6321,6321,1,0.0
19.3207,-155.142,6.7,1.58,3379,6322,6322,1,0.0
19.4788,-155.4695,9.52,2.81,3379,6323,6323,1,0.0
19.3222,-155.213,10.33,3.51,3379,6324,6324,1,0.0
19.3235,-155.1962,5.26,1.85,3380,6325,6325,1,0.0
19.3238,-155.1202,7.16,2.05,3381,6326,6326,1,0.0
19.3257,-155.1232,7.4,1.57,3382,6327,6327,1,0.0
19.3685,-155.442,10.47,2.17,3382,6328,6328,1,0.0
19.3365,-155.2037,8.41,2.36,3382,6329,6329,1,0.0
19.3825,-155.051,8.11,1.82,3383,6330,6330,1,0.0
19.3247,-155.1318,8.87,2.67,3381,6331,6331,1,0.0
19.4582,-155.4005,11.46,2.62,3377,6332,6332,1,0.0
19.4867,-155.4473,6.27,2.29,3375,6333,6333,1,0.0
19.39,-155.3065,10.11,2.64,3376,6334,6334,1,0.0
19.482,-155.4408,5.85,2.61,3368,6335,6335,1,0.0
19.3378,-155.2153,7.56,2.53,3368,6336,6336,1,0.0
19.3563,-155.2178,8.12,2.34,3368,6337,6337,1,0.0
19.357,-155.0732,7.59,2.14,3369,6338,6338,1,0.0
19.3822,-155.013,6.6,2.37,3366,6339,6339,1,0.0
19.4707,-155.445,7.82,2.61,3366,6340,6340,1,0.0
19.2997,-155.4602,8.89,1.86,3366,6341,6341,1,0.0
19.3407,-155.215,9.07,3.99,3362,6342,6342,1,0.0
19.3325,-155.3152,29.15,1.64,3363,6343,6343,1,0.0
19.395,-155.2593,3.09,1.63,3364,6344,6344,1,0.0
19.3953,-155.4985,9.6,2.87,3365,6345,6345,1,0.0
19.2895,-155.2178,6.44,1.69,3366,6346,6346,1,0.0
19.4167,-155.2658,8.87,1.55,3366,6347,6347,1,0.0
19.3765,-155.4548,9.87,2.0,3367,6348,6348,1,0.0
19.3235,-155.5003,10.28,2.28,3366,6349,6349,1,0.0
19.3868,-155.2217,3.64,1.62,3363,6350,6350,1,0.0
19.4298,-155.2655,14.44,1.63,3363,6351,6351,1,0.0
19.3912,-155.2805,10.34,1.57,3364,6352,6352,1,0.0
19.4177,-155.2728,13.17,1.61,3365,6353,6353,1,0.0
19.4307,-155.2548,15.52,1.64,3366,6354,6354,1,0.0
19.4322,-155.2623,13.34,1.61,3367,6355,6355,1,0.0
19.4482,-155.2732,11.83,1.6,3368,6356,6356,1,0.0
19.4442,-155.2572,15.1,1.8,3369,6357,6357,1,0.0
19.4383,-155.2682,2.25,1.78,3370,6358,6358,1,0.0
19.405,-155.294,9.8,1.88,3371,6359,6359,1,0.0
19.4113,-155.247,15.47,1.63,3372,6360,6360,1,0.0
19.416,-155.2188,15.41,1.63,3373,6361,6361,1,0.0
19.4295,-155.2607,10.98,1.58,3374,6362,6362,1,0.0
19.3425,-155.1815,8.0,2.04,3375,6363,6363,1,0.0
19.4283,-155.2685,14.26,1.84,3376,6364,6364,1,0.0
19.371,-155.294,15.57,1.9,3371,6365,6365,1,0.0
19.3827,-155.2878,11.39,2.05,3372,6366,6366,1,0.0
19.3132,-155.2138,6.9,1.91,3373,6367,6367,1,0.0
19.3222,-155.1422,9.12,3.19,3374,6368,6368,1,0.0
19.3272,-155.146,7.98,2.68,3375,6369,6369,1,0.0
19.4252,-155.3173,14.64,1.8,3376,6370,6370,1,0.0
19.4667,-155.264,17.25,1.83,3377,6371,6371,1,0.0
19.3267,-155.1198,6.75,1.98,3377,6372,6372,1,0.0
19.3523,-155.1148,7.6,2.32,3342,6373,6373,1,0.0
19.5072,-155.3093,10.87,1.79,3343,6374,6374,1,0.0
19.3952,-155.2577,2.95,2.78,3341,6375,6375,1,0.0
19.4917,-155.4563,7.08,1.9,3342,6376,6376,1,0.0
19.3802,-155.4457,9.8,2.16,3343,6377,6377,1,0.0
19.2978,-155.2713,4.43,1.65,3344,6378,6378,1,0.0
19.3123,-155.2315,5.8,1.61,3345,6379,6379,1,0.0
19.3433,-155.1952,8.07,2.05,3345,6380,6380,1,0.0
19.3253,-155.1397,6.4,1.88,3346,6381,6381,1,0.0
19.3302,-155.1927,7.88,2.53,3345,6382,6382,1,0.0
19.3355,-155.1725,7.11,1.87,3341,6383,6383,1,0.0
19.3637,-155.0858,7.77,2.38,3342,6384,6384,1,0.0
19.3008,-155.2207,6.6,1.62,3341,6385,6385,1,0.0
19.3723,-155.0308,7.98,2.31,3340,6386,6386,1,0.0
19.4212,-155.3408,5.25,1.52,3340,6387,6387,1,0.0
19.3202,-155.1427,6.38,1.58,3341,6388,6388,1,0.0
19.4055,-155.325,6.12,2.87,3342,6389,6389,1,0.0
19.3812,-155.0382,8.05,2.12,3342,6390,6390,1,0.0
19.4985,-155.4973,3.41,1.63,3340,6391,6391,1,0.0
19.3093,-155.2215,6.66,1.86,3340,6392,6392,1,0.0
19.3207,-155.2567,7.56,1.92,3331,6393,6393,1,0.0
19.3278,-155.1913,5.97,1.56,3322,6394,6394,1,0.0
19.3238,-155.2037,7.93,2.6,3323,6395,6395,1,0.0
19.6042,-155.349,6.94,1.75,3324,6396,6396,1,0.0
19.4728,-155.4475,6.87,2.56,3324,6397,6397,1,0.0
19.3965,-155.2673,2.98,2.01,3322,6398,6398,1,0.0
19.3353,-155.1982,8.93,2.85,3323,6399,6399,1,0.0
19.3395,-155.2172,8.4,2.81,3323,6400,6400,1,0.0
19.3242,-155.4992,10.39,2.11,3324,6401,6401,1,0.0
19.3672,-155.076,7.86,2.73,3324,6402,6402,1,0.0
19.321,-155.1632,7.24,1.59,3325,6403,6403,1,0.0
19.3438,-155.2087,9.03,1.88,3323,6404,6404,1,0.0
19.3587,-155.0378,8.1,3.6,3321,6405,6405,1,0.0
19.3008,-155.2193,7.59,1.63,3322,6406,6406,1,0.0
19.3102,-155.2172,8.43,1.61,3320,6407,6407,1,0.0
19.5957,-155.0912,25.42,2.66,3317,6408,6408,1,0.0
19.45,-155.36,1.88,2.02,3317,6409,6409,1,0.0
19.4502,-155.3657,1.21,1.85,3318,6410,6410,1,0.0
19.3278,-155.145,6.2,1.63,3319,6411,6411,1,0.0
19.3273,-155.1477,5.87,1.87,3320,6412,6412,1,0.0
19.3968,-155.2618,3.24,1.53,3321,6413,6413,1,0.0
19.4485,-155.3557,2.2,2.67,3322,6414,6414,1,0.0
19.4478,-155.3543,2.05,2.67,3323,6415,6415,1,0.0
19.3137,-155.2218,9.21,3.21,3324,6416,6416,1,0.0
19.3143,-155.2247,8.09,2.09,3325,6417,6417,1,0.0
19.4522,-155.3582,1.8,1.54,3326,6418,6418,1,0.0
19.3057,-155.222,9.38,2.5,3326,6419,6419,1,0.0
19.4782,-155.4533,1.71,1.6,3324,6420,6420,1,0.0
19.5038,-155.0948,19.42,1.78,3325,6421,6421,1,0.0
19.3837,-155.3153,13.01,1.89,3326,6422,6422,1,0.0
19.3205,-155.3103,20.3,1.68,3327,6423,6423,1,0.0
19.3293,-155.3637,19.04,2.5,3327,6424,6424,1,0.0
19.4377,-155.2508,27.06,1.68,3328,6425,6425,1,0.0
19.5292,-155.2772,28.06,1.59,3329,6426,6426,1,0.0
19.3547,-155.2853,11.48,1.6,3330,6427,6427,1,0.0
19.2907,-155.354,6.89,1.71,3331,6428,6428,1,0.0
19.4882,-155.0453,6.68,1.71,3331,6429,6429,1,0.0
19.3983,-155.2828,16.58,1.58,3332,6430,6430,1,0.0
19.4845,-155.4395,7.54,2.91,3333,6431,6431,1,0.0
19.418,-155.2805,13.24,1.55,3334,6432,6432,1,0.0
19.4097,-155.2977,11.84,1.56,3335,6433,6433,1,0.0
19.4063,-155.2485,17.79,1.56,3336,6434,6434,1,0.0
19.4097,-155.2815,12.47,1.55,3337,6435,6435,1,0.0
19.3967,-155.2797,17.55,1.58,3338,6436,6436,1,0.0
19.4012,-155.2885,13.71,1.57,3339,6437,6437,1,0.0
19.405,-155.3138,18.61,1.6,3340,6438,6438,1,0.0
19.4108,-155.3318,17.27,1.9,3341,6439,6439,1,0.0
19.3747,-155.2838,19.2,1.61,3342,6440,6440,1,0.0
19.4055,-155.254,16.96,1.61,3343,6441,6441,1,0.0
19.3387,-155.0388,5.79,3.2,3344,6442,6442,1,0.0
19.3867,-155.022,7.47,1.82,3345,6443,6443,1,0.0
19.3353,-155.199,7.72,1.58,3346,6444,6444,1,0.0
19.3278,-155.1158,6.57,1.87,3344,6445,6445,1,0.0
19.3243,-155.2243,8.75,1.9,3345,6446,6446,1,0.0
19.4302,-155.323,5.83,1.54,3346,6447,6447,1,0.0
19.3193,-155.44,10.17,2.05,3346,6448,6448,1,0.0
19.3088,-155.2622,7.05,1.93,3342,6449,6449,1,0.0
19.328,-155.1987,8.77,2.63,3343,6450,6450,1,0.0
19.4265,-155.3293,8.13,1.55,3343,6451,6451,1,0.0
19.4548,-155.4948,9.42,1.66,3339,6452,6452,1,0.0
19.3325,-155.193,7.64,2.18,3340,6453,6453,1,0.0
19.4657,-155.446,2.78,2.08,3340,6454,6454,1,0.0
19.3793,-155.505,10.91,1.75,3336,6455,6455,1,0.0
19.3722,-155.0653,8.16,2.22,3334,6456,6456,1,0.0
19.3047,-155.2517,5.42,1.93,3332,6457,6457,1,0.0
19.4433,-155.5018,9.34,1.69,3329,6458,6458,1,0.0
19.4798,-155.4502,1.91,2.07,3330,6459,6459,1,0.0
19.3648,-155.0808,7.86,2.43,3326,6460,6460,1,0.0
19.426,-155.2842,14.04,1.55,3324,6461,6461,1,0.0
19.311,-155.2585,6.02,1.63,3321,6462,6462,1,0.0
19.3583,-155.0745,8.81,2.32,3321,6463,6463,1,0.0
19.423,-155.2785,20.61,1.58,3322,6464,6464,1,0.0
19.389,-155.0408,7.83,1.99,3323,6465,6465,1,0.0
19.4202,-155.265,14.99,1.55,3324,6466,6466,1,0.0
19.427,-155.4893,9.37,1.99,3325,6467,6467,1,0.0
19.4055,-155.266,15.04,1.56,3326,6468,6468,1,0.0
19.34,-155.0632,7.02,2.5,3316,6469,6469,1,0.0
19.3505,-155.0215,7.45,2.4,3317,6470,6470,1,0.0
19.3438,-155.0685,6.94,2.56,3318,6471,6471,1,0.0
19.4293,-155.3265,3.87,1.54,3319,6472,6472,1,0.0
19.3767,-155.4407,9.48,2.38,3315,6473,6473,1,0.0
19.4578,-155.4833,9.61,2.13,3314,6474,6474,1,0.0
19.3393,-155.1888,7.05,2.05,3315,6475,6475,1,0.0
19.3303,-155.199,7.82,1.58,3316,6476,6476,1,0.0
19.5285,-155.2155,22.91,1.82,3317,6477,6477,1,0.0
19.4895,-155.1682,18.49,1.79,3318,6478,6478,1,0.0
19.4158,-155.2352,22.26,1.88,3319,6479,6479,1,0.0
19.3607,-155.302,12.43,1.91,3320,6480,6480,1,0.0
19.4293,-155.2362,18.28,1.55,3321,6481,6481,1,0.0
19.3692,-155.2317,21.2,1.61,3321,6482,6482,1,0.0
19.3442,-155.1078,0.03,1.85,3321,6483,6483,1,0.0
19.3553,-155.0978,5.45,1.84,3321,6484,6484,1,0.0
